﻿{"data":[{"ChildObjects":[{"ObjectIdentifier":"A47AD16F-EFDC-4CC4-B906-62622C7AB3F3","ObjectType":"Container"},{"ObjectIdentifier":"C9722905-C579-4F28-8D07-8CF899535004","ObjectType":"OU"},{"ObjectIdentifier":"41AFF534-D8A8-486C-8CD6-BEE689C75002","ObjectType":"Container"},{"ObjectIdentifier":"92A06030-1CB0-4D9B-A3C7-EC13F6BFADF6","ObjectType":"Container"},{"ObjectIdentifier":"52147876-E360-45E8-839B-59AE42692C60","ObjectType":"OU"},{"ObjectIdentifier":"16DDC385-4532-4EE5-8601-93D5DA075711","ObjectType":"Container"},{"ObjectIdentifier":"74C48007-75E6-43AC-B1B4-D29C5BD4698E","ObjectType":"OU"},{"ObjectIdentifier":"EF5B5290-F3A7-4530-BC63-9EE4941B9EF7","ObjectType":"OU"},{"ObjectIdentifier":"F9CB5013-DDF1-461E-8716-F148F22F394A","ObjectType":"Container"}],"Trusts":[],"Links":[{"IsEnforced":false,"GUID":"46A163EA-AE95-423F-966B-B43911EB0C58"}],"Aces":[{"PrincipalSID":"PRIME.PRI-S-1-5-32-544","PrincipalType":"Group","RightName":"Owns","IsInherited":false},{"PrincipalSID":"PRIME.PRI-S-1-5-32-544","PrincipalType":"Group","RightName":"WriteDacl","IsInherited":false},{"PrincipalSID":"PRIME.PRI-S-1-5-32-544","PrincipalType":"Group","RightName":"WriteOwner","IsInherited":false},{"PrincipalSID":"PRIME.PRI-S-1-5-32-544","PrincipalType":"Group","RightName":"AllExtendedRights","IsInherited":false},{"PrincipalSID":"S-1-5-21-2710360183-3931155306-2783742369-512","PrincipalType":"Group","RightName":"WriteDacl","IsInherited":false},{"PrincipalSID":"S-1-5-21-2710360183-3931155306-2783742369-512","PrincipalType":"Group","RightName":"WriteOwner","IsInherited":false},{"PrincipalSID":"S-1-5-21-2710360183-3931155306-2783742369-512","PrincipalType":"Group","RightName":"AllExtendedRights","IsInherited":false},{"PrincipalSID":"S-1-5-21-2710360183-3931155306-2783742369-519","PrincipalType":"Group","RightName":"GenericAll","IsInherited":false},{"PrincipalSID":"PRIME.PRI-S-1-5-9","PrincipalType":"Group","RightName":"GetChanges","IsInherited":false},{"PrincipalSID":"PRIME.PRI-S-1-5-32-544","PrincipalType":"Group","RightName":"GetChanges","IsInherited":false},{"PrincipalSID":"PRIME.PRI-S-1-5-32-544","PrincipalType":"Group","RightName":"GetChangesAll","IsInherited":false},{"PrincipalSID":"S-1-5-21-2710360183-3931155306-2783742369-498","PrincipalType":"Group","RightName":"GetChanges","IsInherited":false},{"PrincipalSID":"S-1-5-21-2710360183-3931155306-2783742369-516","PrincipalType":"Group","RightName":"GetChangesAll","IsInherited":false},{"PrincipalSID":"S-1-5-21-2710360183-3931155306-2783742369-3181","PrincipalType":"User","RightName":"GetChangesAll","IsInherited":false},{"PrincipalSID":"S-1-5-21-2710360183-3931155306-2783742369-3181","PrincipalType":"User","RightName":"GetChanges","IsInherited":false}],"ObjectIdentifier":"S-1-5-21-2710360183-3931155306-2783742369","IsDeleted":false,"IsACLProtected":false,"GPOChanges":{"LocalAdmins":[],"RemoteDesktopUsers":[],"DcomUsers":[],"PSRemoteUsers":[],"AffectedComputers":[]},"Properties":{"domain":"PRIME.PRI","name":"PRIME.PRI","distinguishedname":"DC=PRIME,DC=PRI","domainsid":"S-1-5-21-2710360183-3931155306-2783742369","highvalue":true,"description":null,"whencreated":1636119852,"functionallevel":"2016"}}],"meta":{"methods":29675,"type":"domains","count":1,"version":4}}