﻿{"data":[{"Aces":[{"PrincipalSID":"S-1-5-21-2710360183-3931155306-2783742369-512","PrincipalType":"Group","RightName":"Owns","IsInherited":false},{"PrincipalSID":"S-1-5-21-2710360183-3931155306-2783742369-512","PrincipalType":"Group","RightName":"WriteDacl","IsInherited":false},{"PrincipalSID":"S-1-5-21-2710360183-3931155306-2783742369-512","PrincipalType":"Group","RightName":"WriteOwner","IsInherited":false},{"PrincipalSID":"S-1-5-21-2710360183-3931155306-2783742369-512","PrincipalType":"Group","RightName":"GenericWrite","IsInherited":false},{"PrincipalSID":"S-1-5-21-2710360183-3931155306-2783742369-519","PrincipalType":"Group","RightName":"WriteDacl","IsInherited":false},{"PrincipalSID":"S-1-5-21-2710360183-3931155306-2783742369-519","PrincipalType":"Group","RightName":"WriteOwner","IsInherited":false},{"PrincipalSID":"S-1-5-21-2710360183-3931155306-2783742369-519","PrincipalType":"Group","RightName":"GenericWrite","IsInherited":false}],"ObjectIdentifier":"EEBB18A7-FFC0-46CE-9AB7-6C97991B6E35","IsDeleted":false,"IsACLProtected":true,"Properties":{"domain":"PRIME.PRI","name":"CLIENT_PUSH_INSTALLATION@PRIME.PRI","distinguishedname":"CN={168E7699-0C34-403A-94FA-ED014474FDEF},CN=POLICIES,CN=SYSTEM,DC=PRIME,DC=PRI","domainsid":"S-1-5-21-2710360183-3931155306-2783742369","highvalue":false,"description":null,"whencreated":1639233668,"gpcpath":"\\\\PRIME.PRI\\SYSVOL\\PRIME.PRI\\POLICIES\\{168E7699-0C34-403A-94FA-ED014474FDEF}"}},{"Aces":[{"PrincipalSID":"S-1-5-21-2710360183-3931155306-2783742369-512","PrincipalType":"Group","RightName":"Owns","IsInherited":false},{"PrincipalSID":"S-1-5-21-2710360183-3931155306-2783742369-512","PrincipalType":"Group","RightName":"WriteDacl","IsInherited":false},{"PrincipalSID":"S-1-5-21-2710360183-3931155306-2783742369-512","PrincipalType":"Group","RightName":"WriteOwner","IsInherited":false},{"PrincipalSID":"S-1-5-21-2710360183-3931155306-2783742369-512","PrincipalType":"Group","RightName":"GenericWrite","IsInherited":false},{"PrincipalSID":"S-1-5-21-2710360183-3931155306-2783742369-519","PrincipalType":"Group","RightName":"WriteDacl","IsInherited":false},{"PrincipalSID":"S-1-5-21-2710360183-3931155306-2783742369-519","PrincipalType":"Group","RightName":"WriteOwner","IsInherited":false},{"PrincipalSID":"S-1-5-21-2710360183-3931155306-2783742369-519","PrincipalType":"Group","RightName":"GenericWrite","IsInherited":false}],"ObjectIdentifier":"1441CFF6-9896-4570-AC18-8364B3F57892","IsDeleted":false,"IsACLProtected":true,"Properties":{"domain":"PRIME.PRI","name":"LOCAL-ADMIN@PRIME.PRI","distinguishedname":"CN={C88F5F67-5E9E-4A90-9569-3163C428A296},CN=POLICIES,CN=SYSTEM,DC=PRIME,DC=PRI","domainsid":"S-1-5-21-2710360183-3931155306-2783742369","highvalue":false,"description":null,"whencreated":1639233240,"gpcpath":"\\\\PRIME.PRI\\SYSVOL\\PRIME.PRI\\POLICIES\\{C88F5F67-5E9E-4A90-9569-3163C428A296}"}},{"Aces":[{"PrincipalSID":"S-1-5-21-2710360183-3931155306-2783742369-512","PrincipalType":"Group","RightName":"Owns","IsInherited":false},{"PrincipalSID":"S-1-5-21-2710360183-3931155306-2783742369-512","PrincipalType":"Group","RightName":"WriteDacl","IsInherited":false},{"PrincipalSID":"S-1-5-21-2710360183-3931155306-2783742369-512","PrincipalType":"Group","RightName":"WriteOwner","IsInherited":false},{"PrincipalSID":"S-1-5-21-2710360183-3931155306-2783742369-512","PrincipalType":"Group","RightName":"GenericWrite","IsInherited":false},{"PrincipalSID":"S-1-5-21-2710360183-3931155306-2783742369-512","PrincipalType":"Group","RightName":"WriteDacl","IsInherited":false},{"PrincipalSID":"S-1-5-21-2710360183-3931155306-2783742369-512","PrincipalType":"Group","RightName":"WriteOwner","IsInherited":false},{"PrincipalSID":"S-1-5-21-2710360183-3931155306-2783742369-512","PrincipalType":"Group","RightName":"GenericWrite","IsInherited":false},{"PrincipalSID":"S-1-5-21-2710360183-3931155306-2783742369-519","PrincipalType":"Group","RightName":"WriteDacl","IsInherited":false},{"PrincipalSID":"S-1-5-21-2710360183-3931155306-2783742369-519","PrincipalType":"Group","RightName":"WriteOwner","IsInherited":false},{"PrincipalSID":"S-1-5-21-2710360183-3931155306-2783742369-519","PrincipalType":"Group","RightName":"GenericWrite","IsInherited":false}],"ObjectIdentifier":"2A606850-0C3E-4CEE-8D8E-929DE9AE9DC4","IsDeleted":false,"IsACLProtected":true,"Properties":{"domain":"PRIME.PRI","name":"DEFAULT DOMAIN CONTROLLERS POLICY@PRIME.PRI","distinguishedname":"CN={6AC1786C-016F-11D2-945F-00C04FB984F9},CN=POLICIES,CN=SYSTEM,DC=PRIME,DC=PRI","domainsid":"S-1-5-21-2710360183-3931155306-2783742369","highvalue":false,"description":null,"whencreated":1636119858,"gpcpath":"\\\\PRIME.PRI\\SYSVOL\\PRIME.PRI\\POLICIES\\{6AC1786C-016F-11D2-945F-00C04FB984F9}"}},{"Aces":[{"PrincipalSID":"S-1-5-21-2710360183-3931155306-2783742369-512","PrincipalType":"Group","RightName":"Owns","IsInherited":false},{"PrincipalSID":"S-1-5-21-2710360183-3931155306-2783742369-512","PrincipalType":"Group","RightName":"WriteDacl","IsInherited":false},{"PrincipalSID":"S-1-5-21-2710360183-3931155306-2783742369-512","PrincipalType":"Group","RightName":"WriteOwner","IsInherited":false},{"PrincipalSID":"S-1-5-21-2710360183-3931155306-2783742369-512","PrincipalType":"Group","RightName":"GenericWrite","IsInherited":false},{"PrincipalSID":"S-1-5-21-2710360183-3931155306-2783742369-519","PrincipalType":"Group","RightName":"WriteDacl","IsInherited":false},{"PrincipalSID":"S-1-5-21-2710360183-3931155306-2783742369-519","PrincipalType":"Group","RightName":"WriteOwner","IsInherited":false},{"PrincipalSID":"S-1-5-21-2710360183-3931155306-2783742369-519","PrincipalType":"Group","RightName":"GenericWrite","IsInherited":false}],"ObjectIdentifier":"8C745559-06CE-4791-900B-06106AA3DF28","IsDeleted":false,"IsACLProtected":true,"Properties":{"domain":"PRIME.PRI","name":"WINRM@PRIME.PRI","distinguishedname":"CN={49ED9E68-DC9D-4E99-B1F3-1700008B560D},CN=POLICIES,CN=SYSTEM,DC=PRIME,DC=PRI","domainsid":"S-1-5-21-2710360183-3931155306-2783742369","highvalue":false,"description":null,"whencreated":1647005007,"gpcpath":"\\\\PRIME.PRI\\SYSVOL\\PRIME.PRI\\POLICIES\\{49ED9E68-DC9D-4E99-B1F3-1700008B560D}"}},{"Aces":[{"PrincipalSID":"S-1-5-21-2710360183-3931155306-2783742369-512","PrincipalType":"Group","RightName":"Owns","IsInherited":false},{"PrincipalSID":"S-1-5-21-2710360183-3931155306-2783742369-512","PrincipalType":"Group","RightName":"WriteDacl","IsInherited":false},{"PrincipalSID":"S-1-5-21-2710360183-3931155306-2783742369-512","PrincipalType":"Group","RightName":"WriteOwner","IsInherited":false},{"PrincipalSID":"S-1-5-21-2710360183-3931155306-2783742369-512","PrincipalType":"Group","RightName":"GenericWrite","IsInherited":false},{"PrincipalSID":"S-1-5-21-2710360183-3931155306-2783742369-512","PrincipalType":"Group","RightName":"WriteDacl","IsInherited":false},{"PrincipalSID":"S-1-5-21-2710360183-3931155306-2783742369-512","PrincipalType":"Group","RightName":"WriteOwner","IsInherited":false},{"PrincipalSID":"S-1-5-21-2710360183-3931155306-2783742369-512","PrincipalType":"Group","RightName":"GenericWrite","IsInherited":false},{"PrincipalSID":"S-1-5-21-2710360183-3931155306-2783742369-519","PrincipalType":"Group","RightName":"WriteDacl","IsInherited":false},{"PrincipalSID":"S-1-5-21-2710360183-3931155306-2783742369-519","PrincipalType":"Group","RightName":"WriteOwner","IsInherited":false},{"PrincipalSID":"S-1-5-21-2710360183-3931155306-2783742369-519","PrincipalType":"Group","RightName":"GenericWrite","IsInherited":false}],"ObjectIdentifier":"46A163EA-AE95-423F-966B-B43911EB0C58","IsDeleted":false,"IsACLProtected":true,"Properties":{"domain":"PRIME.PRI","name":"DEFAULT DOMAIN POLICY@PRIME.PRI","distinguishedname":"CN={31B2F340-016D-11D2-945F-00C04FB984F9},CN=POLICIES,CN=SYSTEM,DC=PRIME,DC=PRI","domainsid":"S-1-5-21-2710360183-3931155306-2783742369","highvalue":false,"description":null,"whencreated":1636119858,"gpcpath":"\\\\PRIME.PRI\\SYSVOL\\PRIME.PRI\\POLICIES\\{31B2F340-016D-11D2-945F-00C04FB984F9}"}}],"meta":{"methods":29675,"type":"gpos","count":5,"version":4}}