{"data":[{"Properties":{"domain":"PRIME.PRI","name":"DC01.PRIME.PRI","distinguishedname":"CN=DC01,OU=DOMAIN CONTROLLERS,DC=PRIME,DC=PRI","domainsid":"S-1-5-21-345011741-158834545-1476274505","samaccountname":"DC01$","haslaps":false,"isaclprotected":false,"whencreated":1726070216,"enabled":true,"unconstraineddelegation":true,"trustedtoauth":false,"isdc":true,"encryptedtextpwdallowed":false,"usedeskeyonly":false,"logonscriptenabled":false,"lockedout":false,"passwordexpired":false,"supportedencryptiontypes":["RC4-HMAC-MD5","AES128-CTS-HMAC-SHA1-96","AES256-CTS-HMAC-SHA1-96"],"lastlogon":1739026809,"lastlogontimestamp":1739025693,"pwdlastset":1739025681,"serviceprincipalnames":["Dfsr-12F9A27C-BF97-4787-9364-D31B6C55EB04/dc01.prime.pri","ldap/dc01.prime.pri/ForestDnsZones.prime.pri","ldap/dc01.prime.pri/DomainDnsZones.prime.pri","DNS/dc01.prime.pri","GC/dc01.prime.pri/prime.pri","RestrictedKrbHost/dc01.prime.pri","RestrictedKrbHost/DC01","RPC/c33b6c4c-6728-47af-af6c-70e75cf40804._msdcs.prime.pri","HOST/DC01/PRIME","HOST/dc01.prime.pri/PRIME","HOST/DC01","HOST/dc01.prime.pri","HOST/dc01.prime.pri/prime.pri","E3514235-4B06-11D1-AB04-00C04FC2DCD2/c33b6c4c-6728-47af-af6c-70e75cf40804/prime.pri","ldap/DC01/PRIME","ldap/c33b6c4c-6728-47af-af6c-70e75cf40804._msdcs.prime.pri","ldap/dc01.prime.pri/PRIME","ldap/DC01","ldap/dc01.prime.pri","ldap/dc01.prime.pri/prime.pri"],"email":null,"useraccountcontrol":532480,"operatingsystem":"Windows Server 2022 Datacenter","sidhistory":[]},"PrimaryGroupSID":"S-1-5-21-345011741-158834545-1476274505-516","AllowedToDelegate":[],"AllowedToAct":[],"HasSIDHistory":[],"DumpSMSAPassword":[],"Sessions":{"Results":[],"Collected":true,"FailureReason":null},"PrivilegedSessions":{"Results":[{"UserSID":"S-1-5-21-345011741-158834545-1476274505-500","ComputerSID":"S-1-5-21-345011741-158834545-1476274505-1000"}],"Collected":true,"FailureReason":null},"RegistrySessions":{"Results":[{"UserSID":"S-1-5-21-345011741-158834545-1476274505-500","ComputerSID":"S-1-5-21-345011741-158834545-1476274505-1000"}],"Collected":true,"FailureReason":null},"LocalGroups":[{"ObjectIdentifier":"PRIME.PRI-S-1-5-32-549","Name":"IGNOREME","Results":[],"LocalNames":[],"Collected":true,"FailureReason":null},{"ObjectIdentifier":"PRIME.PRI-S-1-5-32-548","Name":"IGNOREME","Results":[],"LocalNames":[],"Collected":true,"FailureReason":null},{"ObjectIdentifier":"PRIME.PRI-S-1-5-32-554","Name":"IGNOREME","Results":[{"ObjectIdentifier":"PRIME.PRI-S-1-5-11","ObjectType":"Group"}],"LocalNames":[],"Collected":true,"FailureReason":null},{"ObjectIdentifier":"PRIME.PRI-S-1-5-32-557","Name":"IGNOREME","Results":[],"LocalNames":[],"Collected":true,"FailureReason":null},{"ObjectIdentifier":"PRIME.PRI-S-1-5-32-560","Name":"IGNOREME","Results":[{"ObjectIdentifier":"PRIME.PRI-S-1-5-9","ObjectType":"Group"}],"LocalNames":[],"Collected":true,"FailureReason":null},{"ObjectIdentifier":"PRIME.PRI-S-1-5-32-561","Name":"IGNOREME","Results":[],"LocalNames":[],"Collected":true,"FailureReason":null},{"ObjectIdentifier":"PRIME.PRI-S-1-5-32-544","Name":"IGNOREME","Results":[{"ObjectIdentifier":"S-1-5-21-345011741-158834545-1476274505-500","ObjectType":"User"},{"ObjectIdentifier":"S-1-5-21-345011741-158834545-1476274505-519","ObjectType":"Group"},{"ObjectIdentifier":"S-1-5-21-345011741-158834545-1476274505-512","ObjectType":"Group"}],"LocalNames":[],"Collected":true,"FailureReason":null},{"ObjectIdentifier":"PRIME.PRI-S-1-5-32-545","Name":"IGNOREME","Results":[{"ObjectIdentifier":"PRIME.PRI-S-1-5-11","ObjectType":"Group"},{"ObjectIdentifier":"S-1-5-21-345011741-158834545-1476274505-513","ObjectType":"Group"}],"LocalNames":[],"Collected":true,"FailureReason":null},{"ObjectIdentifier":"PRIME.PRI-S-1-5-32-546","Name":"IGNOREME","Results":[{"ObjectIdentifier":"S-1-5-21-345011741-158834545-1476274505-501","ObjectType":"User"},{"ObjectIdentifier":"S-1-5-21-345011741-158834545-1476274505-514","ObjectType":"Group"}],"LocalNames":[],"Collected":true,"FailureReason":null},{"ObjectIdentifier":"PRIME.PRI-S-1-5-32-550","Name":"IGNOREME","Results":[],"LocalNames":[],"Collected":true,"FailureReason":null},{"ObjectIdentifier":"PRIME.PRI-S-1-5-32-551","Name":"IGNOREME","Results":[],"LocalNames":[],"Collected":true,"FailureReason":null},{"ObjectIdentifier":"PRIME.PRI-S-1-5-32-552","Name":"IGNOREME","Results":[],"LocalNames":[],"Collected":true,"FailureReason":null},{"ObjectIdentifier":"PRIME.PRI-S-1-5-32-555","Name":"IGNOREME","Results":[],"LocalNames":[],"Collected":true,"FailureReason":null},{"ObjectIdentifier":"PRIME.PRI-S-1-5-32-556","Name":"IGNOREME","Results":[],"LocalNames":[],"Collected":true,"FailureReason":null},{"ObjectIdentifier":"PRIME.PRI-S-1-5-32-558","Name":"IGNOREME","Results":[],"LocalNames":[],"Collected":true,"FailureReason":null},{"ObjectIdentifier":"PRIME.PRI-S-1-5-32-559","Name":"IGNOREME","Results":[],"LocalNames":[],"Collected":true,"FailureReason":null},{"ObjectIdentifier":"PRIME.PRI-S-1-5-32-562","Name":"IGNOREME","Results":[],"LocalNames":[],"Collected":true,"FailureReason":null},{"ObjectIdentifier":"PRIME.PRI-S-1-5-32-568","Name":"IGNOREME","Results":[{"ObjectIdentifier":"PRIME.PRI-S-1-5-17","ObjectType":"User"}],"LocalNames":[],"Collected":true,"FailureReason":null},{"ObjectIdentifier":"PRIME.PRI-S-1-5-32-569","Name":"IGNOREME","Results":[],"LocalNames":[],"Collected":true,"FailureReason":null},{"ObjectIdentifier":"PRIME.PRI-S-1-5-32-573","Name":"IGNOREME","Results":[],"LocalNames":[],"Collected":true,"FailureReason":null},{"ObjectIdentifier":"PRIME.PRI-S-1-5-32-574","Name":"IGNOREME","Results":[],"LocalNames":[],"Collected":true,"FailureReason":null},{"ObjectIdentifier":"PRIME.PRI-S-1-5-32-575","Name":"IGNOREME","Results":[],"LocalNames":[],"Collected":true,"FailureReason":null},{"ObjectIdentifier":"PRIME.PRI-S-1-5-32-576","Name":"IGNOREME","Results":[],"LocalNames":[],"Collected":true,"FailureReason":null},{"ObjectIdentifier":"PRIME.PRI-S-1-5-32-577","Name":"IGNOREME","Results":[],"LocalNames":[],"Collected":true,"FailureReason":null},{"ObjectIdentifier":"PRIME.PRI-S-1-5-32-578","Name":"IGNOREME","Results":[],"LocalNames":[],"Collected":true,"FailureReason":null},{"ObjectIdentifier":"PRIME.PRI-S-1-5-32-579","Name":"IGNOREME","Results":[],"LocalNames":[],"Collected":true,"FailureReason":null},{"ObjectIdentifier":"PRIME.PRI-S-1-5-32-580","Name":"IGNOREME","Results":[],"LocalNames":[],"Collected":true,"FailureReason":null},{"ObjectIdentifier":"PRIME.PRI-S-1-5-32-582","Name":"IGNOREME","Results":[],"LocalNames":[],"Collected":true,"FailureReason":null}],"UserRights":[{"Privilege":"SeRemoteInteractiveLogonRight","Results":[{"ObjectIdentifier":"PRIME.PRI-S-1-5-32-544","ObjectType":"Group"}],"LocalNames":[],"Collected":true,"FailureReason":null}],"DCRegistryData":{"CertificateMappingMethods":{"Value":-1,"Collected":true,"FailureReason":null},"StrongCertificateBindingEnforcement":{"Value":-1,"Collected":true,"FailureReason":null}},"Status":null,"IsDC":true,"UnconstrainedDelegation":true,"DomainSID":"S-1-5-21-345011741-158834545-1476274505","Aces":[{"PrincipalSID":"S-1-5-21-345011741-158834545-1476274505-512","PrincipalType":"Group","RightName":"Owns","IsInherited":false,"InheritanceHash":""},{"PrincipalSID":"S-1-5-21-345011741-158834545-1476274505-512","PrincipalType":"Group","RightName":"GenericAll","IsInherited":false,"InheritanceHash":""},{"PrincipalSID":"S-1-5-21-345011741-158834545-1476274505-512","PrincipalType":"Group","RightName":"WriteAccountRestrictions","IsInherited":false,"InheritanceHash":""},{"PrincipalSID":"S-1-5-21-345011741-158834545-1476274505-526","PrincipalType":"Group","RightName":"AddKeyCredentialLink","IsInherited":true,"InheritanceHash":"3528A49B750E79BB3E2ABEC767D4C1665836F9BE"},{"PrincipalSID":"S-1-5-21-345011741-158834545-1476274505-527","PrincipalType":"Group","RightName":"AddKeyCredentialLink","IsInherited":true,"InheritanceHash":"D21A53BB924626A5CF1C390875DF574B4E331E3E"},{"PrincipalSID":"S-1-5-21-345011741-158834545-1476274505-519","PrincipalType":"Group","RightName":"GenericAll","IsInherited":true,"InheritanceHash":"A65D2A2A3CBEDA791713E4CABE51ECD9F1DE5F13"},{"PrincipalSID":"PRIME.PRI-S-1-5-32-544","PrincipalType":"Group","RightName":"WriteDacl","IsInherited":true,"InheritanceHash":"62C26D4FB3FF64505B03CDD35D648DFBC6C157CC"},{"PrincipalSID":"PRIME.PRI-S-1-5-32-544","PrincipalType":"Group","RightName":"WriteOwner","IsInherited":true,"InheritanceHash":"62C26D4FB3FF64505B03CDD35D648DFBC6C157CC"},{"PrincipalSID":"PRIME.PRI-S-1-5-32-544","PrincipalType":"Group","RightName":"GenericWrite","IsInherited":true,"InheritanceHash":"62C26D4FB3FF64505B03CDD35D648DFBC6C157CC"}],"ObjectIdentifier":"S-1-5-21-345011741-158834545-1476274505-1000","IsDeleted":false,"IsACLProtected":false,"ContainedBy":{"ObjectIdentifier":"60251EBB-CA4D-44F6-A918-3453177948B1","ObjectType":"OU"}},{"Properties":{"domain":"PRIME.PRI","name":"WIN11.PRIME.PRI","distinguishedname":"CN=WIN11,CN=COMPUTERS,DC=PRIME,DC=PRI","domainsid":"S-1-5-21-345011741-158834545-1476274505","samaccountname":"WIN11$","haslaps":false,"isaclprotected":false,"whencreated":1739030904,"enabled":true,"unconstraineddelegation":false,"trustedtoauth":false,"isdc":false,"encryptedtextpwdallowed":false,"usedeskeyonly":false,"logonscriptenabled":false,"lockedout":false,"passwordexpired":false,"supportedencryptiontypes":["RC4-HMAC-MD5","AES128-CTS-HMAC-SHA1-96","AES256-CTS-HMAC-SHA1-96"],"lastlogon":1739028811,"lastlogontimestamp":1739027304,"pwdlastset":1739027304,"serviceprincipalnames":["RestrictedKrbHost/WIN11","HOST/WIN11","RestrictedKrbHost/win11.prime.pri","HOST/win11.prime.pri"],"email":null,"useraccountcontrol":4096,"operatingsystem":"Windows 11 Pro","sidhistory":[]},"PrimaryGroupSID":"S-1-5-21-345011741-158834545-1476274505-515","AllowedToDelegate":[],"AllowedToAct":[],"HasSIDHistory":[],"DumpSMSAPassword":[],"Sessions":{"Results":[],"Collected":false,"FailureReason":null},"PrivilegedSessions":{"Results":[],"Collected":false,"FailureReason":null},"RegistrySessions":{"Results":[],"Collected":false,"FailureReason":null},"LocalGroups":[],"UserRights":[],"DCRegistryData":{"CertificateMappingMethods":null,"StrongCertificateBindingEnforcement":null},"Status":{"Connectable":false,"Error":"PortNotOpen"},"IsDC":false,"UnconstrainedDelegation":false,"DomainSID":"S-1-5-21-345011741-158834545-1476274505","Aces":[{"PrincipalSID":"S-1-5-21-345011741-158834545-1476274505-512","PrincipalType":"Group","RightName":"Owns","IsInherited":false,"InheritanceHash":""},{"PrincipalSID":"PRIME.PRI-S-1-5-32-548","PrincipalType":"Group","RightName":"GenericAll","IsInherited":false,"InheritanceHash":""},{"PrincipalSID":"S-1-5-21-345011741-158834545-1476274505-512","PrincipalType":"Group","RightName":"GenericAll","IsInherited":false,"InheritanceHash":""},{"PrincipalSID":"S-1-5-21-345011741-158834545-1476274505-512","PrincipalType":"Group","RightName":"WriteAccountRestrictions","IsInherited":false,"InheritanceHash":""},{"PrincipalSID":"S-1-5-21-345011741-158834545-1476274505-526","PrincipalType":"Group","RightName":"AddKeyCredentialLink","IsInherited":true,"InheritanceHash":"3528A49B750E79BB3E2ABEC767D4C1665836F9BE"},{"PrincipalSID":"S-1-5-21-345011741-158834545-1476274505-527","PrincipalType":"Group","RightName":"AddKeyCredentialLink","IsInherited":true,"InheritanceHash":"D21A53BB924626A5CF1C390875DF574B4E331E3E"},{"PrincipalSID":"S-1-5-21-345011741-158834545-1476274505-519","PrincipalType":"Group","RightName":"GenericAll","IsInherited":true,"InheritanceHash":"A65D2A2A3CBEDA791713E4CABE51ECD9F1DE5F13"},{"PrincipalSID":"PRIME.PRI-S-1-5-32-544","PrincipalType":"Group","RightName":"WriteDacl","IsInherited":true,"InheritanceHash":"62C26D4FB3FF64505B03CDD35D648DFBC6C157CC"},{"PrincipalSID":"PRIME.PRI-S-1-5-32-544","PrincipalType":"Group","RightName":"WriteOwner","IsInherited":true,"InheritanceHash":"62C26D4FB3FF64505B03CDD35D648DFBC6C157CC"},{"PrincipalSID":"PRIME.PRI-S-1-5-32-544","PrincipalType":"Group","RightName":"GenericWrite","IsInherited":true,"InheritanceHash":"62C26D4FB3FF64505B03CDD35D648DFBC6C157CC"}],"ObjectIdentifier":"S-1-5-21-345011741-158834545-1476274505-1105","IsDeleted":false,"IsACLProtected":false,"ContainedBy":{"ObjectIdentifier":"A93A415D-9BA5-4D7F-8E86-403A91A70FC6","ObjectType":"Container"}},{"Properties":{"domain":"PRIME.PRI","name":"WIN10.PRIME.PRI","distinguishedname":"CN=WIN10,CN=COMPUTERS,DC=PRIME,DC=PRI","domainsid":"S-1-5-21-345011741-158834545-1476274505","samaccountname":"WIN10$","haslaps":false,"isaclprotected":false,"whencreated":1726072153,"enabled":true,"unconstraineddelegation":false,"trustedtoauth":false,"isdc":false,"encryptedtextpwdallowed":false,"usedeskeyonly":false,"logonscriptenabled":false,"lockedout":false,"passwordexpired":false,"supportedencryptiontypes":["RC4-HMAC-MD5","AES128-CTS-HMAC-SHA1-96","AES256-CTS-HMAC-SHA1-96"],"lastlogon":1735834676,"lastlogontimestamp":1735373876,"pwdlastset":1733639736,"serviceprincipalnames":["RestrictedKrbHost/WIN10","HOST/WIN10","RestrictedKrbHost/win10.prime.pri","HOST/win10.prime.pri"],"email":null,"useraccountcontrol":4096,"operatingsystem":"Windows 10 Pro","sidhistory":[]},"PrimaryGroupSID":"S-1-5-21-345011741-158834545-1476274505-515","AllowedToDelegate":[],"AllowedToAct":[],"HasSIDHistory":[],"DumpSMSAPassword":[],"Sessions":{"Results":[],"Collected":false,"FailureReason":null},"PrivilegedSessions":{"Results":[],"Collected":false,"FailureReason":null},"RegistrySessions":{"Results":[],"Collected":false,"FailureReason":null},"LocalGroups":[],"UserRights":[],"DCRegistryData":{"CertificateMappingMethods":null,"StrongCertificateBindingEnforcement":null},"Status":{"Connectable":false,"Error":"PortNotOpen"},"IsDC":false,"UnconstrainedDelegation":false,"DomainSID":"S-1-5-21-345011741-158834545-1476274505","Aces":[{"PrincipalSID":"S-1-5-21-345011741-158834545-1476274505-512","PrincipalType":"Group","RightName":"Owns","IsInherited":false,"InheritanceHash":""},{"PrincipalSID":"PRIME.PRI-S-1-5-32-548","PrincipalType":"Group","RightName":"GenericAll","IsInherited":false,"InheritanceHash":""},{"PrincipalSID":"S-1-5-21-345011741-158834545-1476274505-512","PrincipalType":"Group","RightName":"GenericAll","IsInherited":false,"InheritanceHash":""},{"PrincipalSID":"S-1-5-21-345011741-158834545-1476274505-512","PrincipalType":"Group","RightName":"WriteAccountRestrictions","IsInherited":false,"InheritanceHash":""},{"PrincipalSID":"S-1-5-21-345011741-158834545-1476274505-526","PrincipalType":"Group","RightName":"AddKeyCredentialLink","IsInherited":true,"InheritanceHash":"3528A49B750E79BB3E2ABEC767D4C1665836F9BE"},{"PrincipalSID":"S-1-5-21-345011741-158834545-1476274505-527","PrincipalType":"Group","RightName":"AddKeyCredentialLink","IsInherited":true,"InheritanceHash":"D21A53BB924626A5CF1C390875DF574B4E331E3E"},{"PrincipalSID":"S-1-5-21-345011741-158834545-1476274505-519","PrincipalType":"Group","RightName":"GenericAll","IsInherited":true,"InheritanceHash":"A65D2A2A3CBEDA791713E4CABE51ECD9F1DE5F13"},{"PrincipalSID":"PRIME.PRI-S-1-5-32-544","PrincipalType":"Group","RightName":"WriteDacl","IsInherited":true,"InheritanceHash":"62C26D4FB3FF64505B03CDD35D648DFBC6C157CC"},{"PrincipalSID":"PRIME.PRI-S-1-5-32-544","PrincipalType":"Group","RightName":"WriteOwner","IsInherited":true,"InheritanceHash":"62C26D4FB3FF64505B03CDD35D648DFBC6C157CC"},{"PrincipalSID":"PRIME.PRI-S-1-5-32-544","PrincipalType":"Group","RightName":"GenericWrite","IsInherited":true,"InheritanceHash":"62C26D4FB3FF64505B03CDD35D648DFBC6C157CC"}],"ObjectIdentifier":"S-1-5-21-345011741-158834545-1476274505-1103","IsDeleted":false,"IsACLProtected":false,"ContainedBy":{"ObjectIdentifier":"A93A415D-9BA5-4D7F-8E86-403A91A70FC6","ObjectType":"Container"}}],"meta":{"methods":521215,"type":"computers","count":3,"version":6,"collectorversion":"2.5.13.0"}}