{"data":[{"GPOChanges":{"LocalAdmins":[],"RemoteDesktopUsers":[],"DcomUsers":[],"PSRemoteUsers":[],"AffectedComputers":[{"ObjectIdentifier":"S-1-5-21-345011741-158834545-1476274505-1000","ObjectType":"Computer"}]},"Properties":{"domain":"PRIME.PRI","name":"DOMAIN CONTROLLERS@PRIME.PRI","distinguishedname":"OU=DOMAIN CONTROLLERS,DC=PRIME,DC=PRI","domainsid":"S-1-5-21-345011741-158834545-1476274505","isaclprotected":false,"description":"Default container for domain controllers","whencreated":1726070171,"blocksinheritance":false},"Links":[{"IsEnforced":false,"GUID":"E9539E61-EA0D-44C0-80F3-FB375BAFBFF3"}],"ChildObjects":[],"InheritanceHashes":[],"Aces":[{"PrincipalSID":"S-1-5-21-345011741-158834545-1476274505-512","PrincipalType":"Group","RightName":"Owns","IsInherited":false,"InheritanceHash":""},{"PrincipalSID":"S-1-5-21-345011741-158834545-1476274505-512","PrincipalType":"Group","RightName":"WriteDacl","IsInherited":false,"InheritanceHash":""},{"PrincipalSID":"S-1-5-21-345011741-158834545-1476274505-512","PrincipalType":"Group","RightName":"WriteOwner","IsInherited":false,"InheritanceHash":""},{"PrincipalSID":"S-1-5-21-345011741-158834545-1476274505-512","PrincipalType":"Group","RightName":"GenericWrite","IsInherited":false,"InheritanceHash":""},{"PrincipalSID":"S-1-5-21-345011741-158834545-1476274505-519","PrincipalType":"Group","RightName":"GenericAll","IsInherited":true,"InheritanceHash":"A65D2A2A3CBEDA791713E4CABE51ECD9F1DE5F13"},{"PrincipalSID":"PRIME.PRI-S-1-5-32-544","PrincipalType":"Group","RightName":"WriteDacl","IsInherited":true,"InheritanceHash":"62C26D4FB3FF64505B03CDD35D648DFBC6C157CC"},{"PrincipalSID":"PRIME.PRI-S-1-5-32-544","PrincipalType":"Group","RightName":"WriteOwner","IsInherited":true,"InheritanceHash":"62C26D4FB3FF64505B03CDD35D648DFBC6C157CC"},{"PrincipalSID":"PRIME.PRI-S-1-5-32-544","PrincipalType":"Group","RightName":"GenericWrite","IsInherited":true,"InheritanceHash":"62C26D4FB3FF64505B03CDD35D648DFBC6C157CC"}],"ObjectIdentifier":"60251EBB-CA4D-44F6-A918-3453177948B1","IsDeleted":false,"IsACLProtected":false,"ContainedBy":{"ObjectIdentifier":"S-1-5-21-345011741-158834545-1476274505","ObjectType":"Domain"}}],"meta":{"methods":521215,"type":"ous","count":1,"version":6,"collectorversion":"2.5.13.0"}}