﻿{"computers":[{"Properties":{"haslaps":false,"highvalue":false,"name":"DC-1.GLOBOMANTICS.COM","domain":"GLOBOMANTICS.COM","objectid":"S-1-5-21-281190741-663957839-302372622-1000","distinguishedname":"CN=DC-1,OU=Domain Controllers,DC=globomantics,DC=com","description":null,"enabled":true,"unconstraineddelegation":true,"serviceprincipalnames":["Dfsr-12F9A27C-BF97-4787-9364-D31B6C55EB04/DC-1.globomantics.com","ldap/DC-1.globomantics.com/ForestDnsZones.globomantics.com","ldap/DC-1.globomantics.com/DomainDnsZones.globomantics.com","DNS/DC-1.globomantics.com","GC/DC-1.globomantics.com/globomantics.com","RestrictedKrbHost/DC-1.globomantics.com","RestrictedKrbHost/DC-1","RPC/6031adeb-1fa8-4406-a9fa-f838bdb1aa44._msdcs.globomantics.com","HOST/DC-1/GLOBOMANTICS","HOST/DC-1.globomantics.com/GLOBOMANTICS","HOST/DC-1","HOST/DC-1.globomantics.com","HOST/DC-1.globomantics.com/globomantics.com","E3514235-4B06-11D1-AB04-00C04FC2DCD2/6031adeb-1fa8-4406-a9fa-f838bdb1aa44/globomantics.com","ldap/DC-1/GLOBOMANTICS","ldap/6031adeb-1fa8-4406-a9fa-f838bdb1aa44._msdcs.globomantics.com","ldap/DC-1.globomantics.com/GLOBOMANTICS","ldap/DC-1","ldap/DC-1.globomantics.com","ldap/DC-1.globomantics.com/globomantics.com"],"lastlogontimestamp":1586704149,"pwdlastset":1586704126,"operatingsystem":"Windows Server 2019 Standard Evaluation"},"AllowedToDelegate":[],"AllowedToAct":[],"PrimaryGroupSid":"S-1-5-21-281190741-663957839-302372622-516","Sessions":[{"UserId":"S-1-5-21-281190741-663957839-302372622-1195","ComputerId":"S-1-5-21-281190741-663957839-302372622-1103"},{"UserId":"S-1-5-21-281190741-663957839-302372622-500","ComputerId":"S-1-5-21-281190741-663957839-302372622-1000"}],"LocalAdmins":[{"MemberId":"S-1-5-21-281190741-663957839-302372622-500","MemberType":"User"},{"MemberId":"S-1-5-21-281190741-663957839-302372622-519","MemberType":"Group"},{"MemberId":"S-1-5-21-281190741-663957839-302372622-512","MemberType":"Group"}],"RemoteDesktopUsers":[],"DcomUsers":[],"PSRemoteUsers":[],"ObjectIdentifier":"S-1-5-21-281190741-663957839-302372622-1000","Aces":[{"PrincipalSID":"S-1-5-21-281190741-663957839-302372622-512","PrincipalType":"Group","RightName":"Owner","AceType":"","IsInherited":false},{"PrincipalSID":"S-1-5-21-281190741-663957839-302372622-512","PrincipalType":"Group","RightName":"GenericAll","AceType":"","IsInherited":false},{"PrincipalSID":"S-1-5-21-281190741-663957839-302372622-519","PrincipalType":"Group","RightName":"GenericAll","AceType":"","IsInherited":true},{"PrincipalSID":"GLOBOMANTICS.COM-S-1-5-32-544","PrincipalType":"Group","RightName":"WriteDacl","AceType":"","IsInherited":true},{"PrincipalSID":"GLOBOMANTICS.COM-S-1-5-32-544","PrincipalType":"Group","RightName":"WriteOwner","AceType":"","IsInherited":true},{"PrincipalSID":"GLOBOMANTICS.COM-S-1-5-32-544","PrincipalType":"Group","RightName":"GenericWrite","AceType":"","IsInherited":true}]},{"Properties":{"haslaps":false,"highvalue":false,"name":"MEMBER-2.GLOBOMANTICS.COM","domain":"GLOBOMANTICS.COM","objectid":"S-1-5-21-281190741-663957839-302372622-1105","distinguishedname":"CN=MEMBER-2,OU=Servers,DC=globomantics,DC=com","description":null,"enabled":true,"unconstraineddelegation":false,"serviceprincipalnames":["WSMAN/Member-2","WSMAN/Member-2.globomantics.com","RestrictedKrbHost/MEMBER-2","HOST/MEMBER-2","RestrictedKrbHost/Member-2.globomantics.com","HOST/Member-2.globomantics.com"],"lastlogontimestamp":1586729475,"pwdlastset":1586729475,"operatingsystem":"Windows Server 2019 Standard Evaluation"},"AllowedToDelegate":[],"AllowedToAct":[],"PrimaryGroupSid":"S-1-5-21-281190741-663957839-302372622-515","Sessions":[{"UserId":"S-1-5-21-281190741-663957839-302372622-1195","ComputerId":"S-1-5-21-281190741-663957839-302372622-1103"},{"UserId":"S-1-5-21-281190741-663957839-302372622-1195","ComputerId":"S-1-5-21-281190741-663957839-302372622-1105"}],"LocalAdmins":[{"MemberId":"S-1-5-21-281190741-663957839-302372622-512","MemberType":"Group"},{"MemberId":"S-1-5-21-281190741-663957839-302372622-1110","MemberType":"User"},{"MemberId":"S-1-5-21-281190741-663957839-302372622-4131","MemberType":"Group"}],"RemoteDesktopUsers":[],"DcomUsers":[],"PSRemoteUsers":[],"ObjectIdentifier":"S-1-5-21-281190741-663957839-302372622-1105","Aces":[{"PrincipalSID":"S-1-5-21-281190741-663957839-302372622-512","PrincipalType":"Group","RightName":"Owner","AceType":"","IsInherited":false},{"PrincipalSID":"GLOBOMANTICS.COM-S-1-5-32-548","PrincipalType":"Group","RightName":"GenericAll","AceType":"","IsInherited":false},{"PrincipalSID":"S-1-5-21-281190741-663957839-302372622-512","PrincipalType":"Group","RightName":"GenericAll","AceType":"","IsInherited":false},{"PrincipalSID":"S-1-5-21-281190741-663957839-302372622-519","PrincipalType":"Group","RightName":"GenericAll","AceType":"","IsInherited":true},{"PrincipalSID":"GLOBOMANTICS.COM-S-1-5-32-544","PrincipalType":"Group","RightName":"WriteDacl","AceType":"","IsInherited":true},{"PrincipalSID":"GLOBOMANTICS.COM-S-1-5-32-544","PrincipalType":"Group","RightName":"WriteOwner","AceType":"","IsInherited":true},{"PrincipalSID":"GLOBOMANTICS.COM-S-1-5-32-544","PrincipalType":"Group","RightName":"GenericWrite","AceType":"","IsInherited":true}]},{"Properties":{"haslaps":false,"highvalue":false,"name":"MEMBER-1.GLOBOMANTICS.COM","domain":"GLOBOMANTICS.COM","objectid":"S-1-5-21-281190741-663957839-302372622-1103","distinguishedname":"CN=MEMBER-1,OU=Servers,DC=globomantics,DC=com","description":null,"enabled":true,"unconstraineddelegation":false,"serviceprincipalnames":["TERMSRV/MEMBER-1","TERMSRV/Member-1.globomantics.com","WSMAN/Member-1","WSMAN/Member-1.globomantics.com","RestrictedKrbHost/MEMBER-1","HOST/MEMBER-1","RestrictedKrbHost/Member-1.globomantics.com","HOST/Member-1.globomantics.com"],"lastlogontimestamp":1586729009,"pwdlastset":1586729008,"operatingsystem":"Windows Server 2019 Standard Evaluation"},"AllowedToDelegate":[],"AllowedToAct":[],"PrimaryGroupSid":"S-1-5-21-281190741-663957839-302372622-515","Sessions":[{"UserId":"S-1-5-21-281190741-663957839-302372622-1195","ComputerId":"S-1-5-21-281190741-663957839-302372622-1103"}],"LocalAdmins":[{"MemberId":"S-1-5-21-281190741-663957839-302372622-512","MemberType":"Group"},{"MemberId":"S-1-5-21-281190741-663957839-302372622-4131","MemberType":"Group"}],"RemoteDesktopUsers":[],"DcomUsers":[],"PSRemoteUsers":[],"ObjectIdentifier":"S-1-5-21-281190741-663957839-302372622-1103","Aces":[{"PrincipalSID":"S-1-5-21-281190741-663957839-302372622-512","PrincipalType":"Group","RightName":"Owner","AceType":"","IsInherited":false},{"PrincipalSID":"GLOBOMANTICS.COM-S-1-5-32-548","PrincipalType":"Group","RightName":"GenericAll","AceType":"","IsInherited":false},{"PrincipalSID":"S-1-5-21-281190741-663957839-302372622-512","PrincipalType":"Group","RightName":"GenericAll","AceType":"","IsInherited":false},{"PrincipalSID":"S-1-5-21-281190741-663957839-302372622-519","PrincipalType":"Group","RightName":"GenericAll","AceType":"","IsInherited":true},{"PrincipalSID":"GLOBOMANTICS.COM-S-1-5-32-544","PrincipalType":"Group","RightName":"WriteDacl","AceType":"","IsInherited":true},{"PrincipalSID":"GLOBOMANTICS.COM-S-1-5-32-544","PrincipalType":"Group","RightName":"WriteOwner","AceType":"","IsInherited":true},{"PrincipalSID":"GLOBOMANTICS.COM-S-1-5-32-544","PrincipalType":"Group","RightName":"GenericWrite","AceType":"","IsInherited":true}]},{"Properties":{"haslaps":false,"highvalue":false,"name":"MEMBER-3.GLOBOMANTICS.COM","domain":"GLOBOMANTICS.COM","objectid":"S-1-5-21-281190741-663957839-302372622-1104","distinguishedname":"CN=MEMBER-3,OU=Servers,DC=globomantics,DC=com","description":null,"enabled":true,"unconstraineddelegation":false,"serviceprincipalnames":["WSMAN/Member-3","WSMAN/Member-3.globomantics.com","RestrictedKrbHost/MEMBER-3","HOST/MEMBER-3","RestrictedKrbHost/Member-3.globomantics.com","HOST/Member-3.globomantics.com"],"lastlogontimestamp":1586729429,"pwdlastset":1586729429,"operatingsystem":"Windows Server 2019 Standard Evaluation"},"AllowedToDelegate":[],"AllowedToAct":[],"PrimaryGroupSid":"S-1-5-21-281190741-663957839-302372622-515","Sessions":[{"UserId":"S-1-5-21-281190741-663957839-302372622-1195","ComputerId":"S-1-5-21-281190741-663957839-302372622-1103"},{"UserId":"S-1-5-21-254739153-750284811-2983747334-500","ComputerId":"S-1-5-21-281190741-663957839-302372622-1104"}],"LocalAdmins":[{"MemberId":"S-1-5-21-281190741-663957839-302372622-512","MemberType":"Group"},{"MemberId":"S-1-5-21-281190741-663957839-302372622-4131","MemberType":"Group"}],"RemoteDesktopUsers":[{"MemberId":"S-1-5-21-281190741-663957839-302372622-1110","MemberType":"User"}],"DcomUsers":[],"PSRemoteUsers":[],"ObjectIdentifier":"S-1-5-21-281190741-663957839-302372622-1104","Aces":[{"PrincipalSID":"S-1-5-21-281190741-663957839-302372622-512","PrincipalType":"Group","RightName":"Owner","AceType":"","IsInherited":false},{"PrincipalSID":"GLOBOMANTICS.COM-S-1-5-32-548","PrincipalType":"Group","RightName":"GenericAll","AceType":"","IsInherited":false},{"PrincipalSID":"S-1-5-21-281190741-663957839-302372622-512","PrincipalType":"Group","RightName":"GenericAll","AceType":"","IsInherited":false},{"PrincipalSID":"S-1-5-21-281190741-663957839-302372622-519","PrincipalType":"Group","RightName":"GenericAll","AceType":"","IsInherited":true},{"PrincipalSID":"GLOBOMANTICS.COM-S-1-5-32-544","PrincipalType":"Group","RightName":"WriteDacl","AceType":"","IsInherited":true},{"PrincipalSID":"GLOBOMANTICS.COM-S-1-5-32-544","PrincipalType":"Group","RightName":"WriteOwner","AceType":"","IsInherited":true},{"PrincipalSID":"GLOBOMANTICS.COM-S-1-5-32-544","PrincipalType":"Group","RightName":"GenericWrite","AceType":"","IsInherited":true}]},{"Properties":{"haslaps":false,"highvalue":false,"name":"PC-1.GLOBOMANTICS.COM","domain":"GLOBOMANTICS.COM","objectid":"S-1-5-21-281190741-663957839-302372622-4136","distinguishedname":"CN=PC-1,OU=Workstations,DC=globomantics,DC=com","description":null,"enabled":true,"unconstraineddelegation":false,"serviceprincipalnames":["RestrictedKrbHost/PC-1","HOST/PC-1","RestrictedKrbHost/PC-1.globomantics.com","HOST/PC-1.globomantics.com"],"lastlogontimestamp":1587255929,"pwdlastset":1587255929,"operatingsystem":"Windows 7 Enterprise"},"AllowedToDelegate":[],"AllowedToAct":[],"PrimaryGroupSid":"S-1-5-21-281190741-663957839-302372622-515","Sessions":[{"UserId":"S-1-5-21-281190741-663957839-302372622-1195","ComputerId":"S-1-5-21-281190741-663957839-302372622-1103"},{"UserId":"S-1-5-21-281190741-663957839-302372622-3210","ComputerId":"S-1-5-21-281190741-663957839-302372622-4136"}],"LocalAdmins":[{"MemberId":"S-1-5-21-281190741-663957839-302372622-512","MemberType":"Group"},{"MemberId":"S-1-5-21-281190741-663957839-302372622-4132","MemberType":"Group"}],"RemoteDesktopUsers":[],"DcomUsers":[],"PSRemoteUsers":[],"ObjectIdentifier":"S-1-5-21-281190741-663957839-302372622-4136","Aces":[{"PrincipalSID":"S-1-5-21-281190741-663957839-302372622-512","PrincipalType":"Group","RightName":"Owner","AceType":"","IsInherited":false},{"PrincipalSID":"GLOBOMANTICS.COM-S-1-5-32-548","PrincipalType":"Group","RightName":"GenericAll","AceType":"","IsInherited":false},{"PrincipalSID":"S-1-5-21-281190741-663957839-302372622-512","PrincipalType":"Group","RightName":"GenericAll","AceType":"","IsInherited":false},{"PrincipalSID":"S-1-5-21-281190741-663957839-302372622-519","PrincipalType":"Group","RightName":"GenericAll","AceType":"","IsInherited":true},{"PrincipalSID":"GLOBOMANTICS.COM-S-1-5-32-544","PrincipalType":"Group","RightName":"WriteDacl","AceType":"","IsInherited":true},{"PrincipalSID":"GLOBOMANTICS.COM-S-1-5-32-544","PrincipalType":"Group","RightName":"WriteOwner","AceType":"","IsInherited":true},{"PrincipalSID":"GLOBOMANTICS.COM-S-1-5-32-544","PrincipalType":"Group","RightName":"GenericWrite","AceType":"","IsInherited":true}]},{"Properties":{"haslaps":false,"highvalue":false,"name":"PC-2.GLOBOMANTICS.COM","domain":"GLOBOMANTICS.COM","objectid":"S-1-5-21-281190741-663957839-302372622-4135","distinguishedname":"CN=PC-2,OU=Workstations,DC=globomantics,DC=com","description":null,"enabled":true,"unconstraineddelegation":false,"serviceprincipalnames":["RestrictedKrbHost/PC-2","HOST/PC-2","RestrictedKrbHost/PC-2.globomantics.com","HOST/PC-2.globomantics.com"],"lastlogontimestamp":1587255845,"pwdlastset":1587255845,"operatingsystem":"Windows 10 Enterprise Evaluation"},"AllowedToDelegate":[],"AllowedToAct":[],"PrimaryGroupSid":"S-1-5-21-281190741-663957839-302372622-515","Sessions":[{"UserId":"S-1-5-21-281190741-663957839-302372622-1195","ComputerId":"S-1-5-21-281190741-663957839-302372622-1103"},{"UserId":"S-1-5-21-281190741-663957839-302372622-2669","ComputerId":"S-1-5-21-281190741-663957839-302372622-4135"}],"LocalAdmins":[{"MemberId":"S-1-5-21-281190741-663957839-302372622-512","MemberType":"Group"},{"MemberId":"S-1-5-21-281190741-663957839-302372622-4132","MemberType":"Group"}],"RemoteDesktopUsers":[],"DcomUsers":[],"PSRemoteUsers":[],"ObjectIdentifier":"S-1-5-21-281190741-663957839-302372622-4135","Aces":[{"PrincipalSID":"S-1-5-21-281190741-663957839-302372622-512","PrincipalType":"Group","RightName":"Owner","AceType":"","IsInherited":false},{"PrincipalSID":"GLOBOMANTICS.COM-S-1-5-32-548","PrincipalType":"Group","RightName":"GenericAll","AceType":"","IsInherited":false},{"PrincipalSID":"S-1-5-21-281190741-663957839-302372622-512","PrincipalType":"Group","RightName":"GenericAll","AceType":"","IsInherited":false},{"PrincipalSID":"S-1-5-21-281190741-663957839-302372622-519","PrincipalType":"Group","RightName":"GenericAll","AceType":"","IsInherited":true},{"PrincipalSID":"GLOBOMANTICS.COM-S-1-5-32-544","PrincipalType":"Group","RightName":"WriteDacl","AceType":"","IsInherited":true},{"PrincipalSID":"GLOBOMANTICS.COM-S-1-5-32-544","PrincipalType":"Group","RightName":"WriteOwner","AceType":"","IsInherited":true},{"PrincipalSID":"GLOBOMANTICS.COM-S-1-5-32-544","PrincipalType":"Group","RightName":"GenericWrite","AceType":"","IsInherited":true}]},{"Properties":{"haslaps":false,"highvalue":false,"name":"MEMBER-4.GLOBOMANTICS.COM","domain":"GLOBOMANTICS.COM","objectid":"S-1-5-21-281190741-663957839-302372622-4133","distinguishedname":"CN=MEMBER-4,OU=Servers,DC=globomantics,DC=com","description":null,"enabled":true,"unconstraineddelegation":false,"serviceprincipalnames":["WSMAN/Member-4","WSMAN/Member-4.globomantics.com","RestrictedKrbHost/MEMBER-4","HOST/MEMBER-4","RestrictedKrbHost/MEMBER-4.globomantics.com","HOST/MEMBER-4.globomantics.com"],"lastlogontimestamp":1587251476,"pwdlastset":1587251712,"operatingsystem":"Windows Server 2008 R2 Standard Service Pack 1"},"AllowedToDelegate":[],"AllowedToAct":[],"PrimaryGroupSid":"S-1-5-21-281190741-663957839-302372622-515","Sessions":[{"UserId":"S-1-5-21-281190741-663957839-302372622-1195","ComputerId":"S-1-5-21-281190741-663957839-302372622-1103"},{"UserId":"S-1-5-21-281190741-663957839-302372622-1179","ComputerId":"S-1-5-21-281190741-663957839-302372622-4133"}],"LocalAdmins":[{"MemberId":"S-1-5-21-281190741-663957839-302372622-512","MemberType":"Group"},{"MemberId":"S-1-5-21-281190741-663957839-302372622-4131","MemberType":"Group"}],"RemoteDesktopUsers":[],"DcomUsers":[],"PSRemoteUsers":[],"ObjectIdentifier":"S-1-5-21-281190741-663957839-302372622-4133","Aces":[{"PrincipalSID":"S-1-5-21-281190741-663957839-302372622-512","PrincipalType":"Group","RightName":"Owner","AceType":"","IsInherited":false},{"PrincipalSID":"GLOBOMANTICS.COM-S-1-5-32-548","PrincipalType":"Group","RightName":"GenericAll","AceType":"","IsInherited":false},{"PrincipalSID":"S-1-5-21-281190741-663957839-302372622-512","PrincipalType":"Group","RightName":"GenericAll","AceType":"","IsInherited":false},{"PrincipalSID":"S-1-5-21-281190741-663957839-302372622-519","PrincipalType":"Group","RightName":"GenericAll","AceType":"","IsInherited":true},{"PrincipalSID":"GLOBOMANTICS.COM-S-1-5-32-544","PrincipalType":"Group","RightName":"WriteDacl","AceType":"","IsInherited":true},{"PrincipalSID":"GLOBOMANTICS.COM-S-1-5-32-544","PrincipalType":"Group","RightName":"WriteOwner","AceType":"","IsInherited":true},{"PrincipalSID":"GLOBOMANTICS.COM-S-1-5-32-544","PrincipalType":"Group","RightName":"GenericWrite","AceType":"","IsInherited":true}]}],"meta":{"count":7,"type":"computers","version":3}}