﻿{"domains":[{"Properties":{"highvalue":true,"name":"GLOBOMANTICS.COM","domain":"GLOBOMANTICS.COM","objectid":"S-1-5-21-281190741-663957839-302372622","distinguishedname":"DC=globomantics,DC=com","description":null,"functionallevel":"2016"},"Users":["S-1-5-21-281190741-663957839-302372622-502","S-1-5-21-281190741-663957839-302372622-500","S-1-5-21-281190741-663957839-302372622-501"],"Computers":[],"ChildOus":["966E1885-1057-4D9C-A157-529DE4007336","A1FE18F5-038B-4E07-9D82-44C1211E10CC","525202C2-342E-4330-B084-E8759F385F73","A2E447A4-5B56-4EE2-9D28-3CF914ECE31D","AB28C296-6AD3-4BC8-A84E-768D3C1ECFF3","76A64F1C-33E5-4050-846F-9C1450C21A36","F8FF0D89-BDFB-4763-AE44-129D376AFB83"],"Trusts":[],"Links":[{"IsEnforced":false,"Guid":"191B50F2-2C1E-4A73-8829-4D868586C22B"}],"RemoteDesktopUsers":[],"LocalAdmins":[],"DcomUsers":[],"PSRemoteUsers":[],"ObjectIdentifier":"S-1-5-21-281190741-663957839-302372622","Aces":[{"PrincipalSID":"GLOBOMANTICS.COM-S-1-5-32-544","PrincipalType":"Group","RightName":"Owner","AceType":"","IsInherited":false},{"PrincipalSID":"GLOBOMANTICS.COM-S-1-5-32-544","PrincipalType":"Group","RightName":"WriteDacl","AceType":"","IsInherited":false},{"PrincipalSID":"GLOBOMANTICS.COM-S-1-5-32-544","PrincipalType":"Group","RightName":"WriteOwner","AceType":"","IsInherited":false},{"PrincipalSID":"GLOBOMANTICS.COM-S-1-5-32-544","PrincipalType":"Group","RightName":"ExtendedRight","AceType":"All","IsInherited":false},{"PrincipalSID":"S-1-5-21-281190741-663957839-302372622-512","PrincipalType":"Group","RightName":"WriteDacl","AceType":"","IsInherited":false},{"PrincipalSID":"S-1-5-21-281190741-663957839-302372622-512","PrincipalType":"Group","RightName":"WriteOwner","AceType":"","IsInherited":false},{"PrincipalSID":"S-1-5-21-281190741-663957839-302372622-512","PrincipalType":"Group","RightName":"ExtendedRight","AceType":"All","IsInherited":false},{"PrincipalSID":"S-1-5-21-281190741-663957839-302372622-519","PrincipalType":"Group","RightName":"GenericAll","AceType":"","IsInherited":false},{"PrincipalSID":"GLOBOMANTICS.COM-S-1-5-9","PrincipalType":"Group","RightName":"ExtendedRight","AceType":"GetChanges","IsInherited":false},{"PrincipalSID":"GLOBOMANTICS.COM-S-1-5-32-544","PrincipalType":"Group","RightName":"ExtendedRight","AceType":"GetChangesAll","IsInherited":false},{"PrincipalSID":"GLOBOMANTICS.COM-S-1-5-32-544","PrincipalType":"Group","RightName":"ExtendedRight","AceType":"GetChanges","IsInherited":false},{"PrincipalSID":"S-1-5-21-281190741-663957839-302372622-498","PrincipalType":"Group","RightName":"ExtendedRight","AceType":"GetChanges","IsInherited":false},{"PrincipalSID":"S-1-5-21-281190741-663957839-302372622-516","PrincipalType":"Group","RightName":"ExtendedRight","AceType":"GetChangesAll","IsInherited":false}]}],"meta":{"count":1,"type":"domains","version":3}}