﻿{"gpos":[{"Properties":{"highvalue":false,"name":"DEFAULT DOMAIN POLICY@GLOBOMANTICS.COM","domain":"GLOBOMANTICS.COM","objectid":"191B50F2-2C1E-4A73-8829-4D868586C22B","distinguishedname":"CN={31B2F340-016D-11D2-945F-00C04FB984F9},CN=Policies,CN=System,DC=globomantics,DC=com","description":null,"gpcpath":"\\\\globomantics.com\\sysvol\\globomantics.com\\Policies\\{31B2F340-016D-11D2-945F-00C04FB984F9}"},"ObjectIdentifier":"191B50F2-2C1E-4A73-8829-4D868586C22B","Aces":[{"PrincipalSID":"S-1-5-21-281190741-663957839-302372622-512","PrincipalType":"Group","RightName":"Owner","AceType":"","IsInherited":false},{"PrincipalSID":"S-1-5-21-281190741-663957839-302372622-512","PrincipalType":"Group","RightName":"WriteDacl","AceType":"","IsInherited":false},{"PrincipalSID":"S-1-5-21-281190741-663957839-302372622-512","PrincipalType":"Group","RightName":"WriteOwner","AceType":"","IsInherited":false},{"PrincipalSID":"S-1-5-21-281190741-663957839-302372622-512","PrincipalType":"Group","RightName":"GenericWrite","AceType":"","IsInherited":false},{"PrincipalSID":"S-1-5-21-281190741-663957839-302372622-512","PrincipalType":"Group","RightName":"WriteDacl","AceType":"","IsInherited":false},{"PrincipalSID":"S-1-5-21-281190741-663957839-302372622-512","PrincipalType":"Group","RightName":"WriteOwner","AceType":"","IsInherited":false},{"PrincipalSID":"S-1-5-21-281190741-663957839-302372622-512","PrincipalType":"Group","RightName":"GenericWrite","AceType":"","IsInherited":false},{"PrincipalSID":"S-1-5-21-281190741-663957839-302372622-519","PrincipalType":"Group","RightName":"WriteDacl","AceType":"","IsInherited":false},{"PrincipalSID":"S-1-5-21-281190741-663957839-302372622-519","PrincipalType":"Group","RightName":"WriteOwner","AceType":"","IsInherited":false},{"PrincipalSID":"S-1-5-21-281190741-663957839-302372622-519","PrincipalType":"Group","RightName":"GenericWrite","AceType":"","IsInherited":false}]},{"Properties":{"highvalue":false,"name":"DEFAULT DOMAIN CONTROLLERS POLICY@GLOBOMANTICS.COM","domain":"GLOBOMANTICS.COM","objectid":"781A8CE1-EB02-4230-81EB-B423F05A4597","distinguishedname":"CN={6AC1786C-016F-11D2-945F-00C04fB984F9},CN=Policies,CN=System,DC=globomantics,DC=com","description":null,"gpcpath":"\\\\globomantics.com\\sysvol\\globomantics.com\\Policies\\{6AC1786C-016F-11D2-945F-00C04fB984F9}"},"ObjectIdentifier":"781A8CE1-EB02-4230-81EB-B423F05A4597","Aces":[{"PrincipalSID":"S-1-5-21-281190741-663957839-302372622-512","PrincipalType":"Group","RightName":"Owner","AceType":"","IsInherited":false},{"PrincipalSID":"S-1-5-21-281190741-663957839-302372622-512","PrincipalType":"Group","RightName":"WriteDacl","AceType":"","IsInherited":false},{"PrincipalSID":"S-1-5-21-281190741-663957839-302372622-512","PrincipalType":"Group","RightName":"WriteOwner","AceType":"","IsInherited":false},{"PrincipalSID":"S-1-5-21-281190741-663957839-302372622-512","PrincipalType":"Group","RightName":"GenericWrite","AceType":"","IsInherited":false},{"PrincipalSID":"S-1-5-21-281190741-663957839-302372622-512","PrincipalType":"Group","RightName":"WriteDacl","AceType":"","IsInherited":false},{"PrincipalSID":"S-1-5-21-281190741-663957839-302372622-512","PrincipalType":"Group","RightName":"WriteOwner","AceType":"","IsInherited":false},{"PrincipalSID":"S-1-5-21-281190741-663957839-302372622-512","PrincipalType":"Group","RightName":"GenericWrite","AceType":"","IsInherited":false},{"PrincipalSID":"S-1-5-21-281190741-663957839-302372622-519","PrincipalType":"Group","RightName":"WriteDacl","AceType":"","IsInherited":false},{"PrincipalSID":"S-1-5-21-281190741-663957839-302372622-519","PrincipalType":"Group","RightName":"WriteOwner","AceType":"","IsInherited":false},{"PrincipalSID":"S-1-5-21-281190741-663957839-302372622-519","PrincipalType":"Group","RightName":"GenericWrite","AceType":"","IsInherited":false}]},{"Properties":{"highvalue":false,"name":"ASSIGN-SYSADMINS-TO-LOCAL-ADMINS@GLOBOMANTICS.COM","domain":"GLOBOMANTICS.COM","objectid":"F7DD3592-FC03-4A97-A635-D8F1CF419FFC","distinguishedname":"CN={DA4BDA95-CB1A-4EA3-BC66-C0779BD78329},CN=Policies,CN=System,DC=globomantics,DC=com","description":null,"gpcpath":"\\\\globomantics.com\\SysVol\\globomantics.com\\Policies\\{DA4BDA95-CB1A-4EA3-BC66-C0779BD78329}"},"ObjectIdentifier":"F7DD3592-FC03-4A97-A635-D8F1CF419FFC","Aces":[{"PrincipalSID":"S-1-5-21-281190741-663957839-302372622-512","PrincipalType":"Group","RightName":"Owner","AceType":"","IsInherited":false},{"PrincipalSID":"S-1-5-21-281190741-663957839-302372622-512","PrincipalType":"Group","RightName":"WriteDacl","AceType":"","IsInherited":false},{"PrincipalSID":"S-1-5-21-281190741-663957839-302372622-512","PrincipalType":"Group","RightName":"WriteOwner","AceType":"","IsInherited":false},{"PrincipalSID":"S-1-5-21-281190741-663957839-302372622-512","PrincipalType":"Group","RightName":"GenericWrite","AceType":"","IsInherited":false},{"PrincipalSID":"S-1-5-21-281190741-663957839-302372622-519","PrincipalType":"Group","RightName":"WriteDacl","AceType":"","IsInherited":false},{"PrincipalSID":"S-1-5-21-281190741-663957839-302372622-519","PrincipalType":"Group","RightName":"WriteOwner","AceType":"","IsInherited":false},{"PrincipalSID":"S-1-5-21-281190741-663957839-302372622-519","PrincipalType":"Group","RightName":"GenericWrite","AceType":"","IsInherited":false}]},{"Properties":{"highvalue":false,"name":"PERMISSIONS-FOR-HELPDESK@GLOBOMANTICS.COM","domain":"GLOBOMANTICS.COM","objectid":"8C34ADE4-D36A-4F10-B8CC-DA855C2F515F","distinguishedname":"CN={9BD8FCD9-1DCC-4EE1-9ED7-332183E7CCD0},CN=Policies,CN=System,DC=globomantics,DC=com","description":null,"gpcpath":"\\\\globomantics.com\\SysVol\\globomantics.com\\Policies\\{9BD8FCD9-1DCC-4EE1-9ED7-332183E7CCD0}"},"ObjectIdentifier":"8C34ADE4-D36A-4F10-B8CC-DA855C2F515F","Aces":[{"PrincipalSID":"S-1-5-21-281190741-663957839-302372622-512","PrincipalType":"Group","RightName":"Owner","AceType":"","IsInherited":false},{"PrincipalSID":"S-1-5-21-281190741-663957839-302372622-512","PrincipalType":"Group","RightName":"WriteDacl","AceType":"","IsInherited":false},{"PrincipalSID":"S-1-5-21-281190741-663957839-302372622-512","PrincipalType":"Group","RightName":"WriteOwner","AceType":"","IsInherited":false},{"PrincipalSID":"S-1-5-21-281190741-663957839-302372622-512","PrincipalType":"Group","RightName":"GenericWrite","AceType":"","IsInherited":false},{"PrincipalSID":"S-1-5-21-281190741-663957839-302372622-519","PrincipalType":"Group","RightName":"WriteDacl","AceType":"","IsInherited":false},{"PrincipalSID":"S-1-5-21-281190741-663957839-302372622-519","PrincipalType":"Group","RightName":"WriteOwner","AceType":"","IsInherited":false},{"PrincipalSID":"S-1-5-21-281190741-663957839-302372622-519","PrincipalType":"Group","RightName":"GenericWrite","AceType":"","IsInherited":false}]},{"Properties":{"highvalue":false,"name":"HELPDESK-ADMIN-ON-PCS@GLOBOMANTICS.COM","domain":"GLOBOMANTICS.COM","objectid":"61EF6258-29E2-4899-BF94-D0D41185DE9F","distinguishedname":"CN={80E23CCB-55E6-445B-87FE-3288B3C6F736},CN=Policies,CN=System,DC=globomantics,DC=com","description":null,"gpcpath":"\\\\globomantics.com\\SysVol\\globomantics.com\\Policies\\{80E23CCB-55E6-445B-87FE-3288B3C6F736}"},"ObjectIdentifier":"61EF6258-29E2-4899-BF94-D0D41185DE9F","Aces":[{"PrincipalSID":"S-1-5-21-281190741-663957839-302372622-512","PrincipalType":"Group","RightName":"Owner","AceType":"","IsInherited":false},{"PrincipalSID":"S-1-5-21-281190741-663957839-302372622-512","PrincipalType":"Group","RightName":"WriteDacl","AceType":"","IsInherited":false},{"PrincipalSID":"S-1-5-21-281190741-663957839-302372622-512","PrincipalType":"Group","RightName":"WriteOwner","AceType":"","IsInherited":false},{"PrincipalSID":"S-1-5-21-281190741-663957839-302372622-512","PrincipalType":"Group","RightName":"GenericWrite","AceType":"","IsInherited":false},{"PrincipalSID":"S-1-5-21-281190741-663957839-302372622-519","PrincipalType":"Group","RightName":"WriteDacl","AceType":"","IsInherited":false},{"PrincipalSID":"S-1-5-21-281190741-663957839-302372622-519","PrincipalType":"Group","RightName":"WriteOwner","AceType":"","IsInherited":false},{"PrincipalSID":"S-1-5-21-281190741-663957839-302372622-519","PrincipalType":"Group","RightName":"GenericWrite","AceType":"","IsInherited":false}]},{"Properties":{"highvalue":false,"name":"PC-CONFIG-STANDARD@GLOBOMANTICS.COM","domain":"GLOBOMANTICS.COM","objectid":"0D584344-0767-433B-A46C-545380A54805","distinguishedname":"CN={6965A30F-17FA-4F28-94F3-AC3965BCD502},CN=Policies,CN=System,DC=globomantics,DC=com","description":null,"gpcpath":"\\\\globomantics.com\\SysVol\\globomantics.com\\Policies\\{6965A30F-17FA-4F28-94F3-AC3965BCD502}"},"ObjectIdentifier":"0D584344-0767-433B-A46C-545380A54805","Aces":[{"PrincipalSID":"S-1-5-21-281190741-663957839-302372622-512","PrincipalType":"Group","RightName":"Owner","AceType":"","IsInherited":false},{"PrincipalSID":"S-1-5-21-281190741-663957839-302372622-512","PrincipalType":"Group","RightName":"WriteDacl","AceType":"","IsInherited":false},{"PrincipalSID":"S-1-5-21-281190741-663957839-302372622-512","PrincipalType":"Group","RightName":"WriteOwner","AceType":"","IsInherited":false},{"PrincipalSID":"S-1-5-21-281190741-663957839-302372622-512","PrincipalType":"Group","RightName":"GenericWrite","AceType":"","IsInherited":false},{"PrincipalSID":"S-1-5-21-281190741-663957839-302372622-519","PrincipalType":"Group","RightName":"WriteDacl","AceType":"","IsInherited":false},{"PrincipalSID":"S-1-5-21-281190741-663957839-302372622-519","PrincipalType":"Group","RightName":"WriteOwner","AceType":"","IsInherited":false},{"PrincipalSID":"S-1-5-21-281190741-663957839-302372622-519","PrincipalType":"Group","RightName":"GenericWrite","AceType":"","IsInherited":false},{"PrincipalSID":"S-1-5-21-281190741-663957839-302372622-1110","PrincipalType":"User","RightName":"GenericAll","AceType":"","IsInherited":false}]},{"Properties":{"highvalue":false,"name":"DISABLE-WINDOWS-FIREWALL@GLOBOMANTICS.COM","domain":"GLOBOMANTICS.COM","objectid":"AC813383-9D1C-4164-B060-7138984B4739","distinguishedname":"CN={CA06D838-88F0-4BAE-B480-AC9978B94778},CN=Policies,CN=System,DC=globomantics,DC=com","description":null,"gpcpath":"\\\\globomantics.com\\SysVol\\globomantics.com\\Policies\\{CA06D838-88F0-4BAE-B480-AC9978B94778}"},"ObjectIdentifier":"AC813383-9D1C-4164-B060-7138984B4739","Aces":[{"PrincipalSID":"S-1-5-21-281190741-663957839-302372622-512","PrincipalType":"Group","RightName":"Owner","AceType":"","IsInherited":false},{"PrincipalSID":"S-1-5-21-281190741-663957839-302372622-512","PrincipalType":"Group","RightName":"WriteDacl","AceType":"","IsInherited":false},{"PrincipalSID":"S-1-5-21-281190741-663957839-302372622-512","PrincipalType":"Group","RightName":"WriteOwner","AceType":"","IsInherited":false},{"PrincipalSID":"S-1-5-21-281190741-663957839-302372622-512","PrincipalType":"Group","RightName":"GenericWrite","AceType":"","IsInherited":false},{"PrincipalSID":"S-1-5-21-281190741-663957839-302372622-519","PrincipalType":"Group","RightName":"WriteDacl","AceType":"","IsInherited":false},{"PrincipalSID":"S-1-5-21-281190741-663957839-302372622-519","PrincipalType":"Group","RightName":"WriteOwner","AceType":"","IsInherited":false},{"PrincipalSID":"S-1-5-21-281190741-663957839-302372622-519","PrincipalType":"Group","RightName":"GenericWrite","AceType":"","IsInherited":false}]},{"Properties":{"highvalue":false,"name":"USERS-DESKTOP-CLEANUP-POLICY@GLOBOMANTICS.COM","domain":"GLOBOMANTICS.COM","objectid":"3CAB497D-AE24-4F8D-BA4F-6A2E7B9BDCFC","distinguishedname":"CN={99F04239-A5EC-424C-B235-27BE6947C966},CN=Policies,CN=System,DC=globomantics,DC=com","description":null,"gpcpath":"\\\\globomantics.com\\SysVol\\globomantics.com\\Policies\\{99F04239-A5EC-424C-B235-27BE6947C966}"},"ObjectIdentifier":"3CAB497D-AE24-4F8D-BA4F-6A2E7B9BDCFC","Aces":[{"PrincipalSID":"S-1-5-21-281190741-663957839-302372622-512","PrincipalType":"Group","RightName":"Owner","AceType":"","IsInherited":false},{"PrincipalSID":"S-1-5-21-281190741-663957839-302372622-512","PrincipalType":"Group","RightName":"WriteDacl","AceType":"","IsInherited":false},{"PrincipalSID":"S-1-5-21-281190741-663957839-302372622-512","PrincipalType":"Group","RightName":"WriteOwner","AceType":"","IsInherited":false},{"PrincipalSID":"S-1-5-21-281190741-663957839-302372622-512","PrincipalType":"Group","RightName":"GenericWrite","AceType":"","IsInherited":false},{"PrincipalSID":"S-1-5-21-281190741-663957839-302372622-519","PrincipalType":"Group","RightName":"WriteDacl","AceType":"","IsInherited":false},{"PrincipalSID":"S-1-5-21-281190741-663957839-302372622-519","PrincipalType":"Group","RightName":"WriteOwner","AceType":"","IsInherited":false},{"PrincipalSID":"S-1-5-21-281190741-663957839-302372622-519","PrincipalType":"Group","RightName":"GenericWrite","AceType":"","IsInherited":false}]}],"meta":{"count":8,"type":"gpos","version":3}}