﻿{"data":[{"Properties":{"domain":"PRIME.PRI","name":"DEFAULT DOMAIN POLICY@PRIME.PRI","distinguishedname":"CN={31B2F340-016D-11D2-945F-00C04FB984F9},CN=POLICIES,CN=SYSTEM,DC=PRIME,DC=PRI","domainsid":"S-1-5-21-1649358021-4281159539-2796419911","highvalue":false,"description":null,"whencreated":1686665246,"gpcpath":"\\\\PRIME.PRI\\SYSVOL\\PRIME.PRI\\POLICIES\\{31B2F340-016D-11D2-945F-00C04FB984F9}"},"Aces":[{"PrincipalSID":"S-1-5-21-1649358021-4281159539-2796419911-512","PrincipalType":"Group","RightName":"Owns","IsInherited":false},{"PrincipalSID":"S-1-5-21-1649358021-4281159539-2796419911-512","PrincipalType":"Group","RightName":"WriteDacl","IsInherited":false},{"PrincipalSID":"S-1-5-21-1649358021-4281159539-2796419911-512","PrincipalType":"Group","RightName":"WriteOwner","IsInherited":false},{"PrincipalSID":"S-1-5-21-1649358021-4281159539-2796419911-512","PrincipalType":"Group","RightName":"GenericWrite","IsInherited":false},{"PrincipalSID":"S-1-5-21-1649358021-4281159539-2796419911-512","PrincipalType":"Group","RightName":"WriteDacl","IsInherited":false},{"PrincipalSID":"S-1-5-21-1649358021-4281159539-2796419911-512","PrincipalType":"Group","RightName":"WriteOwner","IsInherited":false},{"PrincipalSID":"S-1-5-21-1649358021-4281159539-2796419911-512","PrincipalType":"Group","RightName":"GenericWrite","IsInherited":false},{"PrincipalSID":"S-1-5-21-1649358021-4281159539-2796419911-519","PrincipalType":"Group","RightName":"WriteDacl","IsInherited":false},{"PrincipalSID":"S-1-5-21-1649358021-4281159539-2796419911-519","PrincipalType":"Group","RightName":"WriteOwner","IsInherited":false},{"PrincipalSID":"S-1-5-21-1649358021-4281159539-2796419911-519","PrincipalType":"Group","RightName":"GenericWrite","IsInherited":false}],"ObjectIdentifier":"0B3813EF-CCA3-4842-BF48-7BB4D0CC985B","IsDeleted":false,"IsACLProtected":true},{"Properties":{"domain":"PRIME.PRI","name":"DEFAULT DOMAIN CONTROLLERS POLICY@PRIME.PRI","distinguishedname":"CN={6AC1786C-016F-11D2-945F-00C04FB984F9},CN=POLICIES,CN=SYSTEM,DC=PRIME,DC=PRI","domainsid":"S-1-5-21-1649358021-4281159539-2796419911","highvalue":false,"description":null,"whencreated":1686665246,"gpcpath":"\\\\PRIME.PRI\\SYSVOL\\PRIME.PRI\\POLICIES\\{6AC1786C-016F-11D2-945F-00C04FB984F9}"},"Aces":[{"PrincipalSID":"S-1-5-21-1649358021-4281159539-2796419911-512","PrincipalType":"Group","RightName":"Owns","IsInherited":false},{"PrincipalSID":"S-1-5-21-1649358021-4281159539-2796419911-512","PrincipalType":"Group","RightName":"WriteDacl","IsInherited":false},{"PrincipalSID":"S-1-5-21-1649358021-4281159539-2796419911-512","PrincipalType":"Group","RightName":"WriteOwner","IsInherited":false},{"PrincipalSID":"S-1-5-21-1649358021-4281159539-2796419911-512","PrincipalType":"Group","RightName":"GenericWrite","IsInherited":false},{"PrincipalSID":"S-1-5-21-1649358021-4281159539-2796419911-512","PrincipalType":"Group","RightName":"WriteDacl","IsInherited":false},{"PrincipalSID":"S-1-5-21-1649358021-4281159539-2796419911-512","PrincipalType":"Group","RightName":"WriteOwner","IsInherited":false},{"PrincipalSID":"S-1-5-21-1649358021-4281159539-2796419911-512","PrincipalType":"Group","RightName":"GenericWrite","IsInherited":false},{"PrincipalSID":"S-1-5-21-1649358021-4281159539-2796419911-519","PrincipalType":"Group","RightName":"WriteDacl","IsInherited":false},{"PrincipalSID":"S-1-5-21-1649358021-4281159539-2796419911-519","PrincipalType":"Group","RightName":"WriteOwner","IsInherited":false},{"PrincipalSID":"S-1-5-21-1649358021-4281159539-2796419911-519","PrincipalType":"Group","RightName":"GenericWrite","IsInherited":false}],"ObjectIdentifier":"3805E9C7-C2E2-4136-A56F-D8362E245062","IsDeleted":false,"IsACLProtected":true},{"Properties":{"domain":"PRIME.PRI","name":"GOOGLE CHROME@PRIME.PRI","distinguishedname":"CN={E9035655-85D8-45CD-A57F-485E52645A04},CN=POLICIES,CN=SYSTEM,DC=PRIME,DC=PRI","domainsid":"S-1-5-21-1649358021-4281159539-2796419911","highvalue":false,"description":null,"whencreated":1686928693,"gpcpath":"\\\\PRIME.PRI\\SYSVOL\\PRIME.PRI\\POLICIES\\{E9035655-85D8-45CD-A57F-485E52645A04}"},"Aces":[{"PrincipalSID":"S-1-5-21-1649358021-4281159539-2796419911-512","PrincipalType":"Group","RightName":"Owns","IsInherited":false},{"PrincipalSID":"PRIME.PRI-S-1-5-11","PrincipalType":"Group","RightName":"GenericWrite","IsInherited":false},{"PrincipalSID":"S-1-5-21-1649358021-4281159539-2796419911-512","PrincipalType":"Group","RightName":"WriteDacl","IsInherited":false},{"PrincipalSID":"S-1-5-21-1649358021-4281159539-2796419911-512","PrincipalType":"Group","RightName":"WriteOwner","IsInherited":false},{"PrincipalSID":"S-1-5-21-1649358021-4281159539-2796419911-512","PrincipalType":"Group","RightName":"GenericWrite","IsInherited":false},{"PrincipalSID":"S-1-5-21-1649358021-4281159539-2796419911-519","PrincipalType":"Group","RightName":"WriteDacl","IsInherited":false},{"PrincipalSID":"S-1-5-21-1649358021-4281159539-2796419911-519","PrincipalType":"Group","RightName":"WriteOwner","IsInherited":false},{"PrincipalSID":"S-1-5-21-1649358021-4281159539-2796419911-519","PrincipalType":"Group","RightName":"GenericWrite","IsInherited":false},{"PrincipalSID":"S-1-5-21-1649358021-4281159539-2796419911-1108","PrincipalType":"User","RightName":"GenericWrite","IsInherited":false}],"ObjectIdentifier":"E1F7AD59-ECAA-4B80-9574-6868EB638BFF","IsDeleted":false,"IsACLProtected":true}],"meta":{"methods":29695,"type":"gpos","count":3,"version":5}}