﻿{"data":[{"GPOChanges":{"LocalAdmins":[],"RemoteDesktopUsers":[],"DcomUsers":[],"PSRemoteUsers":[],"AffectedComputers":[{"ObjectIdentifier":"S-1-5-21-1649358021-4281159539-2796419911-1000","ObjectType":"Computer"},{"ObjectIdentifier":"S-1-5-21-1649358021-4281159539-2796419911-1103","ObjectType":"Computer"},{"ObjectIdentifier":"S-1-5-21-1649358021-4281159539-2796419911-1105","ObjectType":"Computer"},{"ObjectIdentifier":"S-1-5-21-1649358021-4281159539-2796419911-1106","ObjectType":"Computer"}]},"Properties":{"domain":"PRIME.PRI","name":"PRIME.PRI","distinguishedname":"DC=PRIME,DC=PRI","domainsid":"S-1-5-21-1649358021-4281159539-2796419911","highvalue":true,"description":null,"whencreated":1686665238,"functionallevel":"2016"},"ChildObjects":[{"ObjectIdentifier":"6826C279-E055-443B-9137-EA697956ECBF","ObjectType":"OU"},{"ObjectIdentifier":"2DB719A0-856F-446C-AB49-4565049208AD","ObjectType":"Container"},{"ObjectIdentifier":"A13BDE98-770E-4C02-8F47-A82CD65DB252","ObjectType":"OU"},{"ObjectIdentifier":"A6E2C059-F2E3-4599-A358-A525326EA3E1","ObjectType":"OU"},{"ObjectIdentifier":"E9380C17-5899-4718-9C82-36B7003D8BFD","ObjectType":"OU"},{"ObjectIdentifier":"50D98176-4328-416F-8BF9-89D9A7ABCD3E","ObjectType":"Container"},{"ObjectIdentifier":"7C78F7CD-16C0-4E8A-A300-2DE018040400","ObjectType":"OU"},{"ObjectIdentifier":"7CDD3576-DF48-47E6-859D-74060BB5A3AE","ObjectType":"Container"},{"ObjectIdentifier":"EAA0667E-C8AC-4467-8D97-534C2FB955E1","ObjectType":"Container"},{"ObjectIdentifier":"2BAAA715-47E5-4212-9BE5-54B4E0D94F5F","ObjectType":"OU"},{"ObjectIdentifier":"9F9750EF-AA60-4302-8C98-23D3A6EA92CA","ObjectType":"Container"}],"Trusts":[],"Links":[{"IsEnforced":false,"GUID":"0B3813EF-CCA3-4842-BF48-7BB4D0CC985B"}],"Aces":[{"PrincipalSID":"PRIME.PRI-S-1-5-32-544","PrincipalType":"Group","RightName":"Owns","IsInherited":false},{"PrincipalSID":"PRIME.PRI-S-1-5-32-544","PrincipalType":"Group","RightName":"WriteDacl","IsInherited":false},{"PrincipalSID":"PRIME.PRI-S-1-5-32-544","PrincipalType":"Group","RightName":"WriteOwner","IsInherited":false},{"PrincipalSID":"PRIME.PRI-S-1-5-32-544","PrincipalType":"Group","RightName":"AllExtendedRights","IsInherited":false},{"PrincipalSID":"S-1-5-21-1649358021-4281159539-2796419911-512","PrincipalType":"Group","RightName":"WriteDacl","IsInherited":false},{"PrincipalSID":"S-1-5-21-1649358021-4281159539-2796419911-512","PrincipalType":"Group","RightName":"WriteOwner","IsInherited":false},{"PrincipalSID":"S-1-5-21-1649358021-4281159539-2796419911-512","PrincipalType":"Group","RightName":"AllExtendedRights","IsInherited":false},{"PrincipalSID":"S-1-5-21-1649358021-4281159539-2796419911-519","PrincipalType":"Group","RightName":"GenericAll","IsInherited":false},{"PrincipalSID":"PRIME.PRI-S-1-5-9","PrincipalType":"Group","RightName":"GetChanges","IsInherited":false},{"PrincipalSID":"PRIME.PRI-S-1-5-9","PrincipalType":"Group","RightName":"GetChangesInFilteredSet","IsInherited":false},{"PrincipalSID":"PRIME.PRI-S-1-5-32-544","PrincipalType":"Group","RightName":"GetChangesAll","IsInherited":false},{"PrincipalSID":"PRIME.PRI-S-1-5-32-544","PrincipalType":"Group","RightName":"GetChanges","IsInherited":false},{"PrincipalSID":"PRIME.PRI-S-1-5-32-544","PrincipalType":"Group","RightName":"GetChangesInFilteredSet","IsInherited":false},{"PrincipalSID":"S-1-5-21-1649358021-4281159539-2796419911-498","PrincipalType":"Group","RightName":"GetChanges","IsInherited":false},{"PrincipalSID":"S-1-5-21-1649358021-4281159539-2796419911-516","PrincipalType":"Group","RightName":"GetChangesAll","IsInherited":false}],"ObjectIdentifier":"S-1-5-21-1649358021-4281159539-2796419911","IsDeleted":false,"IsACLProtected":false}],"meta":{"methods":29695,"type":"domains","count":1,"version":5}}