﻿{"data":[{"Members":[{"ObjectIdentifier":"S-1-5-21-2710360183-3931155306-2783742369-1614","ObjectType":"User"},{"ObjectIdentifier":"S-1-5-21-2710360183-3931155306-2783742369-512","ObjectType":"Group"},{"ObjectIdentifier":"S-1-5-21-2710360183-3931155306-2783742369-519","ObjectType":"Group"},{"ObjectIdentifier":"S-1-5-21-2710360183-3931155306-2783742369-500","ObjectType":"User"}],"Aces":[{"PrincipalSID":"S-1-5-21-2710360183-3931155306-2783742369-512","PrincipalType":"Group","RightName":"Owns","IsInherited":false},{"PrincipalSID":"PRIME.PRI-S-1-5-32-544","PrincipalType":"Group","RightName":"WriteDacl","IsInherited":false},{"PrincipalSID":"PRIME.PRI-S-1-5-32-544","PrincipalType":"Group","RightName":"WriteOwner","IsInherited":false},{"PrincipalSID":"PRIME.PRI-S-1-5-32-544","PrincipalType":"Group","RightName":"GenericWrite","IsInherited":false},{"PrincipalSID":"S-1-5-21-2710360183-3931155306-2783742369-512","PrincipalType":"Group","RightName":"WriteDacl","IsInherited":false},{"PrincipalSID":"S-1-5-21-2710360183-3931155306-2783742369-512","PrincipalType":"Group","RightName":"WriteOwner","IsInherited":false},{"PrincipalSID":"S-1-5-21-2710360183-3931155306-2783742369-512","PrincipalType":"Group","RightName":"GenericWrite","IsInherited":false},{"PrincipalSID":"S-1-5-21-2710360183-3931155306-2783742369-519","PrincipalType":"Group","RightName":"WriteDacl","IsInherited":false},{"PrincipalSID":"S-1-5-21-2710360183-3931155306-2783742369-519","PrincipalType":"Group","RightName":"WriteOwner","IsInherited":false},{"PrincipalSID":"S-1-5-21-2710360183-3931155306-2783742369-519","PrincipalType":"Group","RightName":"GenericWrite","IsInherited":false},{"PrincipalSID":"S-1-5-21-2710360183-3931155306-2783742369-1109","PrincipalType":"User","RightName":"GenericWrite","IsInherited":false}],"ObjectIdentifier":"PRIME.PRI-S-1-5-32-544","IsDeleted":false,"IsACLProtected":true,"Properties":{"domain":"PRIME.PRI","name":"ADMINISTRATORS@PRIME.PRI","distinguishedname":"CN=ADMINISTRATORS,CN=BUILTIN,DC=PRIME,DC=PRI","domainsid":"S-1-5-21-2710360183-3931155306-2783742369","highvalue":true,"description":"Administrators have complete and unrestricted access to the computer/domain","whencreated":1636119858,"admincount":true}},{"Members":[{"ObjectIdentifier":"S-1-5-21-2710360183-3931155306-2783742369-514","ObjectType":"Group"},{"ObjectIdentifier":"S-1-5-21-2710360183-3931155306-2783742369-501","ObjectType":"User"}],"Aces":[{"PrincipalSID":"PRIME.PRI-S-1-5-32-544","PrincipalType":"Group","RightName":"Owns","IsInherited":false},{"PrincipalSID":"PRIME.PRI-S-1-5-32-548","PrincipalType":"Group","RightName":"GenericAll","IsInherited":false},{"PrincipalSID":"S-1-5-21-2710360183-3931155306-2783742369-512","PrincipalType":"Group","RightName":"GenericAll","IsInherited":false},{"PrincipalSID":"S-1-5-21-2710360183-3931155306-2783742369-519","PrincipalType":"Group","RightName":"GenericAll","IsInherited":true},{"PrincipalSID":"PRIME.PRI-S-1-5-32-544","PrincipalType":"Group","RightName":"WriteDacl","IsInherited":true},{"PrincipalSID":"PRIME.PRI-S-1-5-32-544","PrincipalType":"Group","RightName":"WriteOwner","IsInherited":true},{"PrincipalSID":"PRIME.PRI-S-1-5-32-544","PrincipalType":"Group","RightName":"GenericWrite","IsInherited":true},{"PrincipalSID":"S-1-5-21-2710360183-3931155306-2783742369-3181","PrincipalType":"User","RightName":"GenericWrite","IsInherited":true}],"ObjectIdentifier":"PRIME.PRI-S-1-5-32-546","IsDeleted":false,"IsACLProtected":false,"Properties":{"domain":"PRIME.PRI","name":"GUESTS@PRIME.PRI","distinguishedname":"CN=GUESTS,CN=BUILTIN,DC=PRIME,DC=PRI","domainsid":"S-1-5-21-2710360183-3931155306-2783742369","highvalue":false,"description":"Guests have the same access as members of the Users group by default, except for the Guest account which is further restricted","whencreated":1636119858,"admincount":false}},{"Members":[{"ObjectIdentifier":"S-1-5-21-2710360183-3931155306-2783742369-1000","ObjectType":"Computer"}],"Aces":[{"PrincipalSID":"S-1-5-21-2710360183-3931155306-2783742369-512","PrincipalType":"Group","RightName":"Owns","IsInherited":false},{"PrincipalSID":"PRIME.PRI-S-1-5-32-548","PrincipalType":"Group","RightName":"GenericAll","IsInherited":false},{"PrincipalSID":"S-1-5-21-2710360183-3931155306-2783742369-512","PrincipalType":"Group","RightName":"GenericAll","IsInherited":false},{"PrincipalSID":"S-1-5-21-2710360183-3931155306-2783742369-3181","PrincipalType":"User","RightName":"GenericWrite","IsInherited":true},{"PrincipalSID":"S-1-5-21-2710360183-3931155306-2783742369-519","PrincipalType":"Group","RightName":"GenericAll","IsInherited":true},{"PrincipalSID":"PRIME.PRI-S-1-5-32-544","PrincipalType":"Group","RightName":"WriteDacl","IsInherited":true},{"PrincipalSID":"PRIME.PRI-S-1-5-32-544","PrincipalType":"Group","RightName":"WriteOwner","IsInherited":true},{"PrincipalSID":"PRIME.PRI-S-1-5-32-544","PrincipalType":"Group","RightName":"GenericWrite","IsInherited":true}],"ObjectIdentifier":"S-1-5-21-2710360183-3931155306-2783742369-517","IsDeleted":false,"IsACLProtected":false,"Properties":{"domain":"PRIME.PRI","name":"CERT PUBLISHERS@PRIME.PRI","distinguishedname":"CN=CERT PUBLISHERS,CN=USERS,DC=PRIME,DC=PRI","domainsid":"S-1-5-21-2710360183-3931155306-2783742369","highvalue":false,"description":"Members of this group are permitted to publish certificates to the directory","whencreated":1636119901,"admincount":false}},{"Members":[],"Aces":[{"PrincipalSID":"PRIME.PRI-S-1-5-32-544","PrincipalType":"Group","RightName":"Owns","IsInherited":false},{"PrincipalSID":"PRIME.PRI-S-1-5-32-548","PrincipalType":"Group","RightName":"GenericAll","IsInherited":false},{"PrincipalSID":"S-1-5-21-2710360183-3931155306-2783742369-512","PrincipalType":"Group","RightName":"GenericAll","IsInherited":false},{"PrincipalSID":"S-1-5-21-2710360183-3931155306-2783742369-519","PrincipalType":"Group","RightName":"GenericAll","IsInherited":true},{"PrincipalSID":"PRIME.PRI-S-1-5-32-544","PrincipalType":"Group","RightName":"WriteDacl","IsInherited":true},{"PrincipalSID":"PRIME.PRI-S-1-5-32-544","PrincipalType":"Group","RightName":"WriteOwner","IsInherited":true},{"PrincipalSID":"PRIME.PRI-S-1-5-32-544","PrincipalType":"Group","RightName":"GenericWrite","IsInherited":true},{"PrincipalSID":"S-1-5-21-2710360183-3931155306-2783742369-3181","PrincipalType":"User","RightName":"GenericWrite","IsInherited":true}],"ObjectIdentifier":"PRIME.PRI-S-1-5-32-559","IsDeleted":false,"IsACLProtected":false,"Properties":{"domain":"PRIME.PRI","name":"PERFORMANCE LOG USERS@PRIME.PRI","distinguishedname":"CN=PERFORMANCE LOG USERS,CN=BUILTIN,DC=PRIME,DC=PRI","domainsid":"S-1-5-21-2710360183-3931155306-2783742369","highvalue":false,"description":"Members of this group may schedule logging of performance counters, enable trace providers, and collect event traces both locally and via remote access to this computer","whencreated":1636119858,"admincount":false}},{"Members":[{"ObjectIdentifier":"S-1-5-21-2710360183-3931155306-2783742369-521","ObjectType":"Group"},{"ObjectIdentifier":"S-1-5-21-2710360183-3931155306-2783742369-520","ObjectType":"Group"},{"ObjectIdentifier":"S-1-5-21-2710360183-3931155306-2783742369-512","ObjectType":"Group"},{"ObjectIdentifier":"S-1-5-21-2710360183-3931155306-2783742369-517","ObjectType":"Group"},{"ObjectIdentifier":"S-1-5-21-2710360183-3931155306-2783742369-519","ObjectType":"Group"},{"ObjectIdentifier":"S-1-5-21-2710360183-3931155306-2783742369-518","ObjectType":"Group"},{"ObjectIdentifier":"S-1-5-21-2710360183-3931155306-2783742369-516","ObjectType":"Group"},{"ObjectIdentifier":"S-1-5-21-2710360183-3931155306-2783742369-502","ObjectType":"User"}],"Aces":[{"PrincipalSID":"S-1-5-21-2710360183-3931155306-2783742369-512","PrincipalType":"Group","RightName":"Owns","IsInherited":false},{"PrincipalSID":"PRIME.PRI-S-1-5-32-548","PrincipalType":"Group","RightName":"GenericAll","IsInherited":false},{"PrincipalSID":"S-1-5-21-2710360183-3931155306-2783742369-512","PrincipalType":"Group","RightName":"GenericAll","IsInherited":false},{"PrincipalSID":"S-1-5-21-2710360183-3931155306-2783742369-3181","PrincipalType":"User","RightName":"GenericWrite","IsInherited":true},{"PrincipalSID":"S-1-5-21-2710360183-3931155306-2783742369-519","PrincipalType":"Group","RightName":"GenericAll","IsInherited":true},{"PrincipalSID":"PRIME.PRI-S-1-5-32-544","PrincipalType":"Group","RightName":"WriteDacl","IsInherited":true},{"PrincipalSID":"PRIME.PRI-S-1-5-32-544","PrincipalType":"Group","RightName":"WriteOwner","IsInherited":true},{"PrincipalSID":"PRIME.PRI-S-1-5-32-544","PrincipalType":"Group","RightName":"GenericWrite","IsInherited":true}],"ObjectIdentifier":"S-1-5-21-2710360183-3931155306-2783742369-572","IsDeleted":false,"IsACLProtected":false,"Properties":{"domain":"PRIME.PRI","name":"DENIED RODC PASSWORD REPLICATION GROUP@PRIME.PRI","distinguishedname":"CN=DENIED RODC PASSWORD REPLICATION GROUP,CN=USERS,DC=PRIME,DC=PRI","domainsid":"S-1-5-21-2710360183-3931155306-2783742369","highvalue":false,"description":"Members in this group cannot have their passwords replicated to any read-only domain controllers in the domain","whencreated":1636119901,"admincount":false}},{"Members":[],"Aces":[{"PrincipalSID":"PRIME.PRI-S-1-5-32-544","PrincipalType":"Group","RightName":"Owns","IsInherited":false},{"PrincipalSID":"PRIME.PRI-S-1-5-32-548","PrincipalType":"Group","RightName":"GenericAll","IsInherited":false},{"PrincipalSID":"S-1-5-21-2710360183-3931155306-2783742369-512","PrincipalType":"Group","RightName":"GenericAll","IsInherited":false},{"PrincipalSID":"S-1-5-21-2710360183-3931155306-2783742369-519","PrincipalType":"Group","RightName":"GenericAll","IsInherited":true},{"PrincipalSID":"PRIME.PRI-S-1-5-32-544","PrincipalType":"Group","RightName":"WriteDacl","IsInherited":true},{"PrincipalSID":"PRIME.PRI-S-1-5-32-544","PrincipalType":"Group","RightName":"WriteOwner","IsInherited":true},{"PrincipalSID":"PRIME.PRI-S-1-5-32-544","PrincipalType":"Group","RightName":"GenericWrite","IsInherited":true},{"PrincipalSID":"S-1-5-21-2710360183-3931155306-2783742369-3181","PrincipalType":"User","RightName":"GenericWrite","IsInherited":true}],"ObjectIdentifier":"PRIME.PRI-S-1-5-32-558","IsDeleted":false,"IsACLProtected":false,"Properties":{"domain":"PRIME.PRI","name":"PERFORMANCE MONITOR USERS@PRIME.PRI","distinguishedname":"CN=PERFORMANCE MONITOR USERS,CN=BUILTIN,DC=PRIME,DC=PRI","domainsid":"S-1-5-21-2710360183-3931155306-2783742369","highvalue":false,"description":"Members of this group can access performance counter data locally and remotely","whencreated":1636119858,"admincount":false}},{"Members":[{"ObjectIdentifier":"S-1-5-21-2710360183-3931155306-2783742369-1612","ObjectType":"Group"}],"Aces":[{"PrincipalSID":"S-1-5-21-2710360183-3931155306-2783742369-512","PrincipalType":"Group","RightName":"Owns","IsInherited":false},{"PrincipalSID":"PRIME.PRI-S-1-5-32-548","PrincipalType":"Group","RightName":"GenericAll","IsInherited":false},{"PrincipalSID":"S-1-5-21-2710360183-3931155306-2783742369-512","PrincipalType":"Group","RightName":"GenericAll","IsInherited":false},{"PrincipalSID":"S-1-5-21-2710360183-3931155306-2783742369-3181","PrincipalType":"User","RightName":"GenericWrite","IsInherited":true},{"PrincipalSID":"S-1-5-21-2710360183-3931155306-2783742369-519","PrincipalType":"Group","RightName":"GenericAll","IsInherited":true},{"PrincipalSID":"PRIME.PRI-S-1-5-32-544","PrincipalType":"Group","RightName":"WriteDacl","IsInherited":true},{"PrincipalSID":"PRIME.PRI-S-1-5-32-544","PrincipalType":"Group","RightName":"WriteOwner","IsInherited":true},{"PrincipalSID":"PRIME.PRI-S-1-5-32-544","PrincipalType":"Group","RightName":"GenericWrite","IsInherited":true}],"ObjectIdentifier":"S-1-5-21-2710360183-3931155306-2783742369-1613","IsDeleted":false,"IsACLProtected":false,"Properties":{"domain":"PRIME.PRI","name":"LG_CMADMIN@PRIME.PRI","distinguishedname":"CN=LG_CMADMIN,OU=MECM,DC=PRIME,DC=PRI","domainsid":"S-1-5-21-2710360183-3931155306-2783742369","highvalue":false,"description":null,"whencreated":1639233035,"admincount":false}},{"Members":[{"ObjectIdentifier":"S-1-5-21-2710360183-3931155306-2783742369-500","ObjectType":"User"}],"Aces":[{"PrincipalSID":"S-1-5-21-2710360183-3931155306-2783742369-512","PrincipalType":"Group","RightName":"Owns","IsInherited":false},{"PrincipalSID":"PRIME.PRI-S-1-5-32-548","PrincipalType":"Group","RightName":"GenericAll","IsInherited":false},{"PrincipalSID":"S-1-5-21-2710360183-3931155306-2783742369-512","PrincipalType":"Group","RightName":"GenericAll","IsInherited":false},{"PrincipalSID":"S-1-5-21-2710360183-3931155306-2783742369-3181","PrincipalType":"User","RightName":"GenericWrite","IsInherited":true},{"PrincipalSID":"S-1-5-21-2710360183-3931155306-2783742369-519","PrincipalType":"Group","RightName":"GenericAll","IsInherited":true},{"PrincipalSID":"PRIME.PRI-S-1-5-32-544","PrincipalType":"Group","RightName":"WriteDacl","IsInherited":true},{"PrincipalSID":"PRIME.PRI-S-1-5-32-544","PrincipalType":"Group","RightName":"WriteOwner","IsInherited":true},{"PrincipalSID":"PRIME.PRI-S-1-5-32-544","PrincipalType":"Group","RightName":"GenericWrite","IsInherited":true}],"ObjectIdentifier":"S-1-5-21-2710360183-3931155306-2783742369-3177","IsDeleted":false,"IsACLProtected":false,"Properties":{"domain":"PRIME.PRI","name":"ADSYNCADMINS@PRIME.PRI","distinguishedname":"CN=ADSYNCADMINS,CN=USERS,DC=PRIME,DC=PRI","domainsid":"S-1-5-21-2710360183-3931155306-2783742369","highvalue":false,"description":"ADSyncAdmins","whencreated":1647705082,"admincount":false}},{"Members":[],"Aces":[{"PrincipalSID":"PRIME.PRI-S-1-5-32-544","PrincipalType":"Group","RightName":"Owns","IsInherited":false},{"PrincipalSID":"PRIME.PRI-S-1-5-32-548","PrincipalType":"Group","RightName":"GenericAll","IsInherited":false},{"PrincipalSID":"S-1-5-21-2710360183-3931155306-2783742369-512","PrincipalType":"Group","RightName":"GenericAll","IsInherited":false},{"PrincipalSID":"S-1-5-21-2710360183-3931155306-2783742369-519","PrincipalType":"Group","RightName":"GenericAll","IsInherited":true},{"PrincipalSID":"PRIME.PRI-S-1-5-32-544","PrincipalType":"Group","RightName":"WriteDacl","IsInherited":true},{"PrincipalSID":"PRIME.PRI-S-1-5-32-544","PrincipalType":"Group","RightName":"WriteOwner","IsInherited":true},{"PrincipalSID":"PRIME.PRI-S-1-5-32-544","PrincipalType":"Group","RightName":"GenericWrite","IsInherited":true},{"PrincipalSID":"S-1-5-21-2710360183-3931155306-2783742369-3181","PrincipalType":"User","RightName":"GenericWrite","IsInherited":true}],"ObjectIdentifier":"PRIME.PRI-S-1-5-32-562","IsDeleted":false,"IsACLProtected":false,"Properties":{"domain":"PRIME.PRI","name":"DISTRIBUTED COM USERS@PRIME.PRI","distinguishedname":"CN=DISTRIBUTED COM USERS,CN=BUILTIN,DC=PRIME,DC=PRI","domainsid":"S-1-5-21-2710360183-3931155306-2783742369","highvalue":false,"description":"Members are allowed to launch, activate and use Distributed COM objects on this machine.","whencreated":1636119858,"admincount":false}},{"Members":[],"Aces":[{"PrincipalSID":"S-1-5-21-2710360183-3931155306-2783742369-512","PrincipalType":"Group","RightName":"Owns","IsInherited":false},{"PrincipalSID":"PRIME.PRI-S-1-5-32-544","PrincipalType":"Group","RightName":"WriteDacl","IsInherited":false},{"PrincipalSID":"PRIME.PRI-S-1-5-32-544","PrincipalType":"Group","RightName":"WriteOwner","IsInherited":false},{"PrincipalSID":"PRIME.PRI-S-1-5-32-544","PrincipalType":"Group","RightName":"GenericWrite","IsInherited":false},{"PrincipalSID":"S-1-5-21-2710360183-3931155306-2783742369-512","PrincipalType":"Group","RightName":"WriteDacl","IsInherited":false},{"PrincipalSID":"S-1-5-21-2710360183-3931155306-2783742369-512","PrincipalType":"Group","RightName":"WriteOwner","IsInherited":false},{"PrincipalSID":"S-1-5-21-2710360183-3931155306-2783742369-512","PrincipalType":"Group","RightName":"GenericWrite","IsInherited":false},{"PrincipalSID":"S-1-5-21-2710360183-3931155306-2783742369-519","PrincipalType":"Group","RightName":"WriteDacl","IsInherited":false},{"PrincipalSID":"S-1-5-21-2710360183-3931155306-2783742369-519","PrincipalType":"Group","RightName":"WriteOwner","IsInherited":false},{"PrincipalSID":"S-1-5-21-2710360183-3931155306-2783742369-519","PrincipalType":"Group","RightName":"GenericWrite","IsInherited":false},{"PrincipalSID":"S-1-5-21-2710360183-3931155306-2783742369-1109","PrincipalType":"User","RightName":"GenericWrite","IsInherited":false}],"ObjectIdentifier":"PRIME.PRI-S-1-5-32-550","IsDeleted":false,"IsACLProtected":true,"Properties":{"domain":"PRIME.PRI","name":"PRINT OPERATORS@PRIME.PRI","distinguishedname":"CN=PRINT OPERATORS,CN=BUILTIN,DC=PRIME,DC=PRI","domainsid":"S-1-5-21-2710360183-3931155306-2783742369","highvalue":true,"description":"Members can administer printers installed on domain controllers","whencreated":1636119858,"admincount":true}},{"Members":[{"ObjectIdentifier":"S-1-5-21-2710360183-3931155306-2783742369-1614","ObjectType":"User"},{"ObjectIdentifier":"S-1-5-21-2710360183-3931155306-2783742369-500","ObjectType":"User"}],"Aces":[{"PrincipalSID":"S-1-5-21-2710360183-3931155306-2783742369-512","PrincipalType":"Group","RightName":"Owns","IsInherited":false},{"PrincipalSID":"PRIME.PRI-S-1-5-32-544","PrincipalType":"Group","RightName":"WriteDacl","IsInherited":false},{"PrincipalSID":"PRIME.PRI-S-1-5-32-544","PrincipalType":"Group","RightName":"WriteOwner","IsInherited":false},{"PrincipalSID":"PRIME.PRI-S-1-5-32-544","PrincipalType":"Group","RightName":"GenericWrite","IsInherited":false},{"PrincipalSID":"S-1-5-21-2710360183-3931155306-2783742369-512","PrincipalType":"Group","RightName":"WriteDacl","IsInherited":false},{"PrincipalSID":"S-1-5-21-2710360183-3931155306-2783742369-512","PrincipalType":"Group","RightName":"WriteOwner","IsInherited":false},{"PrincipalSID":"S-1-5-21-2710360183-3931155306-2783742369-512","PrincipalType":"Group","RightName":"GenericWrite","IsInherited":false},{"PrincipalSID":"S-1-5-21-2710360183-3931155306-2783742369-519","PrincipalType":"Group","RightName":"WriteDacl","IsInherited":false},{"PrincipalSID":"S-1-5-21-2710360183-3931155306-2783742369-519","PrincipalType":"Group","RightName":"WriteOwner","IsInherited":false},{"PrincipalSID":"S-1-5-21-2710360183-3931155306-2783742369-519","PrincipalType":"Group","RightName":"GenericWrite","IsInherited":false},{"PrincipalSID":"S-1-5-21-2710360183-3931155306-2783742369-1109","PrincipalType":"User","RightName":"GenericWrite","IsInherited":false}],"ObjectIdentifier":"S-1-5-21-2710360183-3931155306-2783742369-518","IsDeleted":false,"IsACLProtected":true,"Properties":{"domain":"PRIME.PRI","name":"SCHEMA ADMINS@PRIME.PRI","distinguishedname":"CN=SCHEMA ADMINS,CN=USERS,DC=PRIME,DC=PRI","domainsid":"S-1-5-21-2710360183-3931155306-2783742369","highvalue":false,"description":"Designated administrators of the schema","whencreated":1636119901,"admincount":true}},{"Members":[{"ObjectIdentifier":"S-1-5-21-2710360183-3931155306-2783742369-2640","ObjectType":"User"},{"ObjectIdentifier":"S-1-5-21-2710360183-3931155306-2783742369-1614","ObjectType":"User"},{"ObjectIdentifier":"S-1-5-21-2710360183-3931155306-2783742369-500","ObjectType":"User"}],"Aces":[{"PrincipalSID":"S-1-5-21-2710360183-3931155306-2783742369-512","PrincipalType":"Group","RightName":"Owns","IsInherited":false},{"PrincipalSID":"PRIME.PRI-S-1-5-32-544","PrincipalType":"Group","RightName":"WriteDacl","IsInherited":false},{"PrincipalSID":"PRIME.PRI-S-1-5-32-544","PrincipalType":"Group","RightName":"WriteOwner","IsInherited":false},{"PrincipalSID":"PRIME.PRI-S-1-5-32-544","PrincipalType":"Group","RightName":"GenericWrite","IsInherited":false},{"PrincipalSID":"S-1-5-21-2710360183-3931155306-2783742369-512","PrincipalType":"Group","RightName":"WriteDacl","IsInherited":false},{"PrincipalSID":"S-1-5-21-2710360183-3931155306-2783742369-512","PrincipalType":"Group","RightName":"WriteOwner","IsInherited":false},{"PrincipalSID":"S-1-5-21-2710360183-3931155306-2783742369-512","PrincipalType":"Group","RightName":"GenericWrite","IsInherited":false},{"PrincipalSID":"S-1-5-21-2710360183-3931155306-2783742369-519","PrincipalType":"Group","RightName":"WriteDacl","IsInherited":false},{"PrincipalSID":"S-1-5-21-2710360183-3931155306-2783742369-519","PrincipalType":"Group","RightName":"WriteOwner","IsInherited":false},{"PrincipalSID":"S-1-5-21-2710360183-3931155306-2783742369-519","PrincipalType":"Group","RightName":"GenericWrite","IsInherited":false},{"PrincipalSID":"S-1-5-21-2710360183-3931155306-2783742369-1109","PrincipalType":"User","RightName":"GenericWrite","IsInherited":false}],"ObjectIdentifier":"S-1-5-21-2710360183-3931155306-2783742369-519","IsDeleted":false,"IsACLProtected":true,"Properties":{"domain":"PRIME.PRI","name":"ENTERPRISE ADMINS@PRIME.PRI","distinguishedname":"CN=ENTERPRISE ADMINS,CN=USERS,DC=PRIME,DC=PRI","domainsid":"S-1-5-21-2710360183-3931155306-2783742369","highvalue":true,"description":"Designated administrators of the enterprise","whencreated":1636119901,"admincount":true}},{"Members":[{"ObjectIdentifier":"S-1-5-21-2710360183-3931155306-2783742369-1614","ObjectType":"User"},{"ObjectIdentifier":"S-1-5-21-2710360183-3931155306-2783742369-500","ObjectType":"User"}],"Aces":[{"PrincipalSID":"S-1-5-21-2710360183-3931155306-2783742369-512","PrincipalType":"Group","RightName":"Owns","IsInherited":false},{"PrincipalSID":"PRIME.PRI-S-1-5-32-544","PrincipalType":"Group","RightName":"WriteDacl","IsInherited":false},{"PrincipalSID":"PRIME.PRI-S-1-5-32-544","PrincipalType":"Group","RightName":"WriteOwner","IsInherited":false},{"PrincipalSID":"PRIME.PRI-S-1-5-32-544","PrincipalType":"Group","RightName":"GenericWrite","IsInherited":false},{"PrincipalSID":"S-1-5-21-2710360183-3931155306-2783742369-512","PrincipalType":"Group","RightName":"WriteDacl","IsInherited":false},{"PrincipalSID":"S-1-5-21-2710360183-3931155306-2783742369-512","PrincipalType":"Group","RightName":"WriteOwner","IsInherited":false},{"PrincipalSID":"S-1-5-21-2710360183-3931155306-2783742369-512","PrincipalType":"Group","RightName":"GenericWrite","IsInherited":false},{"PrincipalSID":"S-1-5-21-2710360183-3931155306-2783742369-519","PrincipalType":"Group","RightName":"WriteDacl","IsInherited":false},{"PrincipalSID":"S-1-5-21-2710360183-3931155306-2783742369-519","PrincipalType":"Group","RightName":"WriteOwner","IsInherited":false},{"PrincipalSID":"S-1-5-21-2710360183-3931155306-2783742369-519","PrincipalType":"Group","RightName":"GenericWrite","IsInherited":false},{"PrincipalSID":"S-1-5-21-2710360183-3931155306-2783742369-1109","PrincipalType":"User","RightName":"GenericWrite","IsInherited":false}],"ObjectIdentifier":"S-1-5-21-2710360183-3931155306-2783742369-512","IsDeleted":false,"IsACLProtected":true,"Properties":{"domain":"PRIME.PRI","name":"DOMAIN ADMINS@PRIME.PRI","distinguishedname":"CN=DOMAIN ADMINS,CN=USERS,DC=PRIME,DC=PRI","domainsid":"S-1-5-21-2710360183-3931155306-2783742369","highvalue":true,"description":"Designated administrators of the domain","whencreated":1636119901,"admincount":true}},{"Members":[],"Aces":[{"PrincipalSID":"PRIME.PRI-S-1-5-32-544","PrincipalType":"Group","RightName":"Owns","IsInherited":false},{"PrincipalSID":"PRIME.PRI-S-1-5-32-548","PrincipalType":"Group","RightName":"GenericAll","IsInherited":false},{"PrincipalSID":"S-1-5-21-2710360183-3931155306-2783742369-512","PrincipalType":"Group","RightName":"GenericAll","IsInherited":false},{"PrincipalSID":"S-1-5-21-2710360183-3931155306-2783742369-519","PrincipalType":"Group","RightName":"GenericAll","IsInherited":true},{"PrincipalSID":"PRIME.PRI-S-1-5-32-544","PrincipalType":"Group","RightName":"WriteDacl","IsInherited":true},{"PrincipalSID":"PRIME.PRI-S-1-5-32-544","PrincipalType":"Group","RightName":"WriteOwner","IsInherited":true},{"PrincipalSID":"PRIME.PRI-S-1-5-32-544","PrincipalType":"Group","RightName":"GenericWrite","IsInherited":true},{"PrincipalSID":"S-1-5-21-2710360183-3931155306-2783742369-3181","PrincipalType":"User","RightName":"GenericWrite","IsInherited":true}],"ObjectIdentifier":"PRIME.PRI-S-1-5-32-573","IsDeleted":false,"IsACLProtected":false,"Properties":{"domain":"PRIME.PRI","name":"EVENT LOG READERS@PRIME.PRI","distinguishedname":"CN=EVENT LOG READERS,CN=BUILTIN,DC=PRIME,DC=PRI","domainsid":"S-1-5-21-2710360183-3931155306-2783742369","highvalue":false,"description":"Members of this group can read event logs from local machine","whencreated":1636119858,"admincount":false}},{"Members":[{"ObjectIdentifier":"S-1-5-21-2710360183-3931155306-2783742369-500","ObjectType":"User"}],"Aces":[{"PrincipalSID":"S-1-5-21-2710360183-3931155306-2783742369-512","PrincipalType":"Group","RightName":"Owns","IsInherited":false},{"PrincipalSID":"PRIME.PRI-S-1-5-32-548","PrincipalType":"Group","RightName":"GenericAll","IsInherited":false},{"PrincipalSID":"S-1-5-21-2710360183-3931155306-2783742369-512","PrincipalType":"Group","RightName":"GenericAll","IsInherited":false},{"PrincipalSID":"S-1-5-21-2710360183-3931155306-2783742369-3181","PrincipalType":"User","RightName":"GenericWrite","IsInherited":true},{"PrincipalSID":"S-1-5-21-2710360183-3931155306-2783742369-519","PrincipalType":"Group","RightName":"GenericAll","IsInherited":true},{"PrincipalSID":"PRIME.PRI-S-1-5-32-544","PrincipalType":"Group","RightName":"WriteDacl","IsInherited":true},{"PrincipalSID":"PRIME.PRI-S-1-5-32-544","PrincipalType":"Group","RightName":"WriteOwner","IsInherited":true},{"PrincipalSID":"PRIME.PRI-S-1-5-32-544","PrincipalType":"Group","RightName":"GenericWrite","IsInherited":true}],"ObjectIdentifier":"S-1-5-21-2710360183-3931155306-2783742369-520","IsDeleted":false,"IsACLProtected":false,"Properties":{"domain":"PRIME.PRI","name":"GROUP POLICY CREATOR OWNERS@PRIME.PRI","distinguishedname":"CN=GROUP POLICY CREATOR OWNERS,CN=USERS,DC=PRIME,DC=PRI","domainsid":"S-1-5-21-2710360183-3931155306-2783742369","highvalue":false,"description":"Members in this group can modify group policy for the domain","whencreated":1636119901,"admincount":false}},{"Members":[],"Aces":[{"PrincipalSID":"PRIME.PRI-S-1-5-32-544","PrincipalType":"Group","RightName":"Owns","IsInherited":false},{"PrincipalSID":"PRIME.PRI-S-1-5-32-548","PrincipalType":"Group","RightName":"GenericAll","IsInherited":false},{"PrincipalSID":"S-1-5-21-2710360183-3931155306-2783742369-512","PrincipalType":"Group","RightName":"GenericAll","IsInherited":false},{"PrincipalSID":"S-1-5-21-2710360183-3931155306-2783742369-519","PrincipalType":"Group","RightName":"GenericAll","IsInherited":true},{"PrincipalSID":"PRIME.PRI-S-1-5-32-544","PrincipalType":"Group","RightName":"WriteDacl","IsInherited":true},{"PrincipalSID":"PRIME.PRI-S-1-5-32-544","PrincipalType":"Group","RightName":"WriteOwner","IsInherited":true},{"PrincipalSID":"PRIME.PRI-S-1-5-32-544","PrincipalType":"Group","RightName":"GenericWrite","IsInherited":true},{"PrincipalSID":"S-1-5-21-2710360183-3931155306-2783742369-3181","PrincipalType":"User","RightName":"GenericWrite","IsInherited":true}],"ObjectIdentifier":"PRIME.PRI-S-1-5-32-576","IsDeleted":false,"IsACLProtected":false,"Properties":{"domain":"PRIME.PRI","name":"RDS ENDPOINT SERVERS@PRIME.PRI","distinguishedname":"CN=RDS ENDPOINT SERVERS,CN=BUILTIN,DC=PRIME,DC=PRI","domainsid":"S-1-5-21-2710360183-3931155306-2783742369","highvalue":false,"description":"Servers in this group run virtual machines and host sessions where users RemoteApp programs and personal virtual desktops run. This group needs to be populated on servers running RD Connection Broker. RD Session Host servers and RD Virtualization Host servers used in the deployment need to be in this group.","whencreated":1636119858,"admincount":false}},{"Members":[],"Aces":[{"PrincipalSID":"PRIME.PRI-S-1-5-32-544","PrincipalType":"Group","RightName":"Owns","IsInherited":false},{"PrincipalSID":"PRIME.PRI-S-1-5-32-548","PrincipalType":"Group","RightName":"GenericAll","IsInherited":false},{"PrincipalSID":"S-1-5-21-2710360183-3931155306-2783742369-512","PrincipalType":"Group","RightName":"GenericAll","IsInherited":false},{"PrincipalSID":"S-1-5-21-2710360183-3931155306-2783742369-519","PrincipalType":"Group","RightName":"GenericAll","IsInherited":true},{"PrincipalSID":"PRIME.PRI-S-1-5-32-544","PrincipalType":"Group","RightName":"WriteDacl","IsInherited":true},{"PrincipalSID":"PRIME.PRI-S-1-5-32-544","PrincipalType":"Group","RightName":"WriteOwner","IsInherited":true},{"PrincipalSID":"PRIME.PRI-S-1-5-32-544","PrincipalType":"Group","RightName":"GenericWrite","IsInherited":true},{"PrincipalSID":"S-1-5-21-2710360183-3931155306-2783742369-3181","PrincipalType":"User","RightName":"GenericWrite","IsInherited":true}],"ObjectIdentifier":"PRIME.PRI-S-1-5-32-555","IsDeleted":false,"IsACLProtected":false,"Properties":{"domain":"PRIME.PRI","name":"REMOTE DESKTOP USERS@PRIME.PRI","distinguishedname":"CN=REMOTE DESKTOP USERS,CN=BUILTIN,DC=PRIME,DC=PRI","domainsid":"S-1-5-21-2710360183-3931155306-2783742369","highvalue":false,"description":"Members in this group are granted the right to logon remotely","whencreated":1636119858,"admincount":false}},{"Members":[{"ObjectIdentifier":"PRIME.PRI-S-1-5-11","ObjectType":"Group"}],"Aces":[{"PrincipalSID":"PRIME.PRI-S-1-5-32-544","PrincipalType":"Group","RightName":"Owns","IsInherited":false},{"PrincipalSID":"PRIME.PRI-S-1-5-32-548","PrincipalType":"Group","RightName":"GenericAll","IsInherited":false},{"PrincipalSID":"S-1-5-21-2710360183-3931155306-2783742369-512","PrincipalType":"Group","RightName":"GenericAll","IsInherited":false},{"PrincipalSID":"S-1-5-21-2710360183-3931155306-2783742369-519","PrincipalType":"Group","RightName":"GenericAll","IsInherited":true},{"PrincipalSID":"PRIME.PRI-S-1-5-32-544","PrincipalType":"Group","RightName":"WriteDacl","IsInherited":true},{"PrincipalSID":"PRIME.PRI-S-1-5-32-544","PrincipalType":"Group","RightName":"WriteOwner","IsInherited":true},{"PrincipalSID":"PRIME.PRI-S-1-5-32-544","PrincipalType":"Group","RightName":"GenericWrite","IsInherited":true},{"PrincipalSID":"S-1-5-21-2710360183-3931155306-2783742369-3181","PrincipalType":"User","RightName":"GenericWrite","IsInherited":true}],"ObjectIdentifier":"PRIME.PRI-S-1-5-32-574","IsDeleted":false,"IsACLProtected":false,"Properties":{"domain":"PRIME.PRI","name":"CERTIFICATE SERVICE DCOM ACCESS@PRIME.PRI","distinguishedname":"CN=CERTIFICATE SERVICE DCOM ACCESS,CN=BUILTIN,DC=PRIME,DC=PRI","domainsid":"S-1-5-21-2710360183-3931155306-2783742369","highvalue":false,"description":"Members of this group are allowed to connect to Certification Authorities in the enterprise","whencreated":1636119858,"admincount":false}},{"Members":[{"ObjectIdentifier":"S-1-5-21-2710360183-3931155306-2783742369-1614","ObjectType":"User"}],"Aces":[{"PrincipalSID":"S-1-5-21-2710360183-3931155306-2783742369-512","PrincipalType":"Group","RightName":"Owns","IsInherited":false},{"PrincipalSID":"PRIME.PRI-S-1-5-32-548","PrincipalType":"Group","RightName":"GenericAll","IsInherited":false},{"PrincipalSID":"S-1-5-21-2710360183-3931155306-2783742369-512","PrincipalType":"Group","RightName":"GenericAll","IsInherited":false},{"PrincipalSID":"S-1-5-21-2710360183-3931155306-2783742369-3181","PrincipalType":"User","RightName":"GenericWrite","IsInherited":true},{"PrincipalSID":"S-1-5-21-2710360183-3931155306-2783742369-519","PrincipalType":"Group","RightName":"GenericAll","IsInherited":true},{"PrincipalSID":"PRIME.PRI-S-1-5-32-544","PrincipalType":"Group","RightName":"WriteDacl","IsInherited":true},{"PrincipalSID":"PRIME.PRI-S-1-5-32-544","PrincipalType":"Group","RightName":"WriteOwner","IsInherited":true},{"PrincipalSID":"PRIME.PRI-S-1-5-32-544","PrincipalType":"Group","RightName":"GenericWrite","IsInherited":true}],"ObjectIdentifier":"S-1-5-21-2710360183-3931155306-2783742369-1612","IsDeleted":false,"IsACLProtected":false,"Properties":{"domain":"PRIME.PRI","name":"GG_CMADMIN@PRIME.PRI","distinguishedname":"CN=GG_CMADMIN,OU=MECM,DC=PRIME,DC=PRI","domainsid":"S-1-5-21-2710360183-3931155306-2783742369","highvalue":false,"description":null,"whencreated":1639233023,"admincount":false}},{"Members":[],"Aces":[{"PrincipalSID":"S-1-5-21-2710360183-3931155306-2783742369-512","PrincipalType":"Group","RightName":"Owns","IsInherited":false},{"PrincipalSID":"PRIME.PRI-S-1-5-32-548","PrincipalType":"Group","RightName":"GenericAll","IsInherited":false},{"PrincipalSID":"S-1-5-21-2710360183-3931155306-2783742369-512","PrincipalType":"Group","RightName":"GenericAll","IsInherited":false},{"PrincipalSID":"S-1-5-21-2710360183-3931155306-2783742369-3181","PrincipalType":"User","RightName":"GenericWrite","IsInherited":true},{"PrincipalSID":"S-1-5-21-2710360183-3931155306-2783742369-519","PrincipalType":"Group","RightName":"GenericAll","IsInherited":true},{"PrincipalSID":"PRIME.PRI-S-1-5-32-544","PrincipalType":"Group","RightName":"WriteDacl","IsInherited":true},{"PrincipalSID":"PRIME.PRI-S-1-5-32-544","PrincipalType":"Group","RightName":"WriteOwner","IsInherited":true},{"PrincipalSID":"PRIME.PRI-S-1-5-32-544","PrincipalType":"Group","RightName":"GenericWrite","IsInherited":true}],"ObjectIdentifier":"S-1-5-21-2710360183-3931155306-2783742369-553","IsDeleted":false,"IsACLProtected":false,"Properties":{"domain":"PRIME.PRI","name":"RAS AND IAS SERVERS@PRIME.PRI","distinguishedname":"CN=RAS AND IAS SERVERS,CN=USERS,DC=PRIME,DC=PRI","domainsid":"S-1-5-21-2710360183-3931155306-2783742369","highvalue":false,"description":"Servers in this group can access remote access properties of users","whencreated":1636119901,"admincount":false}},{"Members":[],"Aces":[{"PrincipalSID":"PRIME.PRI-S-1-5-32-544","PrincipalType":"Group","RightName":"Owns","IsInherited":false},{"PrincipalSID":"PRIME.PRI-S-1-5-32-548","PrincipalType":"Group","RightName":"GenericAll","IsInherited":false},{"PrincipalSID":"S-1-5-21-2710360183-3931155306-2783742369-512","PrincipalType":"Group","RightName":"GenericAll","IsInherited":false},{"PrincipalSID":"S-1-5-21-2710360183-3931155306-2783742369-519","PrincipalType":"Group","RightName":"GenericAll","IsInherited":true},{"PrincipalSID":"PRIME.PRI-S-1-5-32-544","PrincipalType":"Group","RightName":"WriteDacl","IsInherited":true},{"PrincipalSID":"PRIME.PRI-S-1-5-32-544","PrincipalType":"Group","RightName":"WriteOwner","IsInherited":true},{"PrincipalSID":"PRIME.PRI-S-1-5-32-544","PrincipalType":"Group","RightName":"GenericWrite","IsInherited":true},{"PrincipalSID":"S-1-5-21-2710360183-3931155306-2783742369-3181","PrincipalType":"User","RightName":"GenericWrite","IsInherited":true}],"ObjectIdentifier":"PRIME.PRI-S-1-5-32-575","IsDeleted":false,"IsACLProtected":false,"Properties":{"domain":"PRIME.PRI","name":"RDS REMOTE ACCESS SERVERS@PRIME.PRI","distinguishedname":"CN=RDS REMOTE ACCESS SERVERS,CN=BUILTIN,DC=PRIME,DC=PRI","domainsid":"S-1-5-21-2710360183-3931155306-2783742369","highvalue":false,"description":"Servers in this group enable users of RemoteApp programs and personal virtual desktops access to these resources. In Internet-facing deployments, these servers are typically deployed in an edge network. This group needs to be populated on servers running RD Connection Broker. RD Gateway servers and RD Web Access servers used in the deployment need to be in this group.","whencreated":1636119858,"admincount":false}},{"Members":[],"Aces":[{"PrincipalSID":"PRIME.PRI-S-1-5-32-544","PrincipalType":"Group","RightName":"Owns","IsInherited":false},{"PrincipalSID":"PRIME.PRI-S-1-5-32-548","PrincipalType":"Group","RightName":"GenericAll","IsInherited":false},{"PrincipalSID":"S-1-5-21-2710360183-3931155306-2783742369-512","PrincipalType":"Group","RightName":"GenericAll","IsInherited":false},{"PrincipalSID":"S-1-5-21-2710360183-3931155306-2783742369-519","PrincipalType":"Group","RightName":"GenericAll","IsInherited":true},{"PrincipalSID":"PRIME.PRI-S-1-5-32-544","PrincipalType":"Group","RightName":"WriteDacl","IsInherited":true},{"PrincipalSID":"PRIME.PRI-S-1-5-32-544","PrincipalType":"Group","RightName":"WriteOwner","IsInherited":true},{"PrincipalSID":"PRIME.PRI-S-1-5-32-544","PrincipalType":"Group","RightName":"GenericWrite","IsInherited":true},{"PrincipalSID":"S-1-5-21-2710360183-3931155306-2783742369-3181","PrincipalType":"User","RightName":"GenericWrite","IsInherited":true}],"ObjectIdentifier":"PRIME.PRI-S-1-5-32-569","IsDeleted":false,"IsACLProtected":false,"Properties":{"domain":"PRIME.PRI","name":"CRYPTOGRAPHIC OPERATORS@PRIME.PRI","distinguishedname":"CN=CRYPTOGRAPHIC OPERATORS,CN=BUILTIN,DC=PRIME,DC=PRI","domainsid":"S-1-5-21-2710360183-3931155306-2783742369","highvalue":false,"description":"Members are authorized to perform cryptographic operations.","whencreated":1636119858,"admincount":false}},{"Members":[{"ObjectIdentifier":"PRIME.PRI-S-1-5-17","ObjectType":"Group"}],"Aces":[{"PrincipalSID":"PRIME.PRI-S-1-5-32-544","PrincipalType":"Group","RightName":"Owns","IsInherited":false},{"PrincipalSID":"PRIME.PRI-S-1-5-32-548","PrincipalType":"Group","RightName":"GenericAll","IsInherited":false},{"PrincipalSID":"S-1-5-21-2710360183-3931155306-2783742369-512","PrincipalType":"Group","RightName":"GenericAll","IsInherited":false},{"PrincipalSID":"S-1-5-21-2710360183-3931155306-2783742369-519","PrincipalType":"Group","RightName":"GenericAll","IsInherited":true},{"PrincipalSID":"PRIME.PRI-S-1-5-32-544","PrincipalType":"Group","RightName":"WriteDacl","IsInherited":true},{"PrincipalSID":"PRIME.PRI-S-1-5-32-544","PrincipalType":"Group","RightName":"WriteOwner","IsInherited":true},{"PrincipalSID":"PRIME.PRI-S-1-5-32-544","PrincipalType":"Group","RightName":"GenericWrite","IsInherited":true},{"PrincipalSID":"S-1-5-21-2710360183-3931155306-2783742369-3181","PrincipalType":"User","RightName":"GenericWrite","IsInherited":true}],"ObjectIdentifier":"PRIME.PRI-S-1-5-32-568","IsDeleted":false,"IsACLProtected":false,"Properties":{"domain":"PRIME.PRI","name":"IIS_IUSRS@PRIME.PRI","distinguishedname":"CN=IIS_IUSRS,CN=BUILTIN,DC=PRIME,DC=PRI","domainsid":"S-1-5-21-2710360183-3931155306-2783742369","highvalue":false,"description":"Built-in group used by Internet Information Services.","whencreated":1636119858,"admincount":false}},{"Members":[],"Aces":[{"PrincipalSID":"S-1-5-21-2710360183-3931155306-2783742369-512","PrincipalType":"Group","RightName":"Owns","IsInherited":false},{"PrincipalSID":"PRIME.PRI-S-1-5-32-544","PrincipalType":"Group","RightName":"WriteDacl","IsInherited":false},{"PrincipalSID":"PRIME.PRI-S-1-5-32-544","PrincipalType":"Group","RightName":"WriteOwner","IsInherited":false},{"PrincipalSID":"PRIME.PRI-S-1-5-32-544","PrincipalType":"Group","RightName":"GenericWrite","IsInherited":false},{"PrincipalSID":"S-1-5-21-2710360183-3931155306-2783742369-512","PrincipalType":"Group","RightName":"WriteDacl","IsInherited":false},{"PrincipalSID":"S-1-5-21-2710360183-3931155306-2783742369-512","PrincipalType":"Group","RightName":"WriteOwner","IsInherited":false},{"PrincipalSID":"S-1-5-21-2710360183-3931155306-2783742369-512","PrincipalType":"Group","RightName":"GenericWrite","IsInherited":false},{"PrincipalSID":"S-1-5-21-2710360183-3931155306-2783742369-519","PrincipalType":"Group","RightName":"WriteDacl","IsInherited":false},{"PrincipalSID":"S-1-5-21-2710360183-3931155306-2783742369-519","PrincipalType":"Group","RightName":"WriteOwner","IsInherited":false},{"PrincipalSID":"S-1-5-21-2710360183-3931155306-2783742369-519","PrincipalType":"Group","RightName":"GenericWrite","IsInherited":false},{"PrincipalSID":"S-1-5-21-2710360183-3931155306-2783742369-1109","PrincipalType":"User","RightName":"GenericWrite","IsInherited":false}],"ObjectIdentifier":"PRIME.PRI-S-1-5-32-549","IsDeleted":false,"IsACLProtected":true,"Properties":{"domain":"PRIME.PRI","name":"SERVER OPERATORS@PRIME.PRI","distinguishedname":"CN=SERVER OPERATORS,CN=BUILTIN,DC=PRIME,DC=PRI","domainsid":"S-1-5-21-2710360183-3931155306-2783742369","highvalue":true,"description":"Members can administer domain servers","whencreated":1636119901,"admincount":true}},{"Members":[],"Aces":[{"PrincipalSID":"S-1-5-21-2710360183-3931155306-2783742369-512","PrincipalType":"Group","RightName":"Owns","IsInherited":false},{"PrincipalSID":"PRIME.PRI-S-1-5-32-548","PrincipalType":"Group","RightName":"GenericAll","IsInherited":false},{"PrincipalSID":"S-1-5-21-2710360183-3931155306-2783742369-512","PrincipalType":"Group","RightName":"GenericAll","IsInherited":false},{"PrincipalSID":"S-1-5-21-2710360183-3931155306-2783742369-3181","PrincipalType":"User","RightName":"GenericWrite","IsInherited":true},{"PrincipalSID":"S-1-5-21-2710360183-3931155306-2783742369-519","PrincipalType":"Group","RightName":"GenericAll","IsInherited":true},{"PrincipalSID":"PRIME.PRI-S-1-5-32-544","PrincipalType":"Group","RightName":"WriteDacl","IsInherited":true},{"PrincipalSID":"PRIME.PRI-S-1-5-32-544","PrincipalType":"Group","RightName":"WriteOwner","IsInherited":true},{"PrincipalSID":"PRIME.PRI-S-1-5-32-544","PrincipalType":"Group","RightName":"GenericWrite","IsInherited":true}],"ObjectIdentifier":"S-1-5-21-2710360183-3931155306-2783742369-571","IsDeleted":false,"IsACLProtected":false,"Properties":{"domain":"PRIME.PRI","name":"ALLOWED RODC PASSWORD REPLICATION GROUP@PRIME.PRI","distinguishedname":"CN=ALLOWED RODC PASSWORD REPLICATION GROUP,CN=USERS,DC=PRIME,DC=PRI","domainsid":"S-1-5-21-2710360183-3931155306-2783742369","highvalue":false,"description":"Members in this group can have their passwords replicated to all read-only domain controllers in the domain","whencreated":1636119901,"admincount":false}},{"Members":[],"Aces":[{"PrincipalSID":"S-1-5-21-2710360183-3931155306-2783742369-512","PrincipalType":"Group","RightName":"Owns","IsInherited":false},{"PrincipalSID":"PRIME.PRI-S-1-5-32-548","PrincipalType":"Group","RightName":"GenericAll","IsInherited":false},{"PrincipalSID":"S-1-5-21-2710360183-3931155306-2783742369-512","PrincipalType":"Group","RightName":"GenericAll","IsInherited":false},{"PrincipalSID":"S-1-5-21-2710360183-3931155306-2783742369-519","PrincipalType":"Group","RightName":"GenericAll","IsInherited":true},{"PrincipalSID":"PRIME.PRI-S-1-5-32-544","PrincipalType":"Group","RightName":"WriteDacl","IsInherited":true},{"PrincipalSID":"PRIME.PRI-S-1-5-32-544","PrincipalType":"Group","RightName":"WriteOwner","IsInherited":true},{"PrincipalSID":"PRIME.PRI-S-1-5-32-544","PrincipalType":"Group","RightName":"GenericWrite","IsInherited":true},{"PrincipalSID":"S-1-5-21-2710360183-3931155306-2783742369-3181","PrincipalType":"User","RightName":"GenericWrite","IsInherited":true}],"ObjectIdentifier":"PRIME.PRI-S-1-5-32-561","IsDeleted":false,"IsACLProtected":false,"Properties":{"domain":"PRIME.PRI","name":"TERMINAL SERVER LICENSE SERVERS@PRIME.PRI","distinguishedname":"CN=TERMINAL SERVER LICENSE SERVERS,CN=BUILTIN,DC=PRIME,DC=PRI","domainsid":"S-1-5-21-2710360183-3931155306-2783742369","highvalue":false,"description":"Members of this group can update user accounts in Active Directory with information about license issuance, for the purpose of tracking and reporting TS Per User CAL usage","whencreated":1636119901,"admincount":false}},{"Members":[],"Aces":[{"PrincipalSID":"S-1-5-21-2710360183-3931155306-2783742369-512","PrincipalType":"Group","RightName":"Owns","IsInherited":false},{"PrincipalSID":"PRIME.PRI-S-1-5-32-548","PrincipalType":"Group","RightName":"GenericAll","IsInherited":false},{"PrincipalSID":"S-1-5-21-2710360183-3931155306-2783742369-512","PrincipalType":"Group","RightName":"GenericAll","IsInherited":false},{"PrincipalSID":"S-1-5-21-2710360183-3931155306-2783742369-3181","PrincipalType":"User","RightName":"GenericWrite","IsInherited":true},{"PrincipalSID":"S-1-5-21-2710360183-3931155306-2783742369-519","PrincipalType":"Group","RightName":"GenericAll","IsInherited":true},{"PrincipalSID":"PRIME.PRI-S-1-5-32-544","PrincipalType":"Group","RightName":"WriteDacl","IsInherited":true},{"PrincipalSID":"PRIME.PRI-S-1-5-32-544","PrincipalType":"Group","RightName":"WriteOwner","IsInherited":true},{"PrincipalSID":"PRIME.PRI-S-1-5-32-544","PrincipalType":"Group","RightName":"GenericWrite","IsInherited":true}],"ObjectIdentifier":"S-1-5-21-2710360183-3931155306-2783742369-3179","IsDeleted":false,"IsACLProtected":false,"Properties":{"domain":"PRIME.PRI","name":"ADSYNCBROWSE@PRIME.PRI","distinguishedname":"CN=ADSYNCBROWSE,CN=USERS,DC=PRIME,DC=PRI","domainsid":"S-1-5-21-2710360183-3931155306-2783742369","highvalue":false,"description":"ADSyncBrowse","whencreated":1647705082,"admincount":false}},{"Members":[],"Aces":[{"PrincipalSID":"S-1-5-21-2710360183-3931155306-2783742369-512","PrincipalType":"Group","RightName":"Owns","IsInherited":false},{"PrincipalSID":"PRIME.PRI-S-1-5-32-548","PrincipalType":"Group","RightName":"GenericAll","IsInherited":false},{"PrincipalSID":"S-1-5-21-2710360183-3931155306-2783742369-512","PrincipalType":"Group","RightName":"GenericAll","IsInherited":false},{"PrincipalSID":"S-1-5-21-2710360183-3931155306-2783742369-3181","PrincipalType":"User","RightName":"GenericWrite","IsInherited":true},{"PrincipalSID":"S-1-5-21-2710360183-3931155306-2783742369-519","PrincipalType":"Group","RightName":"GenericAll","IsInherited":true},{"PrincipalSID":"PRIME.PRI-S-1-5-32-544","PrincipalType":"Group","RightName":"WriteDacl","IsInherited":true},{"PrincipalSID":"PRIME.PRI-S-1-5-32-544","PrincipalType":"Group","RightName":"WriteOwner","IsInherited":true},{"PrincipalSID":"PRIME.PRI-S-1-5-32-544","PrincipalType":"Group","RightName":"GenericWrite","IsInherited":true}],"ObjectIdentifier":"S-1-5-21-2710360183-3931155306-2783742369-3180","IsDeleted":false,"IsACLProtected":false,"Properties":{"domain":"PRIME.PRI","name":"ADSYNCPASSWORDSET@PRIME.PRI","distinguishedname":"CN=ADSYNCPASSWORDSET,CN=USERS,DC=PRIME,DC=PRI","domainsid":"S-1-5-21-2710360183-3931155306-2783742369","highvalue":false,"description":"ADSyncPasswordSet","whencreated":1647705082,"admincount":false}},{"Members":[{"ObjectIdentifier":"S-1-5-21-2710360183-3931155306-2783742369-1000","ObjectType":"Computer"},{"ObjectIdentifier":"PRIME.PRI-S-1-5-11","ObjectType":"Group"}],"Aces":[{"PrincipalSID":"S-1-5-21-2710360183-3931155306-2783742369-512","PrincipalType":"Group","RightName":"Owns","IsInherited":false},{"PrincipalSID":"PRIME.PRI-S-1-5-32-548","PrincipalType":"Group","RightName":"GenericAll","IsInherited":false},{"PrincipalSID":"S-1-5-21-2710360183-3931155306-2783742369-512","PrincipalType":"Group","RightName":"GenericAll","IsInherited":false},{"PrincipalSID":"S-1-5-21-2710360183-3931155306-2783742369-519","PrincipalType":"Group","RightName":"GenericAll","IsInherited":true},{"PrincipalSID":"PRIME.PRI-S-1-5-32-544","PrincipalType":"Group","RightName":"WriteDacl","IsInherited":true},{"PrincipalSID":"PRIME.PRI-S-1-5-32-544","PrincipalType":"Group","RightName":"WriteOwner","IsInherited":true},{"PrincipalSID":"PRIME.PRI-S-1-5-32-544","PrincipalType":"Group","RightName":"GenericWrite","IsInherited":true},{"PrincipalSID":"S-1-5-21-2710360183-3931155306-2783742369-3181","PrincipalType":"User","RightName":"GenericWrite","IsInherited":true}],"ObjectIdentifier":"PRIME.PRI-S-1-5-32-554","IsDeleted":false,"IsACLProtected":false,"Properties":{"domain":"PRIME.PRI","name":"PRE-WINDOWS 2000 COMPATIBLE ACCESS@PRIME.PRI","distinguishedname":"CN=PRE-WINDOWS 2000 COMPATIBLE ACCESS,CN=BUILTIN,DC=PRIME,DC=PRI","domainsid":"S-1-5-21-2710360183-3931155306-2783742369","highvalue":false,"description":"A backward compatibility group which allows read access on all users and groups in the domain","whencreated":1636119901,"admincount":false}},{"Members":[],"Aces":[{"PrincipalSID":"PRIME.PRI-S-1-5-32-544","PrincipalType":"Group","RightName":"Owns","IsInherited":false},{"PrincipalSID":"PRIME.PRI-S-1-5-32-548","PrincipalType":"Group","RightName":"GenericAll","IsInherited":false},{"PrincipalSID":"S-1-5-21-2710360183-3931155306-2783742369-512","PrincipalType":"Group","RightName":"GenericAll","IsInherited":false},{"PrincipalSID":"S-1-5-21-2710360183-3931155306-2783742369-519","PrincipalType":"Group","RightName":"GenericAll","IsInherited":true},{"PrincipalSID":"PRIME.PRI-S-1-5-32-544","PrincipalType":"Group","RightName":"WriteDacl","IsInherited":true},{"PrincipalSID":"PRIME.PRI-S-1-5-32-544","PrincipalType":"Group","RightName":"WriteOwner","IsInherited":true},{"PrincipalSID":"PRIME.PRI-S-1-5-32-544","PrincipalType":"Group","RightName":"GenericWrite","IsInherited":true},{"PrincipalSID":"S-1-5-21-2710360183-3931155306-2783742369-3181","PrincipalType":"User","RightName":"GenericWrite","IsInherited":true}],"ObjectIdentifier":"S-1-5-32-582","IsDeleted":false,"IsACLProtected":false,"Properties":{"domain":"PRIME.PRI","name":"STORAGE REPLICA ADMINISTRATORS@PRIME.PRI","distinguishedname":"CN=STORAGE REPLICA ADMINISTRATORS,CN=BUILTIN,DC=PRIME,DC=PRI","domainsid":"S-1-5-21-2710360183-3931155306-2783742369","highvalue":false,"description":"Members of this group have complete and unrestricted access to all features of Storage Replica.","whencreated":1636119858,"admincount":false}},{"Members":[],"Aces":[{"PrincipalSID":"S-1-5-21-2710360183-3931155306-2783742369-512","PrincipalType":"Group","RightName":"Owns","IsInherited":false},{"PrincipalSID":"PRIME.PRI-S-1-5-32-544","PrincipalType":"Group","RightName":"WriteDacl","IsInherited":false},{"PrincipalSID":"PRIME.PRI-S-1-5-32-544","PrincipalType":"Group","RightName":"WriteOwner","IsInherited":false},{"PrincipalSID":"PRIME.PRI-S-1-5-32-544","PrincipalType":"Group","RightName":"GenericWrite","IsInherited":false},{"PrincipalSID":"S-1-5-21-2710360183-3931155306-2783742369-512","PrincipalType":"Group","RightName":"WriteDacl","IsInherited":false},{"PrincipalSID":"S-1-5-21-2710360183-3931155306-2783742369-512","PrincipalType":"Group","RightName":"WriteOwner","IsInherited":false},{"PrincipalSID":"S-1-5-21-2710360183-3931155306-2783742369-512","PrincipalType":"Group","RightName":"GenericWrite","IsInherited":false},{"PrincipalSID":"S-1-5-21-2710360183-3931155306-2783742369-519","PrincipalType":"Group","RightName":"WriteDacl","IsInherited":false},{"PrincipalSID":"S-1-5-21-2710360183-3931155306-2783742369-519","PrincipalType":"Group","RightName":"WriteOwner","IsInherited":false},{"PrincipalSID":"S-1-5-21-2710360183-3931155306-2783742369-519","PrincipalType":"Group","RightName":"GenericWrite","IsInherited":false},{"PrincipalSID":"S-1-5-21-2710360183-3931155306-2783742369-1109","PrincipalType":"User","RightName":"GenericWrite","IsInherited":false}],"ObjectIdentifier":"PRIME.PRI-S-1-5-32-551","IsDeleted":false,"IsACLProtected":true,"Properties":{"domain":"PRIME.PRI","name":"BACKUP OPERATORS@PRIME.PRI","distinguishedname":"CN=BACKUP OPERATORS,CN=BUILTIN,DC=PRIME,DC=PRI","domainsid":"S-1-5-21-2710360183-3931155306-2783742369","highvalue":true,"description":"Backup Operators can override security restrictions for the sole purpose of backing up or restoring files","whencreated":1636119858,"admincount":true}},{"Members":[],"Aces":[{"PrincipalSID":"PRIME.PRI-S-1-5-32-544","PrincipalType":"Group","RightName":"Owns","IsInherited":false},{"PrincipalSID":"PRIME.PRI-S-1-5-32-548","PrincipalType":"Group","RightName":"GenericAll","IsInherited":false},{"PrincipalSID":"S-1-5-21-2710360183-3931155306-2783742369-512","PrincipalType":"Group","RightName":"GenericAll","IsInherited":false},{"PrincipalSID":"S-1-5-21-2710360183-3931155306-2783742369-519","PrincipalType":"Group","RightName":"GenericAll","IsInherited":true},{"PrincipalSID":"PRIME.PRI-S-1-5-32-544","PrincipalType":"Group","RightName":"WriteDacl","IsInherited":true},{"PrincipalSID":"PRIME.PRI-S-1-5-32-544","PrincipalType":"Group","RightName":"WriteOwner","IsInherited":true},{"PrincipalSID":"PRIME.PRI-S-1-5-32-544","PrincipalType":"Group","RightName":"GenericWrite","IsInherited":true},{"PrincipalSID":"S-1-5-21-2710360183-3931155306-2783742369-3181","PrincipalType":"User","RightName":"GenericWrite","IsInherited":true}],"ObjectIdentifier":"PRIME.PRI-S-1-5-32-580","IsDeleted":false,"IsACLProtected":false,"Properties":{"domain":"PRIME.PRI","name":"REMOTE MANAGEMENT USERS@PRIME.PRI","distinguishedname":"CN=REMOTE MANAGEMENT USERS,CN=BUILTIN,DC=PRIME,DC=PRI","domainsid":"S-1-5-21-2710360183-3931155306-2783742369","highvalue":false,"description":"Members of this group can access WMI resources over management protocols (such as WS-Management via the Windows Remote Management service). This applies only to WMI namespaces that grant access to the user.","whencreated":1636119858,"admincount":false}},{"Members":[],"Aces":[{"PrincipalSID":"S-1-5-21-2710360183-3931155306-2783742369-512","PrincipalType":"Group","RightName":"Owns","IsInherited":false},{"PrincipalSID":"PRIME.PRI-S-1-5-32-548","PrincipalType":"Group","RightName":"GenericAll","IsInherited":false},{"PrincipalSID":"S-1-5-21-2710360183-3931155306-2783742369-512","PrincipalType":"Group","RightName":"GenericAll","IsInherited":false},{"PrincipalSID":"S-1-5-21-2710360183-3931155306-2783742369-519","PrincipalType":"Group","RightName":"GenericAll","IsInherited":true},{"PrincipalSID":"PRIME.PRI-S-1-5-32-544","PrincipalType":"Group","RightName":"WriteDacl","IsInherited":true},{"PrincipalSID":"PRIME.PRI-S-1-5-32-544","PrincipalType":"Group","RightName":"WriteOwner","IsInherited":true},{"PrincipalSID":"PRIME.PRI-S-1-5-32-544","PrincipalType":"Group","RightName":"GenericWrite","IsInherited":true},{"PrincipalSID":"S-1-5-21-2710360183-3931155306-2783742369-3181","PrincipalType":"User","RightName":"GenericWrite","IsInherited":true}],"ObjectIdentifier":"PRIME.PRI-S-1-5-32-557","IsDeleted":false,"IsACLProtected":false,"Properties":{"domain":"PRIME.PRI","name":"INCOMING FOREST TRUST BUILDERS@PRIME.PRI","distinguishedname":"CN=INCOMING FOREST TRUST BUILDERS,CN=BUILTIN,DC=PRIME,DC=PRI","domainsid":"S-1-5-21-2710360183-3931155306-2783742369","highvalue":false,"description":"Members of this group can create incoming, one-way trusts to this forest","whencreated":1636119901,"admincount":false}},{"Members":[],"Aces":[{"PrincipalSID":"PRIME.PRI-S-1-5-32-544","PrincipalType":"Group","RightName":"Owns","IsInherited":false},{"PrincipalSID":"PRIME.PRI-S-1-5-32-548","PrincipalType":"Group","RightName":"GenericAll","IsInherited":false},{"PrincipalSID":"S-1-5-21-2710360183-3931155306-2783742369-512","PrincipalType":"Group","RightName":"GenericAll","IsInherited":false},{"PrincipalSID":"S-1-5-21-2710360183-3931155306-2783742369-519","PrincipalType":"Group","RightName":"GenericAll","IsInherited":true},{"PrincipalSID":"PRIME.PRI-S-1-5-32-544","PrincipalType":"Group","RightName":"WriteDacl","IsInherited":true},{"PrincipalSID":"PRIME.PRI-S-1-5-32-544","PrincipalType":"Group","RightName":"WriteOwner","IsInherited":true},{"PrincipalSID":"PRIME.PRI-S-1-5-32-544","PrincipalType":"Group","RightName":"GenericWrite","IsInherited":true},{"PrincipalSID":"S-1-5-21-2710360183-3931155306-2783742369-3181","PrincipalType":"User","RightName":"GenericWrite","IsInherited":true}],"ObjectIdentifier":"PRIME.PRI-S-1-5-32-579","IsDeleted":false,"IsACLProtected":false,"Properties":{"domain":"PRIME.PRI","name":"ACCESS CONTROL ASSISTANCE OPERATORS@PRIME.PRI","distinguishedname":"CN=ACCESS CONTROL ASSISTANCE OPERATORS,CN=BUILTIN,DC=PRIME,DC=PRI","domainsid":"S-1-5-21-2710360183-3931155306-2783742369","highvalue":false,"description":"Members of this group can remotely query authorization attributes and permissions for resources on this computer.","whencreated":1636119858,"admincount":false}},{"Members":[],"Aces":[{"PrincipalSID":"PRIME.PRI-S-1-5-32-544","PrincipalType":"Group","RightName":"Owns","IsInherited":false},{"PrincipalSID":"PRIME.PRI-S-1-5-32-548","PrincipalType":"Group","RightName":"GenericAll","IsInherited":false},{"PrincipalSID":"S-1-5-21-2710360183-3931155306-2783742369-512","PrincipalType":"Group","RightName":"GenericAll","IsInherited":false},{"PrincipalSID":"S-1-5-21-2710360183-3931155306-2783742369-519","PrincipalType":"Group","RightName":"GenericAll","IsInherited":true},{"PrincipalSID":"PRIME.PRI-S-1-5-32-544","PrincipalType":"Group","RightName":"WriteDacl","IsInherited":true},{"PrincipalSID":"PRIME.PRI-S-1-5-32-544","PrincipalType":"Group","RightName":"WriteOwner","IsInherited":true},{"PrincipalSID":"PRIME.PRI-S-1-5-32-544","PrincipalType":"Group","RightName":"GenericWrite","IsInherited":true},{"PrincipalSID":"S-1-5-21-2710360183-3931155306-2783742369-3181","PrincipalType":"User","RightName":"GenericWrite","IsInherited":true}],"ObjectIdentifier":"PRIME.PRI-S-1-5-32-577","IsDeleted":false,"IsACLProtected":false,"Properties":{"domain":"PRIME.PRI","name":"RDS MANAGEMENT SERVERS@PRIME.PRI","distinguishedname":"CN=RDS MANAGEMENT SERVERS,CN=BUILTIN,DC=PRIME,DC=PRI","domainsid":"S-1-5-21-2710360183-3931155306-2783742369","highvalue":false,"description":"Servers in this group can perform routine administrative actions on servers running Remote Desktop Services. This group needs to be populated on all servers in a Remote Desktop Services deployment. The servers running the RDS Central Management service must be included in this group.","whencreated":1636119858,"admincount":false}},{"Members":[],"Aces":[{"PrincipalSID":"PRIME.PRI-S-1-5-32-548","PrincipalType":"Group","RightName":"GenericAll","IsInherited":false},{"PrincipalSID":"S-1-5-21-2710360183-3931155306-2783742369-512","PrincipalType":"Group","RightName":"GenericAll","IsInherited":false},{"PrincipalSID":"S-1-5-21-2710360183-3931155306-2783742369-3181","PrincipalType":"User","RightName":"GenericWrite","IsInherited":true},{"PrincipalSID":"S-1-5-21-2710360183-3931155306-2783742369-519","PrincipalType":"Group","RightName":"GenericAll","IsInherited":true},{"PrincipalSID":"PRIME.PRI-S-1-5-32-544","PrincipalType":"Group","RightName":"WriteDacl","IsInherited":true},{"PrincipalSID":"PRIME.PRI-S-1-5-32-544","PrincipalType":"Group","RightName":"WriteOwner","IsInherited":true},{"PrincipalSID":"PRIME.PRI-S-1-5-32-544","PrincipalType":"Group","RightName":"GenericWrite","IsInherited":true}],"ObjectIdentifier":"S-1-5-21-2710360183-3931155306-2783742369-1101","IsDeleted":false,"IsACLProtected":false,"Properties":{"domain":"PRIME.PRI","name":"DNSADMINS@PRIME.PRI","distinguishedname":"CN=DNSADMINS,CN=USERS,DC=PRIME,DC=PRI","domainsid":"S-1-5-21-2710360183-3931155306-2783742369","highvalue":false,"description":"DNS Administrators Group","whencreated":1636119943,"admincount":false}},{"Members":[],"Aces":[{"PrincipalSID":"PRIME.PRI-S-1-5-32-544","PrincipalType":"Group","RightName":"Owns","IsInherited":false},{"PrincipalSID":"PRIME.PRI-S-1-5-32-548","PrincipalType":"Group","RightName":"GenericAll","IsInherited":false},{"PrincipalSID":"S-1-5-21-2710360183-3931155306-2783742369-512","PrincipalType":"Group","RightName":"GenericAll","IsInherited":false},{"PrincipalSID":"S-1-5-21-2710360183-3931155306-2783742369-519","PrincipalType":"Group","RightName":"GenericAll","IsInherited":true},{"PrincipalSID":"PRIME.PRI-S-1-5-32-544","PrincipalType":"Group","RightName":"WriteDacl","IsInherited":true},{"PrincipalSID":"PRIME.PRI-S-1-5-32-544","PrincipalType":"Group","RightName":"WriteOwner","IsInherited":true},{"PrincipalSID":"PRIME.PRI-S-1-5-32-544","PrincipalType":"Group","RightName":"GenericWrite","IsInherited":true},{"PrincipalSID":"S-1-5-21-2710360183-3931155306-2783742369-3181","PrincipalType":"User","RightName":"GenericWrite","IsInherited":true}],"ObjectIdentifier":"PRIME.PRI-S-1-5-32-556","IsDeleted":false,"IsACLProtected":false,"Properties":{"domain":"PRIME.PRI","name":"NETWORK CONFIGURATION OPERATORS@PRIME.PRI","distinguishedname":"CN=NETWORK CONFIGURATION OPERATORS,CN=BUILTIN,DC=PRIME,DC=PRI","domainsid":"S-1-5-21-2710360183-3931155306-2783742369","highvalue":false,"description":"Members in this group can have some administrative privileges to manage configuration of networking features","whencreated":1636119858,"admincount":false}},{"Members":[],"Aces":[{"PrincipalSID":"S-1-5-21-2710360183-3931155306-2783742369-512","PrincipalType":"Group","RightName":"Owns","IsInherited":false},{"PrincipalSID":"PRIME.PRI-S-1-5-32-544","PrincipalType":"Group","RightName":"WriteDacl","IsInherited":false},{"PrincipalSID":"PRIME.PRI-S-1-5-32-544","PrincipalType":"Group","RightName":"WriteOwner","IsInherited":false},{"PrincipalSID":"PRIME.PRI-S-1-5-32-544","PrincipalType":"Group","RightName":"GenericWrite","IsInherited":false},{"PrincipalSID":"S-1-5-21-2710360183-3931155306-2783742369-512","PrincipalType":"Group","RightName":"WriteDacl","IsInherited":false},{"PrincipalSID":"S-1-5-21-2710360183-3931155306-2783742369-512","PrincipalType":"Group","RightName":"WriteOwner","IsInherited":false},{"PrincipalSID":"S-1-5-21-2710360183-3931155306-2783742369-512","PrincipalType":"Group","RightName":"GenericWrite","IsInherited":false},{"PrincipalSID":"S-1-5-21-2710360183-3931155306-2783742369-519","PrincipalType":"Group","RightName":"WriteDacl","IsInherited":false},{"PrincipalSID":"S-1-5-21-2710360183-3931155306-2783742369-519","PrincipalType":"Group","RightName":"WriteOwner","IsInherited":false},{"PrincipalSID":"S-1-5-21-2710360183-3931155306-2783742369-519","PrincipalType":"Group","RightName":"GenericWrite","IsInherited":false},{"PrincipalSID":"S-1-5-21-2710360183-3931155306-2783742369-1109","PrincipalType":"User","RightName":"GenericWrite","IsInherited":false}],"ObjectIdentifier":"PRIME.PRI-S-1-5-32-552","IsDeleted":false,"IsACLProtected":true,"Properties":{"domain":"PRIME.PRI","name":"REPLICATORS@PRIME.PRI","distinguishedname":"CN=REPLICATOR,CN=BUILTIN,DC=PRIME,DC=PRI","domainsid":"S-1-5-21-2710360183-3931155306-2783742369","highvalue":false,"description":"Supports file replication in a domain","whencreated":1636119858,"admincount":true}},{"Members":[],"Aces":[{"PrincipalSID":"S-1-5-21-2710360183-3931155306-2783742369-512","PrincipalType":"Group","RightName":"Owns","IsInherited":false},{"PrincipalSID":"PRIME.PRI-S-1-5-32-544","PrincipalType":"Group","RightName":"WriteDacl","IsInherited":false},{"PrincipalSID":"PRIME.PRI-S-1-5-32-544","PrincipalType":"Group","RightName":"WriteOwner","IsInherited":false},{"PrincipalSID":"PRIME.PRI-S-1-5-32-544","PrincipalType":"Group","RightName":"GenericWrite","IsInherited":false},{"PrincipalSID":"S-1-5-21-2710360183-3931155306-2783742369-512","PrincipalType":"Group","RightName":"WriteDacl","IsInherited":false},{"PrincipalSID":"S-1-5-21-2710360183-3931155306-2783742369-512","PrincipalType":"Group","RightName":"WriteOwner","IsInherited":false},{"PrincipalSID":"S-1-5-21-2710360183-3931155306-2783742369-512","PrincipalType":"Group","RightName":"GenericWrite","IsInherited":false},{"PrincipalSID":"S-1-5-21-2710360183-3931155306-2783742369-519","PrincipalType":"Group","RightName":"WriteDacl","IsInherited":false},{"PrincipalSID":"S-1-5-21-2710360183-3931155306-2783742369-519","PrincipalType":"Group","RightName":"WriteOwner","IsInherited":false},{"PrincipalSID":"S-1-5-21-2710360183-3931155306-2783742369-519","PrincipalType":"Group","RightName":"GenericWrite","IsInherited":false},{"PrincipalSID":"S-1-5-21-2710360183-3931155306-2783742369-1109","PrincipalType":"User","RightName":"GenericWrite","IsInherited":false}],"ObjectIdentifier":"PRIME.PRI-S-1-5-32-548","IsDeleted":false,"IsACLProtected":true,"Properties":{"domain":"PRIME.PRI","name":"ACCOUNT OPERATORS@PRIME.PRI","distinguishedname":"CN=ACCOUNT OPERATORS,CN=BUILTIN,DC=PRIME,DC=PRI","domainsid":"S-1-5-21-2710360183-3931155306-2783742369","highvalue":true,"description":"Members can administer domain user and group accounts","whencreated":1636119901,"admincount":true}},{"Members":[],"Aces":[{"PrincipalSID":"S-1-5-21-2710360183-3931155306-2783742369-512","PrincipalType":"Group","RightName":"Owns","IsInherited":false},{"PrincipalSID":"PRIME.PRI-S-1-5-32-548","PrincipalType":"Group","RightName":"GenericAll","IsInherited":false},{"PrincipalSID":"S-1-5-21-2710360183-3931155306-2783742369-512","PrincipalType":"Group","RightName":"GenericAll","IsInherited":false},{"PrincipalSID":"S-1-5-21-2710360183-3931155306-2783742369-3181","PrincipalType":"User","RightName":"GenericWrite","IsInherited":true},{"PrincipalSID":"S-1-5-21-2710360183-3931155306-2783742369-519","PrincipalType":"Group","RightName":"GenericAll","IsInherited":true},{"PrincipalSID":"PRIME.PRI-S-1-5-32-544","PrincipalType":"Group","RightName":"WriteDacl","IsInherited":true},{"PrincipalSID":"PRIME.PRI-S-1-5-32-544","PrincipalType":"Group","RightName":"WriteOwner","IsInherited":true},{"PrincipalSID":"PRIME.PRI-S-1-5-32-544","PrincipalType":"Group","RightName":"GenericWrite","IsInherited":true}],"ObjectIdentifier":"S-1-5-21-2710360183-3931155306-2783742369-3178","IsDeleted":false,"IsACLProtected":false,"Properties":{"domain":"PRIME.PRI","name":"ADSYNCOPERATORS@PRIME.PRI","distinguishedname":"CN=ADSYNCOPERATORS,CN=USERS,DC=PRIME,DC=PRI","domainsid":"S-1-5-21-2710360183-3931155306-2783742369","highvalue":false,"description":"ADSyncOperators","whencreated":1647705082,"admincount":false}},{"Members":[],"Aces":[{"PrincipalSID":"PRIME.PRI-S-1-5-32-544","PrincipalType":"Group","RightName":"Owns","IsInherited":false},{"PrincipalSID":"PRIME.PRI-S-1-5-32-548","PrincipalType":"Group","RightName":"GenericAll","IsInherited":false},{"PrincipalSID":"S-1-5-21-2710360183-3931155306-2783742369-512","PrincipalType":"Group","RightName":"GenericAll","IsInherited":false},{"PrincipalSID":"S-1-5-21-2710360183-3931155306-2783742369-519","PrincipalType":"Group","RightName":"GenericAll","IsInherited":true},{"PrincipalSID":"PRIME.PRI-S-1-5-32-544","PrincipalType":"Group","RightName":"WriteDacl","IsInherited":true},{"PrincipalSID":"PRIME.PRI-S-1-5-32-544","PrincipalType":"Group","RightName":"WriteOwner","IsInherited":true},{"PrincipalSID":"PRIME.PRI-S-1-5-32-544","PrincipalType":"Group","RightName":"GenericWrite","IsInherited":true},{"PrincipalSID":"S-1-5-21-2710360183-3931155306-2783742369-3181","PrincipalType":"User","RightName":"GenericWrite","IsInherited":true}],"ObjectIdentifier":"PRIME.PRI-S-1-5-32-578","IsDeleted":false,"IsACLProtected":false,"Properties":{"domain":"PRIME.PRI","name":"HYPER-V ADMINISTRATORS@PRIME.PRI","distinguishedname":"CN=HYPER-V ADMINISTRATORS,CN=BUILTIN,DC=PRIME,DC=PRI","domainsid":"S-1-5-21-2710360183-3931155306-2783742369","highvalue":false,"description":"Members of this group have complete and unrestricted access to all features of Hyper-V.","whencreated":1636119858,"admincount":false}},{"Members":[],"Aces":[{"PrincipalSID":"S-1-5-21-2710360183-3931155306-2783742369-512","PrincipalType":"Group","RightName":"Owns","IsInherited":false},{"PrincipalSID":"PRIME.PRI-S-1-5-32-548","PrincipalType":"Group","RightName":"GenericAll","IsInherited":false},{"PrincipalSID":"S-1-5-21-2710360183-3931155306-2783742369-512","PrincipalType":"Group","RightName":"GenericAll","IsInherited":false},{"PrincipalSID":"S-1-5-21-2710360183-3931155306-2783742369-3181","PrincipalType":"User","RightName":"GenericWrite","IsInherited":true},{"PrincipalSID":"S-1-5-21-2710360183-3931155306-2783742369-519","PrincipalType":"Group","RightName":"GenericAll","IsInherited":true},{"PrincipalSID":"PRIME.PRI-S-1-5-32-544","PrincipalType":"Group","RightName":"WriteDacl","IsInherited":true},{"PrincipalSID":"PRIME.PRI-S-1-5-32-544","PrincipalType":"Group","RightName":"WriteOwner","IsInherited":true},{"PrincipalSID":"PRIME.PRI-S-1-5-32-544","PrincipalType":"Group","RightName":"GenericWrite","IsInherited":true}],"ObjectIdentifier":"S-1-5-21-2710360183-3931155306-2783742369-515","IsDeleted":false,"IsACLProtected":false,"Properties":{"domain":"PRIME.PRI","name":"DOMAIN COMPUTERS@PRIME.PRI","distinguishedname":"CN=DOMAIN COMPUTERS,CN=USERS,DC=PRIME,DC=PRI","domainsid":"S-1-5-21-2710360183-3931155306-2783742369","highvalue":false,"description":"All workstations and servers joined to the domain","whencreated":1636119901,"admincount":false}},{"Members":[],"Aces":[{"PrincipalSID":"S-1-5-21-2710360183-3931155306-2783742369-512","PrincipalType":"Group","RightName":"Owns","IsInherited":false},{"PrincipalSID":"PRIME.PRI-S-1-5-32-544","PrincipalType":"Group","RightName":"WriteDacl","IsInherited":false},{"PrincipalSID":"PRIME.PRI-S-1-5-32-544","PrincipalType":"Group","RightName":"WriteOwner","IsInherited":false},{"PrincipalSID":"PRIME.PRI-S-1-5-32-544","PrincipalType":"Group","RightName":"GenericWrite","IsInherited":false},{"PrincipalSID":"S-1-5-21-2710360183-3931155306-2783742369-512","PrincipalType":"Group","RightName":"WriteDacl","IsInherited":false},{"PrincipalSID":"S-1-5-21-2710360183-3931155306-2783742369-512","PrincipalType":"Group","RightName":"WriteOwner","IsInherited":false},{"PrincipalSID":"S-1-5-21-2710360183-3931155306-2783742369-512","PrincipalType":"Group","RightName":"GenericWrite","IsInherited":false},{"PrincipalSID":"S-1-5-21-2710360183-3931155306-2783742369-519","PrincipalType":"Group","RightName":"WriteDacl","IsInherited":false},{"PrincipalSID":"S-1-5-21-2710360183-3931155306-2783742369-519","PrincipalType":"Group","RightName":"WriteOwner","IsInherited":false},{"PrincipalSID":"S-1-5-21-2710360183-3931155306-2783742369-519","PrincipalType":"Group","RightName":"GenericWrite","IsInherited":false},{"PrincipalSID":"S-1-5-21-2710360183-3931155306-2783742369-1109","PrincipalType":"User","RightName":"GenericWrite","IsInherited":false}],"ObjectIdentifier":"S-1-5-21-2710360183-3931155306-2783742369-516","IsDeleted":false,"IsACLProtected":true,"Properties":{"domain":"PRIME.PRI","name":"DOMAIN CONTROLLERS@PRIME.PRI","distinguishedname":"CN=DOMAIN CONTROLLERS,CN=USERS,DC=PRIME,DC=PRI","domainsid":"S-1-5-21-2710360183-3931155306-2783742369","highvalue":true,"description":"All domain controllers in the domain","whencreated":1636119901,"admincount":true}},{"Members":[],"Aces":[{"PrincipalSID":"S-1-5-21-2710360183-3931155306-2783742369-512","PrincipalType":"Group","RightName":"Owns","IsInherited":false},{"PrincipalSID":"PRIME.PRI-S-1-5-32-548","PrincipalType":"Group","RightName":"GenericAll","IsInherited":false},{"PrincipalSID":"S-1-5-21-2710360183-3931155306-2783742369-512","PrincipalType":"Group","RightName":"GenericAll","IsInherited":false},{"PrincipalSID":"S-1-5-21-2710360183-3931155306-2783742369-3181","PrincipalType":"User","RightName":"GenericWrite","IsInherited":true},{"PrincipalSID":"S-1-5-21-2710360183-3931155306-2783742369-519","PrincipalType":"Group","RightName":"GenericAll","IsInherited":true},{"PrincipalSID":"PRIME.PRI-S-1-5-32-544","PrincipalType":"Group","RightName":"WriteDacl","IsInherited":true},{"PrincipalSID":"PRIME.PRI-S-1-5-32-544","PrincipalType":"Group","RightName":"WriteOwner","IsInherited":true},{"PrincipalSID":"PRIME.PRI-S-1-5-32-544","PrincipalType":"Group","RightName":"GenericWrite","IsInherited":true}],"ObjectIdentifier":"S-1-5-21-2710360183-3931155306-2783742369-513","IsDeleted":false,"IsACLProtected":false,"Properties":{"domain":"PRIME.PRI","name":"DOMAIN USERS@PRIME.PRI","distinguishedname":"CN=DOMAIN USERS,CN=USERS,DC=PRIME,DC=PRI","domainsid":"S-1-5-21-2710360183-3931155306-2783742369","highvalue":false,"description":"All domain users","whencreated":1636119901,"admincount":false}},{"Members":[],"Aces":[{"PrincipalSID":"S-1-5-21-2710360183-3931155306-2783742369-512","PrincipalType":"Group","RightName":"Owns","IsInherited":false},{"PrincipalSID":"PRIME.PRI-S-1-5-32-548","PrincipalType":"Group","RightName":"GenericAll","IsInherited":false},{"PrincipalSID":"S-1-5-21-2710360183-3931155306-2783742369-512","PrincipalType":"Group","RightName":"GenericAll","IsInherited":false},{"PrincipalSID":"S-1-5-21-2710360183-3931155306-2783742369-3181","PrincipalType":"User","RightName":"GenericWrite","IsInherited":true},{"PrincipalSID":"S-1-5-21-2710360183-3931155306-2783742369-519","PrincipalType":"Group","RightName":"GenericAll","IsInherited":true},{"PrincipalSID":"PRIME.PRI-S-1-5-32-544","PrincipalType":"Group","RightName":"WriteDacl","IsInherited":true},{"PrincipalSID":"PRIME.PRI-S-1-5-32-544","PrincipalType":"Group","RightName":"WriteOwner","IsInherited":true},{"PrincipalSID":"PRIME.PRI-S-1-5-32-544","PrincipalType":"Group","RightName":"GenericWrite","IsInherited":true}],"ObjectIdentifier":"S-1-5-21-2710360183-3931155306-2783742369-514","IsDeleted":false,"IsACLProtected":false,"Properties":{"domain":"PRIME.PRI","name":"DOMAIN GUESTS@PRIME.PRI","distinguishedname":"CN=DOMAIN GUESTS,CN=USERS,DC=PRIME,DC=PRI","domainsid":"S-1-5-21-2710360183-3931155306-2783742369","highvalue":false,"description":"All domain guests","whencreated":1636119901,"admincount":false}},{"Members":[],"Aces":[{"PrincipalSID":"S-1-5-21-2710360183-3931155306-2783742369-512","PrincipalType":"Group","RightName":"Owns","IsInherited":false},{"PrincipalSID":"PRIME.PRI-S-1-5-32-544","PrincipalType":"Group","RightName":"WriteDacl","IsInherited":false},{"PrincipalSID":"PRIME.PRI-S-1-5-32-544","PrincipalType":"Group","RightName":"WriteOwner","IsInherited":false},{"PrincipalSID":"PRIME.PRI-S-1-5-32-544","PrincipalType":"Group","RightName":"GenericWrite","IsInherited":false},{"PrincipalSID":"S-1-5-21-2710360183-3931155306-2783742369-512","PrincipalType":"Group","RightName":"WriteDacl","IsInherited":false},{"PrincipalSID":"S-1-5-21-2710360183-3931155306-2783742369-512","PrincipalType":"Group","RightName":"WriteOwner","IsInherited":false},{"PrincipalSID":"S-1-5-21-2710360183-3931155306-2783742369-512","PrincipalType":"Group","RightName":"GenericWrite","IsInherited":false},{"PrincipalSID":"S-1-5-21-2710360183-3931155306-2783742369-519","PrincipalType":"Group","RightName":"WriteDacl","IsInherited":false},{"PrincipalSID":"S-1-5-21-2710360183-3931155306-2783742369-519","PrincipalType":"Group","RightName":"WriteOwner","IsInherited":false},{"PrincipalSID":"S-1-5-21-2710360183-3931155306-2783742369-519","PrincipalType":"Group","RightName":"GenericWrite","IsInherited":false},{"PrincipalSID":"S-1-5-21-2710360183-3931155306-2783742369-1109","PrincipalType":"User","RightName":"GenericWrite","IsInherited":false}],"ObjectIdentifier":"S-1-5-21-2710360183-3931155306-2783742369-521","IsDeleted":false,"IsACLProtected":true,"Properties":{"domain":"PRIME.PRI","name":"READ-ONLY DOMAIN CONTROLLERS@PRIME.PRI","distinguishedname":"CN=READ-ONLY DOMAIN CONTROLLERS,CN=USERS,DC=PRIME,DC=PRI","domainsid":"S-1-5-21-2710360183-3931155306-2783742369","highvalue":false,"description":"Members of this group are Read-Only Domain Controllers in the domain","whencreated":1636119901,"admincount":true}},{"Members":[],"Aces":[{"PrincipalSID":"S-1-5-21-2710360183-3931155306-2783742369-512","PrincipalType":"Group","RightName":"Owns","IsInherited":false},{"PrincipalSID":"PRIME.PRI-S-1-5-32-548","PrincipalType":"Group","RightName":"GenericAll","IsInherited":false},{"PrincipalSID":"S-1-5-21-2710360183-3931155306-2783742369-512","PrincipalType":"Group","RightName":"GenericAll","IsInherited":false},{"PrincipalSID":"S-1-5-21-2710360183-3931155306-2783742369-3181","PrincipalType":"User","RightName":"GenericWrite","IsInherited":true},{"PrincipalSID":"S-1-5-21-2710360183-3931155306-2783742369-519","PrincipalType":"Group","RightName":"GenericAll","IsInherited":true},{"PrincipalSID":"PRIME.PRI-S-1-5-32-544","PrincipalType":"Group","RightName":"WriteDacl","IsInherited":true},{"PrincipalSID":"PRIME.PRI-S-1-5-32-544","PrincipalType":"Group","RightName":"WriteOwner","IsInherited":true},{"PrincipalSID":"PRIME.PRI-S-1-5-32-544","PrincipalType":"Group","RightName":"GenericWrite","IsInherited":true}],"ObjectIdentifier":"S-1-5-21-2710360183-3931155306-2783742369-498","IsDeleted":false,"IsACLProtected":false,"Properties":{"domain":"PRIME.PRI","name":"ENTERPRISE READ-ONLY DOMAIN CONTROLLERS@PRIME.PRI","distinguishedname":"CN=ENTERPRISE READ-ONLY DOMAIN CONTROLLERS,CN=USERS,DC=PRIME,DC=PRI","domainsid":"S-1-5-21-2710360183-3931155306-2783742369","highvalue":false,"description":"Members of this group are Read-Only Domain Controllers in the enterprise","whencreated":1636119901,"admincount":false}},{"Members":[],"Aces":[{"PrincipalSID":"S-1-5-21-2710360183-3931155306-2783742369-512","PrincipalType":"Group","RightName":"Owns","IsInherited":false},{"PrincipalSID":"PRIME.PRI-S-1-5-32-548","PrincipalType":"Group","RightName":"GenericAll","IsInherited":false},{"PrincipalSID":"S-1-5-21-2710360183-3931155306-2783742369-512","PrincipalType":"Group","RightName":"GenericAll","IsInherited":false},{"PrincipalSID":"S-1-5-21-2710360183-3931155306-2783742369-3181","PrincipalType":"User","RightName":"GenericWrite","IsInherited":true},{"PrincipalSID":"S-1-5-21-2710360183-3931155306-2783742369-519","PrincipalType":"Group","RightName":"GenericAll","IsInherited":true},{"PrincipalSID":"PRIME.PRI-S-1-5-32-544","PrincipalType":"Group","RightName":"WriteDacl","IsInherited":true},{"PrincipalSID":"PRIME.PRI-S-1-5-32-544","PrincipalType":"Group","RightName":"WriteOwner","IsInherited":true},{"PrincipalSID":"PRIME.PRI-S-1-5-32-544","PrincipalType":"Group","RightName":"GenericWrite","IsInherited":true}],"ObjectIdentifier":"S-1-5-21-2710360183-3931155306-2783742369-522","IsDeleted":false,"IsACLProtected":false,"Properties":{"domain":"PRIME.PRI","name":"CLONEABLE DOMAIN CONTROLLERS@PRIME.PRI","distinguishedname":"CN=CLONEABLE DOMAIN CONTROLLERS,CN=USERS,DC=PRIME,DC=PRI","domainsid":"S-1-5-21-2710360183-3931155306-2783742369","highvalue":false,"description":"Members of this group that are domain controllers may be cloned.","whencreated":1636119901,"admincount":false}},{"Members":[{"ObjectIdentifier":"PRIME.PRI-S-1-5-9","ObjectType":"Group"}],"Aces":[{"PrincipalSID":"S-1-5-21-2710360183-3931155306-2783742369-512","PrincipalType":"Group","RightName":"Owns","IsInherited":false},{"PrincipalSID":"PRIME.PRI-S-1-5-32-548","PrincipalType":"Group","RightName":"GenericAll","IsInherited":false},{"PrincipalSID":"S-1-5-21-2710360183-3931155306-2783742369-512","PrincipalType":"Group","RightName":"GenericAll","IsInherited":false},{"PrincipalSID":"S-1-5-21-2710360183-3931155306-2783742369-519","PrincipalType":"Group","RightName":"GenericAll","IsInherited":true},{"PrincipalSID":"PRIME.PRI-S-1-5-32-544","PrincipalType":"Group","RightName":"WriteDacl","IsInherited":true},{"PrincipalSID":"PRIME.PRI-S-1-5-32-544","PrincipalType":"Group","RightName":"WriteOwner","IsInherited":true},{"PrincipalSID":"PRIME.PRI-S-1-5-32-544","PrincipalType":"Group","RightName":"GenericWrite","IsInherited":true},{"PrincipalSID":"S-1-5-21-2710360183-3931155306-2783742369-3181","PrincipalType":"User","RightName":"GenericWrite","IsInherited":true}],"ObjectIdentifier":"PRIME.PRI-S-1-5-32-560","IsDeleted":false,"IsACLProtected":false,"Properties":{"domain":"PRIME.PRI","name":"WINDOWS AUTHORIZATION ACCESS GROUP@PRIME.PRI","distinguishedname":"CN=WINDOWS AUTHORIZATION ACCESS GROUP,CN=BUILTIN,DC=PRIME,DC=PRI","domainsid":"S-1-5-21-2710360183-3931155306-2783742369","highvalue":false,"description":"Members of this group have access to the computed tokenGroupsGlobalAndUniversal attribute on User objects","whencreated":1636119901,"admincount":false}},{"Members":[],"Aces":[{"PrincipalSID":"S-1-5-21-2710360183-3931155306-2783742369-512","PrincipalType":"Group","RightName":"Owns","IsInherited":false},{"PrincipalSID":"PRIME.PRI-S-1-5-32-548","PrincipalType":"Group","RightName":"GenericAll","IsInherited":false},{"PrincipalSID":"S-1-5-21-2710360183-3931155306-2783742369-512","PrincipalType":"Group","RightName":"GenericAll","IsInherited":false},{"PrincipalSID":"S-1-5-21-2710360183-3931155306-2783742369-3181","PrincipalType":"User","RightName":"GenericWrite","IsInherited":true},{"PrincipalSID":"S-1-5-21-2710360183-3931155306-2783742369-519","PrincipalType":"Group","RightName":"GenericAll","IsInherited":true},{"PrincipalSID":"PRIME.PRI-S-1-5-32-544","PrincipalType":"Group","RightName":"WriteDacl","IsInherited":true},{"PrincipalSID":"PRIME.PRI-S-1-5-32-544","PrincipalType":"Group","RightName":"WriteOwner","IsInherited":true},{"PrincipalSID":"PRIME.PRI-S-1-5-32-544","PrincipalType":"Group","RightName":"GenericWrite","IsInherited":true}],"ObjectIdentifier":"S-1-5-21-2710360183-3931155306-2783742369-525","IsDeleted":false,"IsACLProtected":false,"Properties":{"domain":"PRIME.PRI","name":"PROTECTED USERS@PRIME.PRI","distinguishedname":"CN=PROTECTED USERS,CN=USERS,DC=PRIME,DC=PRI","domainsid":"S-1-5-21-2710360183-3931155306-2783742369","highvalue":false,"description":"Members of this group are afforded additional protections against authentication security threats. See http://go.microsoft.com/fwlink/?LinkId=298939 for more information.","whencreated":1636119901,"admincount":false}},{"Members":[],"Aces":[{"PrincipalSID":"S-1-5-21-2710360183-3931155306-2783742369-512","PrincipalType":"Group","RightName":"Owns","IsInherited":false},{"PrincipalSID":"PRIME.PRI-S-1-5-32-544","PrincipalType":"Group","RightName":"WriteDacl","IsInherited":false},{"PrincipalSID":"PRIME.PRI-S-1-5-32-544","PrincipalType":"Group","RightName":"WriteOwner","IsInherited":false},{"PrincipalSID":"PRIME.PRI-S-1-5-32-544","PrincipalType":"Group","RightName":"GenericWrite","IsInherited":false},{"PrincipalSID":"S-1-5-21-2710360183-3931155306-2783742369-512","PrincipalType":"Group","RightName":"WriteDacl","IsInherited":false},{"PrincipalSID":"S-1-5-21-2710360183-3931155306-2783742369-512","PrincipalType":"Group","RightName":"WriteOwner","IsInherited":false},{"PrincipalSID":"S-1-5-21-2710360183-3931155306-2783742369-512","PrincipalType":"Group","RightName":"GenericWrite","IsInherited":false},{"PrincipalSID":"S-1-5-21-2710360183-3931155306-2783742369-519","PrincipalType":"Group","RightName":"WriteDacl","IsInherited":false},{"PrincipalSID":"S-1-5-21-2710360183-3931155306-2783742369-519","PrincipalType":"Group","RightName":"WriteOwner","IsInherited":false},{"PrincipalSID":"S-1-5-21-2710360183-3931155306-2783742369-519","PrincipalType":"Group","RightName":"GenericWrite","IsInherited":false},{"PrincipalSID":"S-1-5-21-2710360183-3931155306-2783742369-1109","PrincipalType":"User","RightName":"GenericWrite","IsInherited":false}],"ObjectIdentifier":"S-1-5-21-2710360183-3931155306-2783742369-526","IsDeleted":false,"IsACLProtected":true,"Properties":{"domain":"PRIME.PRI","name":"KEY ADMINS@PRIME.PRI","distinguishedname":"CN=KEY ADMINS,CN=USERS,DC=PRIME,DC=PRI","domainsid":"S-1-5-21-2710360183-3931155306-2783742369","highvalue":false,"description":"Members of this group can perform administrative actions on key objects within the domain.","whencreated":1636119901,"admincount":true}},{"Members":[],"Aces":[{"PrincipalSID":"S-1-5-21-2710360183-3931155306-2783742369-512","PrincipalType":"Group","RightName":"Owns","IsInherited":false},{"PrincipalSID":"PRIME.PRI-S-1-5-32-544","PrincipalType":"Group","RightName":"WriteDacl","IsInherited":false},{"PrincipalSID":"PRIME.PRI-S-1-5-32-544","PrincipalType":"Group","RightName":"WriteOwner","IsInherited":false},{"PrincipalSID":"PRIME.PRI-S-1-5-32-544","PrincipalType":"Group","RightName":"GenericWrite","IsInherited":false},{"PrincipalSID":"S-1-5-21-2710360183-3931155306-2783742369-512","PrincipalType":"Group","RightName":"WriteDacl","IsInherited":false},{"PrincipalSID":"S-1-5-21-2710360183-3931155306-2783742369-512","PrincipalType":"Group","RightName":"WriteOwner","IsInherited":false},{"PrincipalSID":"S-1-5-21-2710360183-3931155306-2783742369-512","PrincipalType":"Group","RightName":"GenericWrite","IsInherited":false},{"PrincipalSID":"S-1-5-21-2710360183-3931155306-2783742369-519","PrincipalType":"Group","RightName":"WriteDacl","IsInherited":false},{"PrincipalSID":"S-1-5-21-2710360183-3931155306-2783742369-519","PrincipalType":"Group","RightName":"WriteOwner","IsInherited":false},{"PrincipalSID":"S-1-5-21-2710360183-3931155306-2783742369-519","PrincipalType":"Group","RightName":"GenericWrite","IsInherited":false},{"PrincipalSID":"S-1-5-21-2710360183-3931155306-2783742369-1109","PrincipalType":"User","RightName":"GenericWrite","IsInherited":false}],"ObjectIdentifier":"S-1-5-21-2710360183-3931155306-2783742369-527","IsDeleted":false,"IsACLProtected":true,"Properties":{"domain":"PRIME.PRI","name":"ENTERPRISE KEY ADMINS@PRIME.PRI","distinguishedname":"CN=ENTERPRISE KEY ADMINS,CN=USERS,DC=PRIME,DC=PRI","domainsid":"S-1-5-21-2710360183-3931155306-2783742369","highvalue":false,"description":"Members of this group can perform administrative actions on key objects within the forest.","whencreated":1636119901,"admincount":true}},{"Members":[],"Aces":[{"PrincipalSID":"PRIME.PRI-S-1-5-32-548","PrincipalType":"Group","RightName":"GenericAll","IsInherited":false},{"PrincipalSID":"S-1-5-21-2710360183-3931155306-2783742369-512","PrincipalType":"Group","RightName":"GenericAll","IsInherited":false},{"PrincipalSID":"S-1-5-21-2710360183-3931155306-2783742369-3181","PrincipalType":"User","RightName":"GenericWrite","IsInherited":true},{"PrincipalSID":"S-1-5-21-2710360183-3931155306-2783742369-519","PrincipalType":"Group","RightName":"GenericAll","IsInherited":true},{"PrincipalSID":"PRIME.PRI-S-1-5-32-544","PrincipalType":"Group","RightName":"WriteDacl","IsInherited":true},{"PrincipalSID":"PRIME.PRI-S-1-5-32-544","PrincipalType":"Group","RightName":"WriteOwner","IsInherited":true},{"PrincipalSID":"PRIME.PRI-S-1-5-32-544","PrincipalType":"Group","RightName":"GenericWrite","IsInherited":true}],"ObjectIdentifier":"S-1-5-21-2710360183-3931155306-2783742369-1102","IsDeleted":false,"IsACLProtected":false,"Properties":{"domain":"PRIME.PRI","name":"DNSUPDATEPROXY@PRIME.PRI","distinguishedname":"CN=DNSUPDATEPROXY,CN=USERS,DC=PRIME,DC=PRI","domainsid":"S-1-5-21-2710360183-3931155306-2783742369","highvalue":false,"description":"DNS clients who are permitted to perform dynamic updates on behalf of some other clients (such as DHCP servers).","whencreated":1636119943,"admincount":false}},{"Members":[{"ObjectIdentifier":"S-1-5-21-2710360183-3931155306-2783742369-3176","ObjectType":"Base"},{"ObjectIdentifier":"S-1-5-21-2710360183-3931155306-2783742369-513","ObjectType":"Group"},{"ObjectIdentifier":"PRIME.PRI-S-1-5-11","ObjectType":"Group"},{"ObjectIdentifier":"PRIME.PRI-S-1-5-4","ObjectType":"Group"}],"Aces":[{"PrincipalSID":"PRIME.PRI-S-1-5-32-544","PrincipalType":"Group","RightName":"Owns","IsInherited":false},{"PrincipalSID":"PRIME.PRI-S-1-5-32-548","PrincipalType":"Group","RightName":"GenericAll","IsInherited":false},{"PrincipalSID":"S-1-5-21-2710360183-3931155306-2783742369-512","PrincipalType":"Group","RightName":"GenericAll","IsInherited":false},{"PrincipalSID":"S-1-5-21-2710360183-3931155306-2783742369-519","PrincipalType":"Group","RightName":"GenericAll","IsInherited":true},{"PrincipalSID":"PRIME.PRI-S-1-5-32-544","PrincipalType":"Group","RightName":"WriteDacl","IsInherited":true},{"PrincipalSID":"PRIME.PRI-S-1-5-32-544","PrincipalType":"Group","RightName":"WriteOwner","IsInherited":true},{"PrincipalSID":"PRIME.PRI-S-1-5-32-544","PrincipalType":"Group","RightName":"GenericWrite","IsInherited":true},{"PrincipalSID":"S-1-5-21-2710360183-3931155306-2783742369-3181","PrincipalType":"User","RightName":"GenericWrite","IsInherited":true}],"ObjectIdentifier":"PRIME.PRI-S-1-5-32-545","IsDeleted":false,"IsACLProtected":false,"Properties":{"domain":"PRIME.PRI","name":"USERS@PRIME.PRI","distinguishedname":"CN=USERS,CN=BUILTIN,DC=PRIME,DC=PRI","domainsid":"S-1-5-21-2710360183-3931155306-2783742369","highvalue":false,"description":"Users are prevented from making accidental or intentional system-wide changes and can run most applications","whencreated":1636119858,"admincount":false}},{"Members":[],"Aces":[],"ObjectIdentifier":"PRIME.PRI-S-1-5-11","IsDeleted":false,"IsACLProtected":false,"Properties":{"name":"AUTHENTICATED USERS@PRIME.PRI","domainsid":"S-1-5-21-2710360183-3931155306-2783742369","domain":"PRIME.PRI"}},{"Members":[],"Aces":[],"ObjectIdentifier":"PRIME.PRI-S-1-5-32-557","IsDeleted":false,"IsACLProtected":false,"Properties":{"name":"INCOMING FOREST TRUST BUILDERS@PRIME.PRI","domainsid":"S-1-5-21-2710360183-3931155306-2783742369","domain":"PRIME.PRI"}},{"Members":[],"Aces":[],"ObjectIdentifier":"PRIME.PRI-S-1-1-0","IsDeleted":false,"IsACLProtected":false,"Properties":{"name":"EVERYONE@PRIME.PRI","domainsid":"S-1-5-21-2710360183-3931155306-2783742369","domain":"PRIME.PRI"}},{"Members":[],"Aces":[],"ObjectIdentifier":"PRIME.PRI-S-1-5-4","IsDeleted":false,"IsACLProtected":false,"Properties":{"name":"INTERACTIVE@PRIME.PRI","domainsid":"S-1-5-21-2710360183-3931155306-2783742369","domain":"PRIME.PRI"}},{"Members":[],"Aces":[],"ObjectIdentifier":"PRIME.PRI-S-1-5-17","IsDeleted":false,"IsACLProtected":false,"Properties":{"name":"THIS ORGANIZATION @PRIME.PRI","domainsid":"S-1-5-21-2710360183-3931155306-2783742369","domain":"PRIME.PRI"}},{"Members":[],"Aces":[],"ObjectIdentifier":"PRIME.PRI-S-1-5-32-550","IsDeleted":false,"IsACLProtected":false,"Properties":{"name":"PRINT OPERATORS@PRIME.PRI","domainsid":"S-1-5-21-2710360183-3931155306-2783742369","domain":"PRIME.PRI"}},{"Members":[],"Aces":[],"ObjectIdentifier":"PRIME.PRI-S-1-5-32-554","IsDeleted":false,"IsACLProtected":false,"Properties":{"name":"PRE-WINDOWS 2000 COMPATIBLE ACCESS@PRIME.PRI","domainsid":"S-1-5-21-2710360183-3931155306-2783742369","domain":"PRIME.PRI"}},{"Members":[],"Aces":[],"ObjectIdentifier":"PRIME.PRI-S-1-5-32-544","IsDeleted":false,"IsACLProtected":false,"Properties":{"name":"ADMINISTRATORS@PRIME.PRI","domainsid":"S-1-5-21-2710360183-3931155306-2783742369","domain":"PRIME.PRI"}},{"Members":[],"Aces":[],"ObjectIdentifier":"PRIME.PRI-S-1-5-32-548","IsDeleted":false,"IsACLProtected":false,"Properties":{"name":"ACCOUNT OPERATORS@PRIME.PRI","domainsid":"S-1-5-21-2710360183-3931155306-2783742369","domain":"PRIME.PRI"}},{"Members":[],"Aces":[],"ObjectIdentifier":"PRIME.PRI-S-1-5-32-560","IsDeleted":false,"IsACLProtected":false,"Properties":{"name":"WINDOWS AUTHORIZATION ACCESS GROUP@PRIME.PRI","domainsid":"S-1-5-21-2710360183-3931155306-2783742369","domain":"PRIME.PRI"}},{"Members":[],"Aces":[],"ObjectIdentifier":"PRIME.PRI-S-1-5-9","IsDeleted":false,"IsACLProtected":false,"Properties":{"name":"ENTERPRISE DOMAIN CONTROLLERS@PRIME.PRI","domainsid":"S-1-5-21-2710360183-3931155306-2783742369","domain":"PRIME.PRI"}},{"Members":[],"Aces":[],"ObjectIdentifier":"PRIME.PRI-S-1-5-32-561","IsDeleted":false,"IsACLProtected":false,"Properties":{"name":"TERMINAL SERVER LICENSE SERVERS@PRIME.PRI","domainsid":"S-1-5-21-2710360183-3931155306-2783742369","domain":"PRIME.PRI"}},{"Members":[{"ObjectIdentifier":"S-1-5-21-2710360183-3931155306-2783742369-1000","ObjectType":"Computer"}],"Aces":[],"ObjectIdentifier":"PRIME.PRI-S-1-5-9","IsDeleted":false,"IsACLProtected":false,"Properties":{"name":"ENTERPRISE DOMAIN CONTROLLERS@PRIME.PRI","domainsid":"S-1-5-21-2710360183-3931155306-2783742369","domain":"prime.pri"}}],"meta":{"methods":29695,"type":"groups","count":67,"version":4}}