﻿{"ous":[{"Properties":{"highvalue":false,"name":"DOMAIN CONTROLLERS@PRIME.PRI","domain":"PRIME.PRI","objectid":"C9722905-C579-4F28-8D07-8CF899535004","distinguishedname":"OU=Domain Controllers,DC=prime,DC=pri","description":"Default container for domain controllers","blocksinheritance":false},"Links":[{"IsEnforced":false,"Guid":"2A606850-0C3E-4CEE-8D8E-929DE9AE9DC4"}],"ACLProtected":false,"Users":[],"Computers":["S-1-5-21-2710360183-3931155306-2783742369-1000"],"ChildOus":[],"RemoteDesktopUsers":[],"LocalAdmins":[],"DcomUsers":[],"PSRemoteUsers":[],"ObjectIdentifier":"C9722905-C579-4F28-8D07-8CF899535004","Aces":[{"PrincipalSID":"S-1-5-21-2710360183-3931155306-2783742369-512","PrincipalType":"Group","RightName":"Owner","AceType":"","IsInherited":false},{"PrincipalSID":"S-1-5-21-2710360183-3931155306-2783742369-512","PrincipalType":"Group","RightName":"WriteDacl","AceType":"","IsInherited":false},{"PrincipalSID":"S-1-5-21-2710360183-3931155306-2783742369-512","PrincipalType":"Group","RightName":"WriteOwner","AceType":"","IsInherited":false},{"PrincipalSID":"S-1-5-21-2710360183-3931155306-2783742369-519","PrincipalType":"Group","RightName":"GenericAll","AceType":"","IsInherited":true},{"PrincipalSID":"PRIME.PRI-S-1-5-32-544","PrincipalType":"Group","RightName":"WriteDacl","AceType":"","IsInherited":true},{"PrincipalSID":"PRIME.PRI-S-1-5-32-544","PrincipalType":"Group","RightName":"WriteOwner","AceType":"","IsInherited":true}]},{"Properties":{"highvalue":false,"name":"MECM@PRIME.PRI","domain":"PRIME.PRI","objectid":"74C48007-75E6-43AC-B1B4-D29C5BD4698E","distinguishedname":"OU=MECM,DC=prime,DC=pri","description":null,"blocksinheritance":false},"Links":[{"IsEnforced":false,"Guid":"EEBB18A7-FFC0-46CE-9AB7-6C97991B6E35"},{"IsEnforced":false,"Guid":"1441CFF6-9896-4570-AC18-8364B3F57892"}],"ACLProtected":false,"Users":["S-1-5-21-2710360183-3931155306-2783742369-1614"],"Computers":[],"ChildOus":["81E51BB1-D2F3-4143-A58C-128BF85AEE38","FCA3870B-E148-42D1-BEA4-31F36D792F75"],"RemoteDesktopUsers":[],"LocalAdmins":[],"DcomUsers":[],"PSRemoteUsers":[],"ObjectIdentifier":"74C48007-75E6-43AC-B1B4-D29C5BD4698E","Aces":[{"PrincipalSID":"S-1-5-21-2710360183-3931155306-2783742369-512","PrincipalType":"Group","RightName":"Owner","AceType":"","IsInherited":false},{"PrincipalSID":"S-1-5-21-2710360183-3931155306-2783742369-512","PrincipalType":"Group","RightName":"GenericAll","AceType":"","IsInherited":false},{"PrincipalSID":"S-1-5-21-2710360183-3931155306-2783742369-519","PrincipalType":"Group","RightName":"GenericAll","AceType":"","IsInherited":true},{"PrincipalSID":"PRIME.PRI-S-1-5-32-544","PrincipalType":"Group","RightName":"WriteDacl","AceType":"","IsInherited":true},{"PrincipalSID":"PRIME.PRI-S-1-5-32-544","PrincipalType":"Group","RightName":"WriteOwner","AceType":"","IsInherited":true}]},{"Properties":{"highvalue":false,"name":"SERVER@PRIME.PRI","domain":"PRIME.PRI","objectid":"FCA3870B-E148-42D1-BEA4-31F36D792F75","distinguishedname":"OU=Server,OU=MECM,DC=prime,DC=pri","description":null,"blocksinheritance":false},"Links":[],"ACLProtected":false,"Users":[],"Computers":["S-1-5-21-2710360183-3931155306-2783742369-1103","S-1-5-21-2710360183-3931155306-2783742369-1104"],"ChildOus":[],"RemoteDesktopUsers":[],"LocalAdmins":[],"DcomUsers":[],"PSRemoteUsers":[],"ObjectIdentifier":"FCA3870B-E148-42D1-BEA4-31F36D792F75","Aces":[{"PrincipalSID":"S-1-5-21-2710360183-3931155306-2783742369-512","PrincipalType":"Group","RightName":"Owner","AceType":"","IsInherited":false},{"PrincipalSID":"S-1-5-21-2710360183-3931155306-2783742369-512","PrincipalType":"Group","RightName":"GenericAll","AceType":"","IsInherited":false},{"PrincipalSID":"S-1-5-21-2710360183-3931155306-2783742369-519","PrincipalType":"Group","RightName":"GenericAll","AceType":"","IsInherited":true},{"PrincipalSID":"PRIME.PRI-S-1-5-32-544","PrincipalType":"Group","RightName":"WriteDacl","AceType":"","IsInherited":true},{"PrincipalSID":"PRIME.PRI-S-1-5-32-544","PrincipalType":"Group","RightName":"WriteOwner","AceType":"","IsInherited":true}]},{"Properties":{"highvalue":false,"name":"CLIENTS@PRIME.PRI","domain":"PRIME.PRI","objectid":"81E51BB1-D2F3-4143-A58C-128BF85AEE38","distinguishedname":"OU=Clients,OU=MECM,DC=prime,DC=pri","description":null,"blocksinheritance":false},"Links":[{"IsEnforced":false,"Guid":"8C745559-06CE-4791-900B-06106AA3DF28"}],"ACLProtected":false,"Users":[],"Computers":["S-1-5-21-2710360183-3931155306-2783742369-1105","S-1-5-21-2710360183-3931155306-2783742369-1106"],"ChildOus":[],"RemoteDesktopUsers":[],"LocalAdmins":[],"DcomUsers":[],"PSRemoteUsers":[],"ObjectIdentifier":"81E51BB1-D2F3-4143-A58C-128BF85AEE38","Aces":[{"PrincipalSID":"S-1-5-21-2710360183-3931155306-2783742369-512","PrincipalType":"Group","RightName":"Owner","AceType":"","IsInherited":false},{"PrincipalSID":"S-1-5-21-2710360183-3931155306-2783742369-512","PrincipalType":"Group","RightName":"GenericAll","AceType":"","IsInherited":false},{"PrincipalSID":"S-1-5-21-2710360183-3931155306-2783742369-519","PrincipalType":"Group","RightName":"GenericAll","AceType":"","IsInherited":true},{"PrincipalSID":"PRIME.PRI-S-1-5-32-544","PrincipalType":"Group","RightName":"WriteDacl","AceType":"","IsInherited":true},{"PrincipalSID":"PRIME.PRI-S-1-5-32-544","PrincipalType":"Group","RightName":"WriteOwner","AceType":"","IsInherited":true}]},{"Properties":{"highvalue":false,"name":"DESKTOP@PRIME.PRI","domain":"PRIME.PRI","objectid":"24C2E64D-3CA0-4FAA-93AE-925DF7D337D2","distinguishedname":"OU=Desktop,OU=Microsoft365,DC=prime,DC=pri","description":null,"blocksinheritance":false},"Links":[],"ACLProtected":false,"Users":[],"Computers":[],"ChildOus":[],"RemoteDesktopUsers":[],"LocalAdmins":[],"DcomUsers":[],"PSRemoteUsers":[],"ObjectIdentifier":"24C2E64D-3CA0-4FAA-93AE-925DF7D337D2","Aces":[{"PrincipalSID":"S-1-5-21-2710360183-3931155306-2783742369-512","PrincipalType":"Group","RightName":"Owner","AceType":"","IsInherited":false},{"PrincipalSID":"S-1-5-21-2710360183-3931155306-2783742369-512","PrincipalType":"Group","RightName":"GenericAll","AceType":"","IsInherited":false},{"PrincipalSID":"S-1-5-21-2710360183-3931155306-2783742369-519","PrincipalType":"Group","RightName":"GenericAll","AceType":"","IsInherited":true},{"PrincipalSID":"PRIME.PRI-S-1-5-32-544","PrincipalType":"Group","RightName":"WriteDacl","AceType":"","IsInherited":true},{"PrincipalSID":"PRIME.PRI-S-1-5-32-544","PrincipalType":"Group","RightName":"WriteOwner","AceType":"","IsInherited":true}]},{"Properties":{"highvalue":false,"name":"MOBILE@PRIME.PRI","domain":"PRIME.PRI","objectid":"EB9507AB-0B12-4D91-85C2-E89356C3D65C","distinguishedname":"OU=Mobile,OU=Microsoft365,DC=prime,DC=pri","description":null,"blocksinheritance":false},"Links":[],"ACLProtected":false,"Users":[],"Computers":[],"ChildOus":[],"RemoteDesktopUsers":[],"LocalAdmins":[],"DcomUsers":[],"PSRemoteUsers":[],"ObjectIdentifier":"EB9507AB-0B12-4D91-85C2-E89356C3D65C","Aces":[{"PrincipalSID":"S-1-5-21-2710360183-3931155306-2783742369-512","PrincipalType":"Group","RightName":"Owner","AceType":"","IsInherited":false},{"PrincipalSID":"S-1-5-21-2710360183-3931155306-2783742369-512","PrincipalType":"Group","RightName":"GenericAll","AceType":"","IsInherited":false},{"PrincipalSID":"S-1-5-21-2710360183-3931155306-2783742369-519","PrincipalType":"Group","RightName":"GenericAll","AceType":"","IsInherited":true},{"PrincipalSID":"PRIME.PRI-S-1-5-32-544","PrincipalType":"Group","RightName":"WriteDacl","AceType":"","IsInherited":true},{"PrincipalSID":"PRIME.PRI-S-1-5-32-544","PrincipalType":"Group","RightName":"WriteOwner","AceType":"","IsInherited":true}]},{"Properties":{"highvalue":false,"name":"LUZERN@PRIME.PRI","domain":"PRIME.PRI","objectid":"52147876-E360-45E8-839B-59AE42692C60","distinguishedname":"OU=Luzern,DC=prime,DC=pri","description":null,"blocksinheritance":false},"Links":[],"ACLProtected":false,"Users":["S-1-5-21-2710360183-3931155306-2783742369-3143"],"Computers":[],"ChildOus":[],"RemoteDesktopUsers":[],"LocalAdmins":[],"DcomUsers":[],"PSRemoteUsers":[],"ObjectIdentifier":"52147876-E360-45E8-839B-59AE42692C60","Aces":[{"PrincipalSID":"S-1-5-21-2710360183-3931155306-2783742369-512","PrincipalType":"Group","RightName":"Owner","AceType":"","IsInherited":false},{"PrincipalSID":"S-1-5-21-2710360183-3931155306-2783742369-512","PrincipalType":"Group","RightName":"GenericAll","AceType":"","IsInherited":false},{"PrincipalSID":"S-1-5-21-2710360183-3931155306-2783742369-519","PrincipalType":"Group","RightName":"GenericAll","AceType":"","IsInherited":true},{"PrincipalSID":"PRIME.PRI-S-1-5-32-544","PrincipalType":"Group","RightName":"WriteDacl","AceType":"","IsInherited":true},{"PrincipalSID":"PRIME.PRI-S-1-5-32-544","PrincipalType":"Group","RightName":"WriteOwner","AceType":"","IsInherited":true}]},{"Properties":{"highvalue":false,"name":"USERS@PRIME.PRI","domain":"PRIME.PRI","objectid":"6971E102-508C-4B4F-96AC-A9A17FC360D4","distinguishedname":"OU=Users,OU=Microsoft365,DC=prime,DC=pri","description":null,"blocksinheritance":false},"Links":[],"ACLProtected":false,"Users":["S-1-5-21-2710360183-3931155306-2783742369-1107","S-1-5-21-2710360183-3931155306-2783742369-1109","S-1-5-21-2710360183-3931155306-2783742369-1110","S-1-5-21-2710360183-3931155306-2783742369-1108"],"Computers":[],"ChildOus":[],"RemoteDesktopUsers":[],"LocalAdmins":[],"DcomUsers":[],"PSRemoteUsers":[],"ObjectIdentifier":"6971E102-508C-4B4F-96AC-A9A17FC360D4","Aces":[{"PrincipalSID":"S-1-5-21-2710360183-3931155306-2783742369-512","PrincipalType":"Group","RightName":"Owner","AceType":"","IsInherited":false},{"PrincipalSID":"S-1-5-21-2710360183-3931155306-2783742369-512","PrincipalType":"Group","RightName":"GenericAll","AceType":"","IsInherited":false},{"PrincipalSID":"S-1-5-21-2710360183-3931155306-2783742369-519","PrincipalType":"Group","RightName":"GenericAll","AceType":"","IsInherited":true},{"PrincipalSID":"PRIME.PRI-S-1-5-32-544","PrincipalType":"Group","RightName":"WriteDacl","AceType":"","IsInherited":true},{"PrincipalSID":"PRIME.PRI-S-1-5-32-544","PrincipalType":"Group","RightName":"WriteOwner","AceType":"","IsInherited":true}]},{"Properties":{"highvalue":false,"name":"MICROSOFT365@PRIME.PRI","domain":"PRIME.PRI","objectid":"EF5B5290-F3A7-4530-BC63-9EE4941B9EF7","distinguishedname":"OU=Microsoft365,DC=prime,DC=pri","description":null,"blocksinheritance":false},"Links":[],"ACLProtected":false,"Users":[],"Computers":[],"ChildOus":["24C2E64D-3CA0-4FAA-93AE-925DF7D337D2","EB9507AB-0B12-4D91-85C2-E89356C3D65C","6971E102-508C-4B4F-96AC-A9A17FC360D4"],"RemoteDesktopUsers":[],"LocalAdmins":[],"DcomUsers":[],"PSRemoteUsers":[],"ObjectIdentifier":"EF5B5290-F3A7-4530-BC63-9EE4941B9EF7","Aces":[{"PrincipalSID":"S-1-5-21-2710360183-3931155306-2783742369-512","PrincipalType":"Group","RightName":"Owner","AceType":"","IsInherited":false},{"PrincipalSID":"S-1-5-21-2710360183-3931155306-2783742369-512","PrincipalType":"Group","RightName":"GenericAll","AceType":"","IsInherited":false},{"PrincipalSID":"S-1-5-21-2710360183-3931155306-2783742369-519","PrincipalType":"Group","RightName":"GenericAll","AceType":"","IsInherited":true},{"PrincipalSID":"PRIME.PRI-S-1-5-32-544","PrincipalType":"Group","RightName":"WriteDacl","AceType":"","IsInherited":true},{"PrincipalSID":"PRIME.PRI-S-1-5-32-544","PrincipalType":"Group","RightName":"WriteOwner","AceType":"","IsInherited":true}]}],"meta":{"count":9,"type":"ous","version":3}}