﻿{"computers":[{"Properties":{"haslaps":false,"highvalue":false,"name":"AZUREADSSOACC.PRIME.PRI","domain":"PRIME.PRI","objectid":"S-1-5-21-2710360183-3931155306-2783742369-3182","distinguishedname":"CN=AZUREADSSOACC,CN=Computers,DC=prime,DC=pri","description":null,"enabled":true,"unconstraineddelegation":false,"serviceprincipalnames":["HTTP/www.tm.a.prd.aadg.akadns.net","HTTP/www.tm.a.prd.aadg.trafficmanager.net","HTTP/aadg.windows.net.nsatc.net","HTTP/autologon.prda.aadg.msidentity.com","HTTP/autologon.microsoftazuread-sso.com","RestrictedKrbHost/www.tm.a.prd.aadg.akadns.net","RestrictedKrbHost/www.tm.a.prd.aadg.trafficmanager.net","RestrictedKrbHost/aadg.windows.net.nsatc.net","RestrictedKrbHost/autologon.prda.aadg.msidentity.com","RestrictedKrbHost/autologon.microsoftazuread-sso.com"],"lastlogontimestamp":-1,"pwdlastset":1647702194,"operatingsystem":null},"AllowedToDelegate":[],"AllowedToAct":[],"PrimaryGroupSid":"S-1-5-21-2710360183-3931155306-2783742369-515","Sessions":[],"LocalAdmins":[],"RemoteDesktopUsers":[],"DcomUsers":[],"PSRemoteUsers":[],"ObjectIdentifier":"S-1-5-21-2710360183-3931155306-2783742369-3182","Aces":[{"PrincipalSID":"S-1-5-21-2710360183-3931155306-2783742369-512","PrincipalType":"Group","RightName":"Owner","AceType":"","IsInherited":false},{"PrincipalSID":"S-1-5-21-2710360183-3931155306-2783742369-512","PrincipalType":"Group","RightName":"GenericAll","AceType":"","IsInherited":false},{"PrincipalSID":"S-1-5-21-2710360183-3931155306-2783742369-519","PrincipalType":"Group","RightName":"GenericAll","AceType":"","IsInherited":false}]},{"Properties":{"haslaps":false,"highvalue":false,"name":"ADSYNCMSA0880D.PRIME.PRI","domain":"PRIME.PRI","objectid":"S-1-5-21-2710360183-3931155306-2783742369-3176","distinguishedname":"CN=ADSyncMSA0880d,CN=Managed Service Accounts,DC=prime,DC=pri","description":"Service account for the ADSync Service","enabled":true,"unconstraineddelegation":false,"serviceprincipalnames":[],"lastlogontimestamp":1650722471,"pwdlastset":1650358712,"operatingsystem":null},"AllowedToDelegate":[],"AllowedToAct":[],"PrimaryGroupSid":"S-1-5-21-2710360183-3931155306-2783742369-515","Sessions":[],"LocalAdmins":[],"RemoteDesktopUsers":[],"DcomUsers":[],"PSRemoteUsers":[],"ObjectIdentifier":"S-1-5-21-2710360183-3931155306-2783742369-3176","Aces":[{"PrincipalSID":"S-1-5-21-2710360183-3931155306-2783742369-512","PrincipalType":"Group","RightName":"Owner","AceType":"","IsInherited":false},{"PrincipalSID":"PRIME.PRI-S-1-5-32-548","PrincipalType":"Group","RightName":"GenericAll","AceType":"","IsInherited":false},{"PrincipalSID":"S-1-5-21-2710360183-3931155306-2783742369-512","PrincipalType":"Group","RightName":"GenericAll","AceType":"","IsInherited":false},{"PrincipalSID":"S-1-5-21-2710360183-3931155306-2783742369-519","PrincipalType":"Group","RightName":"GenericAll","AceType":"","IsInherited":true},{"PrincipalSID":"PRIME.PRI-S-1-5-32-544","PrincipalType":"Group","RightName":"WriteDacl","AceType":"","IsInherited":true},{"PrincipalSID":"PRIME.PRI-S-1-5-32-544","PrincipalType":"Group","RightName":"WriteOwner","AceType":"","IsInherited":true},{"PrincipalSID":"PRIME.PRI-S-1-5-32-544","PrincipalType":"Group","RightName":"GenericWrite","AceType":"","IsInherited":true}]},{"Properties":{"haslaps":false,"highvalue":false,"name":"CL02.PRIME.PRI","domain":"PRIME.PRI","objectid":"S-1-5-21-2710360183-3931155306-2783742369-1106","distinguishedname":"CN=CL02,OU=Clients,OU=MECM,DC=prime,DC=pri","description":null,"enabled":true,"unconstraineddelegation":false,"serviceprincipalnames":["WSMAN/cl02","WSMAN/cl02.prime.pri","TERMSRV/CL02","TERMSRV/cl02.prime.pri","RestrictedKrbHost/CL02","HOST/CL02","RestrictedKrbHost/cl02.prime.pri","HOST/cl02.prime.pri"],"lastlogontimestamp":1650604857,"pwdlastset":1650604934,"operatingsystem":"Windows 10 Enterprise Evaluation"},"AllowedToDelegate":[],"AllowedToAct":[],"PrimaryGroupSid":"S-1-5-21-2710360183-3931155306-2783742369-515","Sessions":[{"UserId":"S-1-5-21-2710360183-3931155306-2783742369-500","ComputerId":"S-1-5-21-2710360183-3931155306-2783742369-1106"}],"LocalAdmins":[{"MemberId":"S-1-5-21-2710360183-3931155306-2783742369-512","MemberType":"Group"},{"MemberId":"S-1-5-21-2710360183-3931155306-2783742369-1613","MemberType":"Group"}],"RemoteDesktopUsers":[],"DcomUsers":[],"PSRemoteUsers":[],"ObjectIdentifier":"S-1-5-21-2710360183-3931155306-2783742369-1106","Aces":[{"PrincipalSID":"S-1-5-21-2710360183-3931155306-2783742369-512","PrincipalType":"Group","RightName":"Owner","AceType":"","IsInherited":false},{"PrincipalSID":"PRIME.PRI-S-1-5-32-548","PrincipalType":"Group","RightName":"GenericAll","AceType":"","IsInherited":false},{"PrincipalSID":"S-1-5-21-2710360183-3931155306-2783742369-512","PrincipalType":"Group","RightName":"GenericAll","AceType":"","IsInherited":false},{"PrincipalSID":"S-1-5-21-2710360183-3931155306-2783742369-519","PrincipalType":"Group","RightName":"GenericAll","AceType":"","IsInherited":true},{"PrincipalSID":"PRIME.PRI-S-1-5-32-544","PrincipalType":"Group","RightName":"WriteDacl","AceType":"","IsInherited":true},{"PrincipalSID":"PRIME.PRI-S-1-5-32-544","PrincipalType":"Group","RightName":"WriteOwner","AceType":"","IsInherited":true},{"PrincipalSID":"PRIME.PRI-S-1-5-32-544","PrincipalType":"Group","RightName":"GenericWrite","AceType":"","IsInherited":true}]},{"Properties":{"haslaps":false,"highvalue":false,"name":"CL01.PRIME.PRI","domain":"PRIME.PRI","objectid":"S-1-5-21-2710360183-3931155306-2783742369-1105","distinguishedname":"CN=CL01,OU=Clients,OU=MECM,DC=prime,DC=pri","description":null,"enabled":true,"unconstraineddelegation":false,"serviceprincipalnames":["WSMAN/cl01","WSMAN/cl01.prime.pri","TERMSRV/CL01","TERMSRV/cl01.prime.pri","RestrictedKrbHost/CL01","HOST/CL01","RestrictedKrbHost/cl01.prime.pri","HOST/cl01.prime.pri"],"lastlogontimestamp":1651079029,"pwdlastset":1649895088,"operatingsystem":"Windows 10 Enterprise Evaluation"},"AllowedToDelegate":[],"AllowedToAct":[],"PrimaryGroupSid":"S-1-5-21-2710360183-3931155306-2783742369-515","Sessions":[{"UserId":"S-1-5-21-2710360183-3931155306-2783742369-500","ComputerId":"S-1-5-21-2710360183-3931155306-2783742369-1106"}],"LocalAdmins":[{"MemberId":"S-1-5-21-2710360183-3931155306-2783742369-512","MemberType":"Group"},{"MemberId":"S-1-5-21-2710360183-3931155306-2783742369-1613","MemberType":"Group"}],"RemoteDesktopUsers":[],"DcomUsers":[],"PSRemoteUsers":[],"ObjectIdentifier":"S-1-5-21-2710360183-3931155306-2783742369-1105","Aces":[{"PrincipalSID":"S-1-5-21-2710360183-3931155306-2783742369-512","PrincipalType":"Group","RightName":"Owner","AceType":"","IsInherited":false},{"PrincipalSID":"PRIME.PRI-S-1-5-32-548","PrincipalType":"Group","RightName":"GenericAll","AceType":"","IsInherited":false},{"PrincipalSID":"S-1-5-21-2710360183-3931155306-2783742369-512","PrincipalType":"Group","RightName":"GenericAll","AceType":"","IsInherited":false},{"PrincipalSID":"S-1-5-21-2710360183-3931155306-2783742369-519","PrincipalType":"Group","RightName":"GenericAll","AceType":"","IsInherited":true},{"PrincipalSID":"PRIME.PRI-S-1-5-32-544","PrincipalType":"Group","RightName":"WriteDacl","AceType":"","IsInherited":true},{"PrincipalSID":"PRIME.PRI-S-1-5-32-544","PrincipalType":"Group","RightName":"WriteOwner","AceType":"","IsInherited":true},{"PrincipalSID":"PRIME.PRI-S-1-5-32-544","PrincipalType":"Group","RightName":"GenericWrite","AceType":"","IsInherited":true}]},{"Properties":{"haslaps":false,"highvalue":false,"name":"FS01.PRIME.PRI","domain":"PRIME.PRI","objectid":"S-1-5-21-2710360183-3931155306-2783742369-1104","distinguishedname":"CN=FS01,OU=Server,OU=MECM,DC=prime,DC=pri","description":null,"enabled":true,"unconstraineddelegation":false,"serviceprincipalnames":["WSMAN/fs01","WSMAN/fs01.prime.pri","TERMSRV/FS01","TERMSRV/fs01.prime.pri","RestrictedKrbHost/FS01","HOST/FS01","RestrictedKrbHost/fs01.prime.pri","HOST/fs01.prime.pri"],"lastlogontimestamp":1650377696,"pwdlastset":1649767125,"operatingsystem":"Windows Server 2019 Datacenter Evaluation"},"AllowedToDelegate":[],"AllowedToAct":[],"PrimaryGroupSid":"S-1-5-21-2710360183-3931155306-2783742369-515","Sessions":[{"UserId":"S-1-5-21-2710360183-3931155306-2783742369-500","ComputerId":"S-1-5-21-2710360183-3931155306-2783742369-1106"},{"UserId":"S-1-5-21-2710360183-3931155306-2783742369-1614","ComputerId":"S-1-5-21-2710360183-3931155306-2783742369-1104"},{"UserId":"S-1-5-21-2710360183-3931155306-2783742369-500","ComputerId":"S-1-5-21-2710360183-3931155306-2783742369-1104"}],"LocalAdmins":[{"MemberId":"S-1-5-21-2710360183-3931155306-2783742369-512","MemberType":"Group"},{"MemberId":"S-1-5-21-2710360183-3931155306-2783742369-1613","MemberType":"Group"},{"MemberId":"S-1-5-21-2710360183-3931155306-2783742369-1103","MemberType":"Computer"},{"MemberId":"S-1-5-21-2710360183-3931155306-2783742369-1614","MemberType":"User"}],"RemoteDesktopUsers":[],"DcomUsers":[],"PSRemoteUsers":[],"ObjectIdentifier":"S-1-5-21-2710360183-3931155306-2783742369-1104","Aces":[{"PrincipalSID":"S-1-5-21-2710360183-3931155306-2783742369-512","PrincipalType":"Group","RightName":"Owner","AceType":"","IsInherited":false},{"PrincipalSID":"PRIME.PRI-S-1-5-32-548","PrincipalType":"Group","RightName":"GenericAll","AceType":"","IsInherited":false},{"PrincipalSID":"S-1-5-21-2710360183-3931155306-2783742369-512","PrincipalType":"Group","RightName":"GenericAll","AceType":"","IsInherited":false},{"PrincipalSID":"S-1-5-21-2710360183-3931155306-2783742369-519","PrincipalType":"Group","RightName":"GenericAll","AceType":"","IsInherited":true},{"PrincipalSID":"PRIME.PRI-S-1-5-32-544","PrincipalType":"Group","RightName":"WriteDacl","AceType":"","IsInherited":true},{"PrincipalSID":"PRIME.PRI-S-1-5-32-544","PrincipalType":"Group","RightName":"WriteOwner","AceType":"","IsInherited":true},{"PrincipalSID":"PRIME.PRI-S-1-5-32-544","PrincipalType":"Group","RightName":"GenericWrite","AceType":"","IsInherited":true}]},{"Properties":{"haslaps":false,"highvalue":false,"name":"DC01.PRIME.PRI","domain":"PRIME.PRI","objectid":"S-1-5-21-2710360183-3931155306-2783742369-1000","distinguishedname":"CN=DC01,OU=Domain Controllers,DC=prime,DC=pri","description":null,"enabled":true,"unconstraineddelegation":true,"serviceprincipalnames":["Dfsr-12F9A27C-BF97-4787-9364-D31B6C55EB04/dc01.prime.pri","TERMSRV/DC01","TERMSRV/dc01.prime.pri","ldap/dc01.prime.pri/ForestDnsZones.prime.pri","ldap/dc01.prime.pri/DomainDnsZones.prime.pri","DNS/dc01.prime.pri","GC/dc01.prime.pri/prime.pri","RestrictedKrbHost/dc01.prime.pri","RestrictedKrbHost/DC01","RPC/1630c63b-ce73-4517-8f35-8b45e4e5323e._msdcs.prime.pri","HOST/DC01/PRIME","HOST/dc01.prime.pri/PRIME","HOST/DC01","HOST/dc01.prime.pri","HOST/dc01.prime.pri/prime.pri","E3514235-4B06-11D1-AB04-00C04FC2DCD2/1630c63b-ce73-4517-8f35-8b45e4e5323e/prime.pri","ldap/DC01/PRIME","ldap/1630c63b-ce73-4517-8f35-8b45e4e5323e._msdcs.prime.pri","ldap/dc01.prime.pri/PRIME","ldap/DC01","ldap/dc01.prime.pri","ldap/dc01.prime.pri/prime.pri"],"lastlogontimestamp":1650866532,"pwdlastset":1649296701,"operatingsystem":"Windows Server 2019 Datacenter Evaluation"},"AllowedToDelegate":[],"AllowedToAct":[],"PrimaryGroupSid":"S-1-5-21-2710360183-3931155306-2783742369-516","Sessions":[{"UserId":"S-1-5-21-2710360183-3931155306-2783742369-500","ComputerId":"S-1-5-21-2710360183-3931155306-2783742369-1106"},{"UserId":"S-1-5-21-2710360183-3931155306-2783742369-500","ComputerId":"S-1-5-21-2710360183-3931155306-2783742369-1000"},{"UserId":"S-1-5-21-2710360183-3931155306-2783742369-3176","ComputerId":"S-1-5-21-2710360183-3931155306-2783742369-1000"}],"LocalAdmins":[{"MemberId":"S-1-5-21-2710360183-3931155306-2783742369-500","MemberType":"User"},{"MemberId":"S-1-5-21-2710360183-3931155306-2783742369-519","MemberType":"Group"},{"MemberId":"S-1-5-21-2710360183-3931155306-2783742369-512","MemberType":"Group"},{"MemberId":"S-1-5-21-2710360183-3931155306-2783742369-1614","MemberType":"User"}],"RemoteDesktopUsers":[],"DcomUsers":[],"PSRemoteUsers":[],"ObjectIdentifier":"S-1-5-21-2710360183-3931155306-2783742369-1000","Aces":[{"PrincipalSID":"S-1-5-21-2710360183-3931155306-2783742369-512","PrincipalType":"Group","RightName":"Owner","AceType":"","IsInherited":false},{"PrincipalSID":"S-1-5-21-2710360183-3931155306-2783742369-512","PrincipalType":"Group","RightName":"GenericAll","AceType":"","IsInherited":false},{"PrincipalSID":"S-1-5-21-2710360183-3931155306-2783742369-519","PrincipalType":"Group","RightName":"GenericAll","AceType":"","IsInherited":true},{"PrincipalSID":"PRIME.PRI-S-1-5-32-544","PrincipalType":"Group","RightName":"WriteDacl","AceType":"","IsInherited":true},{"PrincipalSID":"PRIME.PRI-S-1-5-32-544","PrincipalType":"Group","RightName":"WriteOwner","AceType":"","IsInherited":true},{"PrincipalSID":"PRIME.PRI-S-1-5-32-544","PrincipalType":"Group","RightName":"GenericWrite","AceType":"","IsInherited":true}]},{"Properties":{"haslaps":false,"highvalue":false,"name":"CM01.PRIME.PRI","domain":"PRIME.PRI","objectid":"S-1-5-21-2710360183-3931155306-2783742369-1103","distinguishedname":"CN=CM01,OU=Server,OU=MECM,DC=prime,DC=pri","description":null,"enabled":true,"unconstraineddelegation":false,"serviceprincipalnames":["WSMAN/cm01","WSMAN/cm01.prime.pri","TERMSRV/CM01","TERMSRV/cm01.prime.pri","RestrictedKrbHost/CM01","HOST/CM01","RestrictedKrbHost/cm01.prime.pri","HOST/cm01.prime.pri"],"lastlogontimestamp":1651055218,"pwdlastset":1649357441,"operatingsystem":"Windows Server 2019 Datacenter Evaluation"},"AllowedToDelegate":[],"AllowedToAct":[],"PrimaryGroupSid":"S-1-5-21-2710360183-3931155306-2783742369-515","Sessions":[{"UserId":"S-1-5-21-2710360183-3931155306-2783742369-500","ComputerId":"S-1-5-21-2710360183-3931155306-2783742369-1106"},{"UserId":"S-1-5-21-2710360183-3931155306-2783742369-500","ComputerId":"S-1-5-21-2710360183-3931155306-2783742369-1000"},{"UserId":"S-1-5-21-2710360183-3931155306-2783742369-1614","ComputerId":"S-1-5-21-2710360183-3931155306-2783742369-1103"}],"LocalAdmins":[{"MemberId":"S-1-5-21-2710360183-3931155306-2783742369-512","MemberType":"Group"},{"MemberId":"S-1-5-21-2710360183-3931155306-2783742369-1613","MemberType":"Group"}],"RemoteDesktopUsers":[],"DcomUsers":[],"PSRemoteUsers":[],"ObjectIdentifier":"S-1-5-21-2710360183-3931155306-2783742369-1103","Aces":[{"PrincipalSID":"S-1-5-21-2710360183-3931155306-2783742369-512","PrincipalType":"Group","RightName":"Owner","AceType":"","IsInherited":false},{"PrincipalSID":"PRIME.PRI-S-1-5-32-548","PrincipalType":"Group","RightName":"GenericAll","AceType":"","IsInherited":false},{"PrincipalSID":"S-1-5-21-2710360183-3931155306-2783742369-512","PrincipalType":"Group","RightName":"GenericAll","AceType":"","IsInherited":false},{"PrincipalSID":"S-1-5-21-2710360183-3931155306-2783742369-519","PrincipalType":"Group","RightName":"GenericAll","AceType":"","IsInherited":true},{"PrincipalSID":"PRIME.PRI-S-1-5-32-544","PrincipalType":"Group","RightName":"WriteDacl","AceType":"","IsInherited":true},{"PrincipalSID":"PRIME.PRI-S-1-5-32-544","PrincipalType":"Group","RightName":"WriteOwner","AceType":"","IsInherited":true},{"PrincipalSID":"PRIME.PRI-S-1-5-32-544","PrincipalType":"Group","RightName":"GenericWrite","AceType":"","IsInherited":true}]}],"meta":{"count":7,"type":"computers","version":3}}