﻿{"domains":[{"Properties":{"highvalue":true,"name":"PRIME.PRI","domain":"PRIME.PRI","objectid":"S-1-5-21-2710360183-3931155306-2783742369","distinguishedname":"DC=prime,DC=pri","description":null,"functionallevel":"2016"},"Users":["S-1-5-21-2710360183-3931155306-2783742369-500","S-1-5-21-2710360183-3931155306-2783742369-501","S-1-5-21-2710360183-3931155306-2783742369-502","S-1-5-21-2710360183-3931155306-2783742369-2640","S-1-5-21-2710360183-3931155306-2783742369-3181"],"Computers":["S-1-5-21-2710360183-3931155306-2783742369-3182","S-1-5-21-2710360183-3931155306-2783742369-3176"],"ChildOus":["C9722905-C579-4F28-8D07-8CF899535004","52147876-E360-45E8-839B-59AE42692C60","74C48007-75E6-43AC-B1B4-D29C5BD4698E","EF5B5290-F3A7-4530-BC63-9EE4941B9EF7"],"Trusts":[],"Links":[{"IsEnforced":false,"Guid":"46A163EA-AE95-423F-966B-B43911EB0C58"}],"RemoteDesktopUsers":[],"LocalAdmins":[],"DcomUsers":[],"PSRemoteUsers":[],"ObjectIdentifier":"S-1-5-21-2710360183-3931155306-2783742369","Aces":[{"PrincipalSID":"PRIME.PRI-S-1-5-32-544","PrincipalType":"Group","RightName":"Owner","AceType":"","IsInherited":false},{"PrincipalSID":"PRIME.PRI-S-1-5-32-544","PrincipalType":"Group","RightName":"WriteDacl","AceType":"","IsInherited":false},{"PrincipalSID":"PRIME.PRI-S-1-5-32-544","PrincipalType":"Group","RightName":"WriteOwner","AceType":"","IsInherited":false},{"PrincipalSID":"PRIME.PRI-S-1-5-32-544","PrincipalType":"Group","RightName":"ExtendedRight","AceType":"All","IsInherited":false},{"PrincipalSID":"S-1-5-21-2710360183-3931155306-2783742369-512","PrincipalType":"Group","RightName":"WriteDacl","AceType":"","IsInherited":false},{"PrincipalSID":"S-1-5-21-2710360183-3931155306-2783742369-512","PrincipalType":"Group","RightName":"WriteOwner","AceType":"","IsInherited":false},{"PrincipalSID":"S-1-5-21-2710360183-3931155306-2783742369-512","PrincipalType":"Group","RightName":"ExtendedRight","AceType":"All","IsInherited":false},{"PrincipalSID":"S-1-5-21-2710360183-3931155306-2783742369-519","PrincipalType":"Group","RightName":"GenericAll","AceType":"","IsInherited":false},{"PrincipalSID":"PRIME.PRI-S-1-5-9","PrincipalType":"Group","RightName":"ExtendedRight","AceType":"GetChanges","IsInherited":false},{"PrincipalSID":"PRIME.PRI-S-1-5-32-544","PrincipalType":"Group","RightName":"ExtendedRight","AceType":"GetChanges","IsInherited":false},{"PrincipalSID":"PRIME.PRI-S-1-5-32-544","PrincipalType":"Group","RightName":"ExtendedRight","AceType":"GetChangesAll","IsInherited":false},{"PrincipalSID":"S-1-5-21-2710360183-3931155306-2783742369-498","PrincipalType":"Group","RightName":"ExtendedRight","AceType":"GetChanges","IsInherited":false},{"PrincipalSID":"S-1-5-21-2710360183-3931155306-2783742369-516","PrincipalType":"Group","RightName":"ExtendedRight","AceType":"GetChangesAll","IsInherited":false},{"PrincipalSID":"S-1-5-21-2710360183-3931155306-2783742369-3181","PrincipalType":"User","RightName":"ExtendedRight","AceType":"GetChangesAll","IsInherited":false},{"PrincipalSID":"S-1-5-21-2710360183-3931155306-2783742369-3181","PrincipalType":"User","RightName":"ExtendedRight","AceType":"GetChanges","IsInherited":false}]}],"meta":{"count":1,"type":"domains","version":3}}