﻿{"data":[{"Properties":{"domain":"PRIME.PRI","name":"WIN10.PRIME.PRI","distinguishedname":"CN=WIN10,OU=DESKTOPS,DC=PRIME,DC=PRI","domainsid":"S-1-5-21-1649358021-4281159539-2796419911","highvalue":false,"samaccountname":"WIN10$","haslaps":false,"description":null,"whencreated":1686666334,"enabled":true,"unconstraineddelegation":false,"trustedtoauth":false,"lastlogon":1686829847,"lastlogontimestamp":1686659175,"pwdlastset":1686659134,"serviceprincipalnames":["RestrictedKrbHost/WIN10","HOST/WIN10","RestrictedKrbHost/win10.prime.pri","HOST/win10.prime.pri"],"operatingsystem":"Windows 10 Enterprise","sidhistory":[]},"PrimaryGroupSID":"S-1-5-21-1649358021-4281159539-2796419911-515","AllowedToDelegate":[],"AllowedToAct":[],"HasSIDHistory":[],"DumpSMSAPassword":[],"Sessions":{"Results":[],"Collected":true,"FailureReason":null},"PrivilegedSessions":{"Results":[{"UserSID":"S-1-5-21-1649358021-4281159539-2796419911-500","ComputerSID":"S-1-5-21-1649358021-4281159539-2796419911-1103"}],"Collected":true,"FailureReason":null},"RegistrySessions":{"Results":[],"Collected":false,"FailureReason":"Der Netzwerkpfad wurde nicht gefunden.\r\n"},"LocalAdmins":{"Results":[{"ObjectIdentifier":"S-1-5-21-1649358021-4281159539-2796419911-512","ObjectType":"Group"}],"Collected":true,"FailureReason":null},"RemoteDesktopUsers":{"Results":[],"Collected":true,"FailureReason":null},"DcomUsers":{"Results":[],"Collected":true,"FailureReason":null},"PSRemoteUsers":{"Results":[],"Collected":true,"FailureReason":null},"Status":null,"Aces":[{"PrincipalSID":"S-1-5-21-1649358021-4281159539-2796419911-512","PrincipalType":"Group","RightName":"Owns","IsInherited":false},{"PrincipalSID":"PRIME.PRI-S-1-5-32-548","PrincipalType":"Group","RightName":"GenericAll","IsInherited":false},{"PrincipalSID":"S-1-5-21-1649358021-4281159539-2796419911-512","PrincipalType":"Group","RightName":"GenericAll","IsInherited":false},{"PrincipalSID":"S-1-5-21-1649358021-4281159539-2796419911-526","PrincipalType":"Group","RightName":"AddKeyCredentialLink","IsInherited":true},{"PrincipalSID":"S-1-5-21-1649358021-4281159539-2796419911-527","PrincipalType":"Group","RightName":"AddKeyCredentialLink","IsInherited":true},{"PrincipalSID":"S-1-5-21-1649358021-4281159539-2796419911-519","PrincipalType":"Group","RightName":"GenericAll","IsInherited":true},{"PrincipalSID":"PRIME.PRI-S-1-5-32-544","PrincipalType":"Group","RightName":"WriteDacl","IsInherited":true},{"PrincipalSID":"PRIME.PRI-S-1-5-32-544","PrincipalType":"Group","RightName":"WriteOwner","IsInherited":true},{"PrincipalSID":"PRIME.PRI-S-1-5-32-544","PrincipalType":"Group","RightName":"GenericWrite","IsInherited":true}],"ObjectIdentifier":"S-1-5-21-1649358021-4281159539-2796419911-1103","IsDeleted":false,"IsACLProtected":false},{"Properties":{"domain":"PRIME.PRI","name":"DC2.PRIME.PRI","distinguishedname":"CN=DC2,OU=DOMAIN CONTROLLERS,DC=PRIME,DC=PRI","domainsid":"S-1-5-21-1649358021-4281159539-2796419911","highvalue":false,"samaccountname":"DC2$","haslaps":false,"description":null,"whencreated":1686751231,"enabled":true,"unconstraineddelegation":true,"trustedtoauth":false,"lastlogon":1686829421,"lastlogontimestamp":1686744032,"pwdlastset":1686744031,"serviceprincipalnames":["DNS/dc2.prime.pri","HOST/dc2.prime.pri/PRIME","RPC/9919522a-a989-4982-8f78-9c9f30a8427a._msdcs.prime.pri","GC/dc2.prime.pri/prime.pri","HOST/dc2.prime.pri/prime.pri","HOST/DC2/PRIME","ldap/DC2/PRIME","ldap/9919522a-a989-4982-8f78-9c9f30a8427a._msdcs.prime.pri","ldap/dc2.prime.pri/PRIME","ldap/DC2","ldap/dc2.prime.pri","ldap/dc2.prime.pri/ForestDnsZones.prime.pri","ldap/dc2.prime.pri/DomainDnsZones.prime.pri","ldap/dc2.prime.pri/prime.pri","E3514235-4B06-11D1-AB04-00C04FC2DCD2/9919522a-a989-4982-8f78-9c9f30a8427a/prime.pri","Dfsr-12F9A27C-BF97-4787-9364-D31B6C55EB04/dc2.prime.pri","WSMAN/dc2","WSMAN/dc2.prime.pri","RestrictedKrbHost/DC2","HOST/DC2","RestrictedKrbHost/dc2.prime.pri","HOST/dc2.prime.pri"],"operatingsystem":"Windows Server 2022 Datacenter","sidhistory":[]},"PrimaryGroupSID":"S-1-5-21-1649358021-4281159539-2796419911-516","AllowedToDelegate":[],"AllowedToAct":[],"HasSIDHistory":[],"DumpSMSAPassword":[],"Sessions":{"Results":[],"Collected":true,"FailureReason":null},"PrivilegedSessions":{"Results":[{"UserSID":"S-1-5-21-1649358021-4281159539-2796419911-500","ComputerSID":"S-1-5-21-1649358021-4281159539-2796419911-1105"}],"Collected":true,"FailureReason":null},"RegistrySessions":{"Results":[{"UserSID":"S-1-5-21-1649358021-4281159539-2796419911-500","ComputerSID":"S-1-5-21-1649358021-4281159539-2796419911-1105"}],"Collected":true,"FailureReason":null},"LocalAdmins":{"Results":[{"ObjectIdentifier":"S-1-5-21-1649358021-4281159539-2796419911-512","ObjectType":"Group"},{"ObjectIdentifier":"S-1-5-21-1649358021-4281159539-2796419911-519","ObjectType":"Group"},{"ObjectIdentifier":"S-1-5-21-1649358021-4281159539-2796419911-500","ObjectType":"User"}],"Collected":true,"FailureReason":null},"RemoteDesktopUsers":{"Results":[],"Collected":true,"FailureReason":null},"DcomUsers":{"Results":[],"Collected":true,"FailureReason":null},"PSRemoteUsers":{"Results":[],"Collected":true,"FailureReason":null},"Status":null,"Aces":[{"PrincipalSID":"S-1-5-21-1649358021-4281159539-2796419911-512","PrincipalType":"Group","RightName":"Owns","IsInherited":false},{"PrincipalSID":"S-1-5-21-1649358021-4281159539-2796419911-512","PrincipalType":"Group","RightName":"GenericAll","IsInherited":false},{"PrincipalSID":"S-1-5-21-1649358021-4281159539-2796419911-526","PrincipalType":"Group","RightName":"AddKeyCredentialLink","IsInherited":true},{"PrincipalSID":"S-1-5-21-1649358021-4281159539-2796419911-527","PrincipalType":"Group","RightName":"AddKeyCredentialLink","IsInherited":true},{"PrincipalSID":"S-1-5-21-1649358021-4281159539-2796419911-519","PrincipalType":"Group","RightName":"GenericAll","IsInherited":true},{"PrincipalSID":"PRIME.PRI-S-1-5-32-544","PrincipalType":"Group","RightName":"WriteDacl","IsInherited":true},{"PrincipalSID":"PRIME.PRI-S-1-5-32-544","PrincipalType":"Group","RightName":"WriteOwner","IsInherited":true},{"PrincipalSID":"PRIME.PRI-S-1-5-32-544","PrincipalType":"Group","RightName":"GenericWrite","IsInherited":true}],"ObjectIdentifier":"S-1-5-21-1649358021-4281159539-2796419911-1105","IsDeleted":false,"IsACLProtected":false},{"Properties":{"domain":"PRIME.PRI","name":"DC.PRIME.PRI","distinguishedname":"CN=DC,OU=DOMAIN CONTROLLERS,DC=PRIME,DC=PRI","domainsid":"S-1-5-21-1649358021-4281159539-2796419911","highvalue":false,"samaccountname":"DC$","haslaps":false,"description":null,"whencreated":1686665291,"enabled":true,"unconstraineddelegation":true,"trustedtoauth":false,"lastlogon":1686809676,"lastlogontimestamp":1686658131,"pwdlastset":1686658120,"serviceprincipalnames":["Dfsr-12F9A27C-BF97-4787-9364-D31B6C55EB04/dc.prime.pri","ldap/dc.prime.pri/ForestDnsZones.prime.pri","ldap/dc.prime.pri/DomainDnsZones.prime.pri","DNS/dc.prime.pri","GC/dc.prime.pri/prime.pri","RestrictedKrbHost/dc.prime.pri","RestrictedKrbHost/DC","RPC/3a3a8cbb-7072-465f-b074-7af80e5030b2._msdcs.prime.pri","HOST/DC/PRIME","HOST/dc.prime.pri/PRIME","HOST/DC","HOST/dc.prime.pri","HOST/dc.prime.pri/prime.pri","E3514235-4B06-11D1-AB04-00C04FC2DCD2/3a3a8cbb-7072-465f-b074-7af80e5030b2/prime.pri","ldap/DC/PRIME","ldap/3a3a8cbb-7072-465f-b074-7af80e5030b2._msdcs.prime.pri","ldap/dc.prime.pri/PRIME","ldap/DC","ldap/dc.prime.pri","ldap/dc.prime.pri/prime.pri"],"operatingsystem":"Windows Server 2022 Datacenter","sidhistory":[]},"PrimaryGroupSID":"S-1-5-21-1649358021-4281159539-2796419911-516","AllowedToDelegate":[],"AllowedToAct":[],"HasSIDHistory":[],"DumpSMSAPassword":[],"Sessions":{"Results":[],"Collected":true,"FailureReason":null},"PrivilegedSessions":{"Results":[{"UserSID":"S-1-5-21-1649358021-4281159539-2796419911-500","ComputerSID":"S-1-5-21-1649358021-4281159539-2796419911-1000"}],"Collected":true,"FailureReason":null},"RegistrySessions":{"Results":[{"UserSID":"S-1-5-21-1649358021-4281159539-2796419911-500","ComputerSID":"S-1-5-21-1649358021-4281159539-2796419911-1000"}],"Collected":true,"FailureReason":null},"LocalAdmins":{"Results":[{"ObjectIdentifier":"S-1-5-21-1649358021-4281159539-2796419911-500","ObjectType":"User"},{"ObjectIdentifier":"S-1-5-21-1649358021-4281159539-2796419911-519","ObjectType":"Group"},{"ObjectIdentifier":"S-1-5-21-1649358021-4281159539-2796419911-512","ObjectType":"Group"}],"Collected":true,"FailureReason":null},"RemoteDesktopUsers":{"Results":[],"Collected":true,"FailureReason":null},"DcomUsers":{"Results":[],"Collected":true,"FailureReason":null},"PSRemoteUsers":{"Results":[],"Collected":true,"FailureReason":null},"Status":null,"Aces":[{"PrincipalSID":"S-1-5-21-1649358021-4281159539-2796419911-512","PrincipalType":"Group","RightName":"Owns","IsInherited":false},{"PrincipalSID":"S-1-5-21-1649358021-4281159539-2796419911-512","PrincipalType":"Group","RightName":"GenericAll","IsInherited":false},{"PrincipalSID":"S-1-5-21-1649358021-4281159539-2796419911-526","PrincipalType":"Group","RightName":"AddKeyCredentialLink","IsInherited":true},{"PrincipalSID":"S-1-5-21-1649358021-4281159539-2796419911-527","PrincipalType":"Group","RightName":"AddKeyCredentialLink","IsInherited":true},{"PrincipalSID":"S-1-5-21-1649358021-4281159539-2796419911-519","PrincipalType":"Group","RightName":"GenericAll","IsInherited":true},{"PrincipalSID":"PRIME.PRI-S-1-5-32-544","PrincipalType":"Group","RightName":"WriteDacl","IsInherited":true},{"PrincipalSID":"PRIME.PRI-S-1-5-32-544","PrincipalType":"Group","RightName":"WriteOwner","IsInherited":true},{"PrincipalSID":"PRIME.PRI-S-1-5-32-544","PrincipalType":"Group","RightName":"GenericWrite","IsInherited":true}],"ObjectIdentifier":"S-1-5-21-1649358021-4281159539-2796419911-1000","IsDeleted":false,"IsACLProtected":false},{"Properties":{"domain":"PRIME.PRI","name":"FS01.PRIME.PRI","distinguishedname":"CN=FS01,OU=SERVERS,DC=PRIME,DC=PRI","domainsid":"S-1-5-21-1649358021-4281159539-2796419911","highvalue":false,"samaccountname":"FS01$","haslaps":false,"description":null,"whencreated":1686751327,"enabled":true,"unconstraineddelegation":true,"trustedtoauth":false,"lastlogon":1686829922,"lastlogontimestamp":1686744127,"pwdlastset":1686744127,"serviceprincipalnames":["WSMAN/fs01","WSMAN/fs01.prime.pri","RestrictedKrbHost/FS01","HOST/FS01","RestrictedKrbHost/fs01.prime.pri","HOST/fs01.prime.pri"],"operatingsystem":"Windows Server 2022 Datacenter","sidhistory":[]},"PrimaryGroupSID":"S-1-5-21-1649358021-4281159539-2796419911-515","AllowedToDelegate":[],"AllowedToAct":[],"HasSIDHistory":[],"DumpSMSAPassword":[],"Sessions":{"Results":[],"Collected":false,"FailureReason":null},"PrivilegedSessions":{"Results":[],"Collected":false,"FailureReason":null},"RegistrySessions":{"Results":[],"Collected":false,"FailureReason":null},"LocalAdmins":{"Results":[],"Collected":false,"FailureReason":null},"RemoteDesktopUsers":{"Results":[],"Collected":false,"FailureReason":null},"DcomUsers":{"Results":[],"Collected":false,"FailureReason":null},"PSRemoteUsers":{"Results":[],"Collected":false,"FailureReason":null},"Status":null,"Aces":[{"PrincipalSID":"S-1-5-21-1649358021-4281159539-2796419911-512","PrincipalType":"Group","RightName":"Owns","IsInherited":false},{"PrincipalSID":"PRIME.PRI-S-1-5-32-548","PrincipalType":"Group","RightName":"GenericAll","IsInherited":false},{"PrincipalSID":"S-1-5-21-1649358021-4281159539-2796419911-512","PrincipalType":"Group","RightName":"GenericAll","IsInherited":false},{"PrincipalSID":"S-1-5-21-1649358021-4281159539-2796419911-526","PrincipalType":"Group","RightName":"AddKeyCredentialLink","IsInherited":true},{"PrincipalSID":"S-1-5-21-1649358021-4281159539-2796419911-527","PrincipalType":"Group","RightName":"AddKeyCredentialLink","IsInherited":true},{"PrincipalSID":"S-1-5-21-1649358021-4281159539-2796419911-519","PrincipalType":"Group","RightName":"GenericAll","IsInherited":true},{"PrincipalSID":"PRIME.PRI-S-1-5-32-544","PrincipalType":"Group","RightName":"WriteDacl","IsInherited":true},{"PrincipalSID":"PRIME.PRI-S-1-5-32-544","PrincipalType":"Group","RightName":"WriteOwner","IsInherited":true},{"PrincipalSID":"PRIME.PRI-S-1-5-32-544","PrincipalType":"Group","RightName":"GenericWrite","IsInherited":true}],"ObjectIdentifier":"S-1-5-21-1649358021-4281159539-2796419911-1106","IsDeleted":false,"IsACLProtected":false}],"meta":{"methods":29695,"type":"computers","count":4,"version":5}}