﻿{"data":[{"Properties":{"domain":"PRIME.PRI","name":"ADMINISTRATORS@PRIME.PRI","distinguishedname":"CN=ADMINISTRATOREN,CN=BUILTIN,DC=PRIME,DC=PRI","domainsid":"S-1-5-21-1649358021-4281159539-2796419911","highvalue":true,"samaccountname":"Administratoren","description":"Administratoren haben uneingeschränkten Vollzugriff auf den Computer bzw. die Domäne.","whencreated":1686665247,"admincount":true},"Members":[{"ObjectIdentifier":"S-1-5-21-1649358021-4281159539-2796419911-512","ObjectType":"Group"},{"ObjectIdentifier":"S-1-5-21-1649358021-4281159539-2796419911-519","ObjectType":"Group"},{"ObjectIdentifier":"S-1-5-21-1649358021-4281159539-2796419911-500","ObjectType":"User"}],"Aces":[{"PrincipalSID":"S-1-5-21-1649358021-4281159539-2796419911-512","PrincipalType":"Group","RightName":"Owns","IsInherited":false},{"PrincipalSID":"PRIME.PRI-S-1-5-32-544","PrincipalType":"Group","RightName":"WriteDacl","IsInherited":false},{"PrincipalSID":"PRIME.PRI-S-1-5-32-544","PrincipalType":"Group","RightName":"WriteOwner","IsInherited":false},{"PrincipalSID":"PRIME.PRI-S-1-5-32-544","PrincipalType":"Group","RightName":"GenericWrite","IsInherited":false},{"PrincipalSID":"S-1-5-21-1649358021-4281159539-2796419911-512","PrincipalType":"Group","RightName":"WriteDacl","IsInherited":false},{"PrincipalSID":"S-1-5-21-1649358021-4281159539-2796419911-512","PrincipalType":"Group","RightName":"WriteOwner","IsInherited":false},{"PrincipalSID":"S-1-5-21-1649358021-4281159539-2796419911-512","PrincipalType":"Group","RightName":"GenericWrite","IsInherited":false},{"PrincipalSID":"S-1-5-21-1649358021-4281159539-2796419911-519","PrincipalType":"Group","RightName":"WriteDacl","IsInherited":false},{"PrincipalSID":"S-1-5-21-1649358021-4281159539-2796419911-519","PrincipalType":"Group","RightName":"WriteOwner","IsInherited":false},{"PrincipalSID":"S-1-5-21-1649358021-4281159539-2796419911-519","PrincipalType":"Group","RightName":"GenericWrite","IsInherited":false},{"PrincipalSID":"S-1-5-21-1649358021-4281159539-2796419911-1104","PrincipalType":"User","RightName":"GenericAll","IsInherited":false}],"ObjectIdentifier":"PRIME.PRI-S-1-5-32-544","IsDeleted":false,"IsACLProtected":true},{"Properties":{"domain":"PRIME.PRI","name":"GUESTS@PRIME.PRI","distinguishedname":"CN=GÄSTE,CN=BUILTIN,DC=PRIME,DC=PRI","domainsid":"S-1-5-21-1649358021-4281159539-2796419911","highvalue":false,"samaccountname":"Gäste","description":"Gäste besitzen standardmäßig die selben Zugriffsrechte wie Mitglieder der Benutzergruppe. Das Gastkonto ist jedoch zusätzlich eingeschränkt.","whencreated":1686665247,"admincount":false},"Members":[{"ObjectIdentifier":"S-1-5-21-1649358021-4281159539-2796419911-514","ObjectType":"Group"},{"ObjectIdentifier":"S-1-5-21-1649358021-4281159539-2796419911-501","ObjectType":"User"}],"Aces":[{"PrincipalSID":"PRIME.PRI-S-1-5-32-544","PrincipalType":"Group","RightName":"Owns","IsInherited":false},{"PrincipalSID":"PRIME.PRI-S-1-5-32-548","PrincipalType":"Group","RightName":"GenericAll","IsInherited":false},{"PrincipalSID":"S-1-5-21-1649358021-4281159539-2796419911-512","PrincipalType":"Group","RightName":"GenericAll","IsInherited":false},{"PrincipalSID":"S-1-5-21-1649358021-4281159539-2796419911-519","PrincipalType":"Group","RightName":"GenericAll","IsInherited":true},{"PrincipalSID":"PRIME.PRI-S-1-5-32-544","PrincipalType":"Group","RightName":"WriteDacl","IsInherited":true},{"PrincipalSID":"PRIME.PRI-S-1-5-32-544","PrincipalType":"Group","RightName":"WriteOwner","IsInherited":true},{"PrincipalSID":"PRIME.PRI-S-1-5-32-544","PrincipalType":"Group","RightName":"GenericWrite","IsInherited":true}],"ObjectIdentifier":"PRIME.PRI-S-1-5-32-546","IsDeleted":false,"IsACLProtected":false},{"Properties":{"domain":"PRIME.PRI","name":"DISTRIBUTED COM USERS@PRIME.PRI","distinguishedname":"CN=DISTRIBUTED COM-BENUTZER,CN=BUILTIN,DC=PRIME,DC=PRI","domainsid":"S-1-5-21-1649358021-4281159539-2796419911","highvalue":false,"samaccountname":"Distributed COM-Benutzer","description":"Mitglieder dieser Gruppe können Distributed-COM-Objekte auf diesem Computer starten, aktivieren und verwenden.","whencreated":1686665247,"admincount":false},"Members":[],"Aces":[{"PrincipalSID":"PRIME.PRI-S-1-5-32-544","PrincipalType":"Group","RightName":"Owns","IsInherited":false},{"PrincipalSID":"PRIME.PRI-S-1-5-32-548","PrincipalType":"Group","RightName":"GenericAll","IsInherited":false},{"PrincipalSID":"S-1-5-21-1649358021-4281159539-2796419911-512","PrincipalType":"Group","RightName":"GenericAll","IsInherited":false},{"PrincipalSID":"S-1-5-21-1649358021-4281159539-2796419911-519","PrincipalType":"Group","RightName":"GenericAll","IsInherited":true},{"PrincipalSID":"PRIME.PRI-S-1-5-32-544","PrincipalType":"Group","RightName":"WriteDacl","IsInherited":true},{"PrincipalSID":"PRIME.PRI-S-1-5-32-544","PrincipalType":"Group","RightName":"WriteOwner","IsInherited":true},{"PrincipalSID":"PRIME.PRI-S-1-5-32-544","PrincipalType":"Group","RightName":"GenericWrite","IsInherited":true}],"ObjectIdentifier":"PRIME.PRI-S-1-5-32-562","IsDeleted":false,"IsACLProtected":false},{"Properties":{"domain":"PRIME.PRI","name":"IIS_IUSRS@PRIME.PRI","distinguishedname":"CN=IIS_IUSRS,CN=BUILTIN,DC=PRIME,DC=PRI","domainsid":"S-1-5-21-1649358021-4281159539-2796419911","highvalue":false,"samaccountname":"IIS_IUSRS","description":"Von Internetinformationsdiensten verwendete integrierte Gruppe.","whencreated":1686665247,"admincount":false},"Members":[{"ObjectIdentifier":"PRIME.PRI-S-1-5-17","ObjectType":"Group"}],"Aces":[{"PrincipalSID":"PRIME.PRI-S-1-5-32-544","PrincipalType":"Group","RightName":"Owns","IsInherited":false},{"PrincipalSID":"PRIME.PRI-S-1-5-32-548","PrincipalType":"Group","RightName":"GenericAll","IsInherited":false},{"PrincipalSID":"S-1-5-21-1649358021-4281159539-2796419911-512","PrincipalType":"Group","RightName":"GenericAll","IsInherited":false},{"PrincipalSID":"S-1-5-21-1649358021-4281159539-2796419911-519","PrincipalType":"Group","RightName":"GenericAll","IsInherited":true},{"PrincipalSID":"PRIME.PRI-S-1-5-32-544","PrincipalType":"Group","RightName":"WriteDacl","IsInherited":true},{"PrincipalSID":"PRIME.PRI-S-1-5-32-544","PrincipalType":"Group","RightName":"WriteOwner","IsInherited":true},{"PrincipalSID":"PRIME.PRI-S-1-5-32-544","PrincipalType":"Group","RightName":"GenericWrite","IsInherited":true}],"ObjectIdentifier":"PRIME.PRI-S-1-5-32-568","IsDeleted":false,"IsACLProtected":false},{"Properties":{"domain":"PRIME.PRI","name":"ABGELEHNTE RODC-KENNWORTREPLIKATIONSGRUPPE@PRIME.PRI","distinguishedname":"CN=ABGELEHNTE RODC-KENNWORTREPLIKATIONSGRUPPE,CN=USERS,DC=PRIME,DC=PRI","domainsid":"S-1-5-21-1649358021-4281159539-2796419911","highvalue":false,"samaccountname":"Abgelehnte RODC-Kennwortreplikationsgruppe","description":"Mitglieder dieser Gruppe können Kennwörter nicht auf schreibgeschützte Domänencontroller replizieren","whencreated":1686665292,"admincount":false},"Members":[{"ObjectIdentifier":"S-1-5-21-1649358021-4281159539-2796419911-521","ObjectType":"Group"},{"ObjectIdentifier":"S-1-5-21-1649358021-4281159539-2796419911-520","ObjectType":"Group"},{"ObjectIdentifier":"S-1-5-21-1649358021-4281159539-2796419911-512","ObjectType":"Group"},{"ObjectIdentifier":"S-1-5-21-1649358021-4281159539-2796419911-517","ObjectType":"Group"},{"ObjectIdentifier":"S-1-5-21-1649358021-4281159539-2796419911-519","ObjectType":"Group"},{"ObjectIdentifier":"S-1-5-21-1649358021-4281159539-2796419911-518","ObjectType":"Group"},{"ObjectIdentifier":"S-1-5-21-1649358021-4281159539-2796419911-516","ObjectType":"Group"},{"ObjectIdentifier":"S-1-5-21-1649358021-4281159539-2796419911-502","ObjectType":"User"}],"Aces":[{"PrincipalSID":"S-1-5-21-1649358021-4281159539-2796419911-512","PrincipalType":"Group","RightName":"Owns","IsInherited":false},{"PrincipalSID":"PRIME.PRI-S-1-5-32-548","PrincipalType":"Group","RightName":"GenericAll","IsInherited":false},{"PrincipalSID":"S-1-5-21-1649358021-4281159539-2796419911-512","PrincipalType":"Group","RightName":"GenericAll","IsInherited":false},{"PrincipalSID":"S-1-5-21-1649358021-4281159539-2796419911-519","PrincipalType":"Group","RightName":"GenericAll","IsInherited":true},{"PrincipalSID":"PRIME.PRI-S-1-5-32-544","PrincipalType":"Group","RightName":"WriteDacl","IsInherited":true},{"PrincipalSID":"PRIME.PRI-S-1-5-32-544","PrincipalType":"Group","RightName":"WriteOwner","IsInherited":true},{"PrincipalSID":"PRIME.PRI-S-1-5-32-544","PrincipalType":"Group","RightName":"GenericWrite","IsInherited":true}],"ObjectIdentifier":"S-1-5-21-1649358021-4281159539-2796419911-572","IsDeleted":false,"IsACLProtected":false},{"Properties":{"domain":"PRIME.PRI","name":"EVENT LOG READERS@PRIME.PRI","distinguishedname":"CN=EREIGNISPROTOKOLLLESER,CN=BUILTIN,DC=PRIME,DC=PRI","domainsid":"S-1-5-21-1649358021-4281159539-2796419911","highvalue":false,"samaccountname":"Ereignisprotokollleser","description":"Mitglieder dieser Gruppe dürfen Ereignisprotokolle des lokalen Computers lesen","whencreated":1686665247,"admincount":false},"Members":[],"Aces":[{"PrincipalSID":"PRIME.PRI-S-1-5-32-544","PrincipalType":"Group","RightName":"Owns","IsInherited":false},{"PrincipalSID":"PRIME.PRI-S-1-5-32-548","PrincipalType":"Group","RightName":"GenericAll","IsInherited":false},{"PrincipalSID":"S-1-5-21-1649358021-4281159539-2796419911-512","PrincipalType":"Group","RightName":"GenericAll","IsInherited":false},{"PrincipalSID":"S-1-5-21-1649358021-4281159539-2796419911-519","PrincipalType":"Group","RightName":"GenericAll","IsInherited":true},{"PrincipalSID":"PRIME.PRI-S-1-5-32-544","PrincipalType":"Group","RightName":"WriteDacl","IsInherited":true},{"PrincipalSID":"PRIME.PRI-S-1-5-32-544","PrincipalType":"Group","RightName":"WriteOwner","IsInherited":true},{"PrincipalSID":"PRIME.PRI-S-1-5-32-544","PrincipalType":"Group","RightName":"GenericWrite","IsInherited":true}],"ObjectIdentifier":"PRIME.PRI-S-1-5-32-573","IsDeleted":false,"IsACLProtected":false},{"Properties":{"domain":"PRIME.PRI","name":"SCHEMA-ADMINS@PRIME.PRI","distinguishedname":"CN=SCHEMA-ADMINS,CN=USERS,DC=PRIME,DC=PRI","domainsid":"S-1-5-21-1649358021-4281159539-2796419911","highvalue":false,"samaccountname":"Schema-Admins","description":"Designierte Administratoren des Schemas","whencreated":1686665292,"admincount":true},"Members":[{"ObjectIdentifier":"S-1-5-21-1649358021-4281159539-2796419911-500","ObjectType":"User"}],"Aces":[{"PrincipalSID":"S-1-5-21-1649358021-4281159539-2796419911-512","PrincipalType":"Group","RightName":"Owns","IsInherited":false},{"PrincipalSID":"PRIME.PRI-S-1-5-32-544","PrincipalType":"Group","RightName":"WriteDacl","IsInherited":false},{"PrincipalSID":"PRIME.PRI-S-1-5-32-544","PrincipalType":"Group","RightName":"WriteOwner","IsInherited":false},{"PrincipalSID":"PRIME.PRI-S-1-5-32-544","PrincipalType":"Group","RightName":"GenericWrite","IsInherited":false},{"PrincipalSID":"S-1-5-21-1649358021-4281159539-2796419911-512","PrincipalType":"Group","RightName":"WriteDacl","IsInherited":false},{"PrincipalSID":"S-1-5-21-1649358021-4281159539-2796419911-512","PrincipalType":"Group","RightName":"WriteOwner","IsInherited":false},{"PrincipalSID":"S-1-5-21-1649358021-4281159539-2796419911-512","PrincipalType":"Group","RightName":"GenericWrite","IsInherited":false},{"PrincipalSID":"S-1-5-21-1649358021-4281159539-2796419911-519","PrincipalType":"Group","RightName":"WriteDacl","IsInherited":false},{"PrincipalSID":"S-1-5-21-1649358021-4281159539-2796419911-519","PrincipalType":"Group","RightName":"WriteOwner","IsInherited":false},{"PrincipalSID":"S-1-5-21-1649358021-4281159539-2796419911-519","PrincipalType":"Group","RightName":"GenericWrite","IsInherited":false},{"PrincipalSID":"S-1-5-21-1649358021-4281159539-2796419911-1104","PrincipalType":"User","RightName":"GenericAll","IsInherited":false}],"ObjectIdentifier":"S-1-5-21-1649358021-4281159539-2796419911-518","IsDeleted":false,"IsACLProtected":true},{"Properties":{"domain":"PRIME.PRI","name":"ORGANISATIONS-ADMINS@PRIME.PRI","distinguishedname":"CN=ORGANISATIONS-ADMINS,CN=USERS,DC=PRIME,DC=PRI","domainsid":"S-1-5-21-1649358021-4281159539-2796419911","highvalue":true,"samaccountname":"Organisations-Admins","description":"Angegebene Administratoren der Organisation","whencreated":1686665292,"admincount":true},"Members":[{"ObjectIdentifier":"S-1-5-21-1649358021-4281159539-2796419911-500","ObjectType":"User"}],"Aces":[{"PrincipalSID":"S-1-5-21-1649358021-4281159539-2796419911-512","PrincipalType":"Group","RightName":"Owns","IsInherited":false},{"PrincipalSID":"PRIME.PRI-S-1-5-32-544","PrincipalType":"Group","RightName":"WriteDacl","IsInherited":false},{"PrincipalSID":"PRIME.PRI-S-1-5-32-544","PrincipalType":"Group","RightName":"WriteOwner","IsInherited":false},{"PrincipalSID":"PRIME.PRI-S-1-5-32-544","PrincipalType":"Group","RightName":"GenericWrite","IsInherited":false},{"PrincipalSID":"S-1-5-21-1649358021-4281159539-2796419911-512","PrincipalType":"Group","RightName":"WriteDacl","IsInherited":false},{"PrincipalSID":"S-1-5-21-1649358021-4281159539-2796419911-512","PrincipalType":"Group","RightName":"WriteOwner","IsInherited":false},{"PrincipalSID":"S-1-5-21-1649358021-4281159539-2796419911-512","PrincipalType":"Group","RightName":"GenericWrite","IsInherited":false},{"PrincipalSID":"S-1-5-21-1649358021-4281159539-2796419911-519","PrincipalType":"Group","RightName":"WriteDacl","IsInherited":false},{"PrincipalSID":"S-1-5-21-1649358021-4281159539-2796419911-519","PrincipalType":"Group","RightName":"WriteOwner","IsInherited":false},{"PrincipalSID":"S-1-5-21-1649358021-4281159539-2796419911-519","PrincipalType":"Group","RightName":"GenericWrite","IsInherited":false},{"PrincipalSID":"S-1-5-21-1649358021-4281159539-2796419911-1104","PrincipalType":"User","RightName":"GenericAll","IsInherited":false}],"ObjectIdentifier":"S-1-5-21-1649358021-4281159539-2796419911-519","IsDeleted":false,"IsACLProtected":true},{"Properties":{"domain":"PRIME.PRI","name":"DOMÄNEN-ADMINS@PRIME.PRI","distinguishedname":"CN=DOMÄNEN-ADMINS,CN=USERS,DC=PRIME,DC=PRI","domainsid":"S-1-5-21-1649358021-4281159539-2796419911","highvalue":true,"samaccountname":"Domänen-Admins","description":"Administratoren der Domäne","whencreated":1686665292,"admincount":true},"Members":[{"ObjectIdentifier":"S-1-5-21-1649358021-4281159539-2796419911-500","ObjectType":"User"}],"Aces":[{"PrincipalSID":"S-1-5-21-1649358021-4281159539-2796419911-512","PrincipalType":"Group","RightName":"Owns","IsInherited":false},{"PrincipalSID":"PRIME.PRI-S-1-5-32-544","PrincipalType":"Group","RightName":"WriteDacl","IsInherited":false},{"PrincipalSID":"PRIME.PRI-S-1-5-32-544","PrincipalType":"Group","RightName":"WriteOwner","IsInherited":false},{"PrincipalSID":"PRIME.PRI-S-1-5-32-544","PrincipalType":"Group","RightName":"GenericWrite","IsInherited":false},{"PrincipalSID":"S-1-5-21-1649358021-4281159539-2796419911-512","PrincipalType":"Group","RightName":"WriteDacl","IsInherited":false},{"PrincipalSID":"S-1-5-21-1649358021-4281159539-2796419911-512","PrincipalType":"Group","RightName":"WriteOwner","IsInherited":false},{"PrincipalSID":"S-1-5-21-1649358021-4281159539-2796419911-512","PrincipalType":"Group","RightName":"GenericWrite","IsInherited":false},{"PrincipalSID":"S-1-5-21-1649358021-4281159539-2796419911-519","PrincipalType":"Group","RightName":"WriteDacl","IsInherited":false},{"PrincipalSID":"S-1-5-21-1649358021-4281159539-2796419911-519","PrincipalType":"Group","RightName":"WriteOwner","IsInherited":false},{"PrincipalSID":"S-1-5-21-1649358021-4281159539-2796419911-519","PrincipalType":"Group","RightName":"GenericWrite","IsInherited":false},{"PrincipalSID":"S-1-5-21-1649358021-4281159539-2796419911-1104","PrincipalType":"User","RightName":"GenericAll","IsInherited":false}],"ObjectIdentifier":"S-1-5-21-1649358021-4281159539-2796419911-512","IsDeleted":false,"IsACLProtected":true},{"Properties":{"domain":"PRIME.PRI","name":"RICHTLINIEN-ERSTELLER-BESITZER@PRIME.PRI","distinguishedname":"CN=RICHTLINIEN-ERSTELLER-BESITZER,CN=USERS,DC=PRIME,DC=PRI","domainsid":"S-1-5-21-1649358021-4281159539-2796419911","highvalue":false,"samaccountname":"Richtlinien-Ersteller-Besitzer","description":"Mitglieder dieser Gruppe können Gruppenrichtlinien für die Domäne ändern.","whencreated":1686665292,"admincount":false},"Members":[{"ObjectIdentifier":"S-1-5-21-1649358021-4281159539-2796419911-500","ObjectType":"User"}],"Aces":[{"PrincipalSID":"S-1-5-21-1649358021-4281159539-2796419911-512","PrincipalType":"Group","RightName":"Owns","IsInherited":false},{"PrincipalSID":"PRIME.PRI-S-1-5-32-548","PrincipalType":"Group","RightName":"GenericAll","IsInherited":false},{"PrincipalSID":"S-1-5-21-1649358021-4281159539-2796419911-512","PrincipalType":"Group","RightName":"GenericAll","IsInherited":false},{"PrincipalSID":"S-1-5-21-1649358021-4281159539-2796419911-519","PrincipalType":"Group","RightName":"GenericAll","IsInherited":true},{"PrincipalSID":"PRIME.PRI-S-1-5-32-544","PrincipalType":"Group","RightName":"WriteDacl","IsInherited":true},{"PrincipalSID":"PRIME.PRI-S-1-5-32-544","PrincipalType":"Group","RightName":"WriteOwner","IsInherited":true},{"PrincipalSID":"PRIME.PRI-S-1-5-32-544","PrincipalType":"Group","RightName":"GenericWrite","IsInherited":true}],"ObjectIdentifier":"S-1-5-21-1649358021-4281159539-2796419911-520","IsDeleted":false,"IsACLProtected":false},{"Properties":{"domain":"PRIME.PRI","name":"REMOTE MANAGEMENT USERS@PRIME.PRI","distinguishedname":"CN=REMOTEVERWALTUNGSBENUTZER,CN=BUILTIN,DC=PRIME,DC=PRI","domainsid":"S-1-5-21-1649358021-4281159539-2796419911","highvalue":false,"samaccountname":"Remoteverwaltungsbenutzer","description":"Mitglieder dieser Gruppe können über Verwaltungsprotokolle auf WMI-Ressourcen zugreifen (z. B. WS-Verwaltung über den Windows-Remoteverwaltungsdienst). Dies gilt nur für WMI-Namespaces, die dem Benutzer Zugriff gewähren.","whencreated":1686665247,"admincount":false},"Members":[],"Aces":[{"PrincipalSID":"PRIME.PRI-S-1-5-32-544","PrincipalType":"Group","RightName":"Owns","IsInherited":false},{"PrincipalSID":"PRIME.PRI-S-1-5-32-548","PrincipalType":"Group","RightName":"GenericAll","IsInherited":false},{"PrincipalSID":"S-1-5-21-1649358021-4281159539-2796419911-512","PrincipalType":"Group","RightName":"GenericAll","IsInherited":false},{"PrincipalSID":"S-1-5-21-1649358021-4281159539-2796419911-519","PrincipalType":"Group","RightName":"GenericAll","IsInherited":true},{"PrincipalSID":"PRIME.PRI-S-1-5-32-544","PrincipalType":"Group","RightName":"WriteDacl","IsInherited":true},{"PrincipalSID":"PRIME.PRI-S-1-5-32-544","PrincipalType":"Group","RightName":"WriteOwner","IsInherited":true},{"PrincipalSID":"PRIME.PRI-S-1-5-32-544","PrincipalType":"Group","RightName":"GenericWrite","IsInherited":true}],"ObjectIdentifier":"PRIME.PRI-S-1-5-32-580","IsDeleted":false,"IsACLProtected":false},{"Properties":{"domain":"PRIME.PRI","name":"BACKUP OPERATORS@PRIME.PRI","distinguishedname":"CN=SICHERUNGS-OPERATOREN,CN=BUILTIN,DC=PRIME,DC=PRI","domainsid":"S-1-5-21-1649358021-4281159539-2796419911","highvalue":true,"samaccountname":"Sicherungs-Operatoren","description":"Sicherungs-Operatoren können Sicherheitseinschränkungen lediglich zum Sichern oder Wiederherstellen von Dateien außer Kraft setzen.","whencreated":1686665247,"admincount":true},"Members":[],"Aces":[{"PrincipalSID":"S-1-5-21-1649358021-4281159539-2796419911-512","PrincipalType":"Group","RightName":"Owns","IsInherited":false},{"PrincipalSID":"PRIME.PRI-S-1-5-32-544","PrincipalType":"Group","RightName":"WriteDacl","IsInherited":false},{"PrincipalSID":"PRIME.PRI-S-1-5-32-544","PrincipalType":"Group","RightName":"WriteOwner","IsInherited":false},{"PrincipalSID":"PRIME.PRI-S-1-5-32-544","PrincipalType":"Group","RightName":"GenericWrite","IsInherited":false},{"PrincipalSID":"S-1-5-21-1649358021-4281159539-2796419911-512","PrincipalType":"Group","RightName":"WriteDacl","IsInherited":false},{"PrincipalSID":"S-1-5-21-1649358021-4281159539-2796419911-512","PrincipalType":"Group","RightName":"WriteOwner","IsInherited":false},{"PrincipalSID":"S-1-5-21-1649358021-4281159539-2796419911-512","PrincipalType":"Group","RightName":"GenericWrite","IsInherited":false},{"PrincipalSID":"S-1-5-21-1649358021-4281159539-2796419911-519","PrincipalType":"Group","RightName":"WriteDacl","IsInherited":false},{"PrincipalSID":"S-1-5-21-1649358021-4281159539-2796419911-519","PrincipalType":"Group","RightName":"WriteOwner","IsInherited":false},{"PrincipalSID":"S-1-5-21-1649358021-4281159539-2796419911-519","PrincipalType":"Group","RightName":"GenericWrite","IsInherited":false},{"PrincipalSID":"S-1-5-21-1649358021-4281159539-2796419911-1104","PrincipalType":"User","RightName":"GenericAll","IsInherited":false}],"ObjectIdentifier":"PRIME.PRI-S-1-5-32-551","IsDeleted":false,"IsACLProtected":true},{"Properties":{"domain":"PRIME.PRI","name":"ACCESS CONTROL ASSISTANCE OPERATORS@PRIME.PRI","distinguishedname":"CN=ZUGRIFFSSTEUERUNGS-UNTERSTÜTZUNGSOPERATOREN,CN=BUILTIN,DC=PRIME,DC=PRI","domainsid":"S-1-5-21-1649358021-4281159539-2796419911","highvalue":false,"samaccountname":"Zugriffssteuerungs-Unterstützungsoperatoren","description":"Mitglieder dieser Gruppe können remote Autorisierungsattribute und -berechtigungen für Ressourcen auf dem Computer abfragen.","whencreated":1686665247,"admincount":false},"Members":[],"Aces":[{"PrincipalSID":"PRIME.PRI-S-1-5-32-544","PrincipalType":"Group","RightName":"Owns","IsInherited":false},{"PrincipalSID":"PRIME.PRI-S-1-5-32-548","PrincipalType":"Group","RightName":"GenericAll","IsInherited":false},{"PrincipalSID":"S-1-5-21-1649358021-4281159539-2796419911-512","PrincipalType":"Group","RightName":"GenericAll","IsInherited":false},{"PrincipalSID":"S-1-5-21-1649358021-4281159539-2796419911-519","PrincipalType":"Group","RightName":"GenericAll","IsInherited":true},{"PrincipalSID":"PRIME.PRI-S-1-5-32-544","PrincipalType":"Group","RightName":"WriteDacl","IsInherited":true},{"PrincipalSID":"PRIME.PRI-S-1-5-32-544","PrincipalType":"Group","RightName":"WriteOwner","IsInherited":true},{"PrincipalSID":"PRIME.PRI-S-1-5-32-544","PrincipalType":"Group","RightName":"GenericWrite","IsInherited":true}],"ObjectIdentifier":"PRIME.PRI-S-1-5-32-579","IsDeleted":false,"IsACLProtected":false},{"Properties":{"domain":"PRIME.PRI","name":"PRE-WINDOWS 2000 COMPATIBLE ACCESS@PRIME.PRI","distinguishedname":"CN=PRÄ-WINDOWS 2000 KOMPATIBLER ZUGRIFF,CN=BUILTIN,DC=PRIME,DC=PRI","domainsid":"S-1-5-21-1649358021-4281159539-2796419911","highvalue":false,"samaccountname":"Prä-Windows 2000 kompatibler Zugriff","description":"Eine mit Vorgängerversionen kompatible Gruppe, die allen Benutzern und Gruppen in der Domäne Lesezugriff gewährt.","whencreated":1686665292,"admincount":false},"Members":[{"ObjectIdentifier":"PRIME.PRI-S-1-5-11","ObjectType":"Group"}],"Aces":[{"PrincipalSID":"S-1-5-21-1649358021-4281159539-2796419911-512","PrincipalType":"Group","RightName":"Owns","IsInherited":false},{"PrincipalSID":"PRIME.PRI-S-1-5-32-548","PrincipalType":"Group","RightName":"GenericAll","IsInherited":false},{"PrincipalSID":"S-1-5-21-1649358021-4281159539-2796419911-512","PrincipalType":"Group","RightName":"GenericAll","IsInherited":false},{"PrincipalSID":"S-1-5-21-1649358021-4281159539-2796419911-519","PrincipalType":"Group","RightName":"GenericAll","IsInherited":true},{"PrincipalSID":"PRIME.PRI-S-1-5-32-544","PrincipalType":"Group","RightName":"WriteDacl","IsInherited":true},{"PrincipalSID":"PRIME.PRI-S-1-5-32-544","PrincipalType":"Group","RightName":"WriteOwner","IsInherited":true},{"PrincipalSID":"PRIME.PRI-S-1-5-32-544","PrincipalType":"Group","RightName":"GenericWrite","IsInherited":true}],"ObjectIdentifier":"PRIME.PRI-S-1-5-32-554","IsDeleted":false,"IsACLProtected":false},{"Properties":{"domain":"PRIME.PRI","name":"SCHREIBGESCHÜTZTE DOMÄNENCONTROLLER DER ORGANISATION@PRIME.PRI","distinguishedname":"CN=SCHREIBGESCHÜTZTE DOMÄNENCONTROLLER DER ORGANISATION,CN=USERS,DC=PRIME,DC=PRI","domainsid":"S-1-5-21-1649358021-4281159539-2796419911","highvalue":false,"samaccountname":"Schreibgeschützte Domänencontroller der Organisation","description":"Mitglieder dieser Gruppe sind schreibgeschützte Domänencontroller m Unternehmen","whencreated":1686665292,"admincount":false},"Members":[],"Aces":[{"PrincipalSID":"S-1-5-21-1649358021-4281159539-2796419911-512","PrincipalType":"Group","RightName":"Owns","IsInherited":false},{"PrincipalSID":"PRIME.PRI-S-1-5-32-548","PrincipalType":"Group","RightName":"GenericAll","IsInherited":false},{"PrincipalSID":"S-1-5-21-1649358021-4281159539-2796419911-512","PrincipalType":"Group","RightName":"GenericAll","IsInherited":false},{"PrincipalSID":"S-1-5-21-1649358021-4281159539-2796419911-519","PrincipalType":"Group","RightName":"GenericAll","IsInherited":true},{"PrincipalSID":"PRIME.PRI-S-1-5-32-544","PrincipalType":"Group","RightName":"WriteDacl","IsInherited":true},{"PrincipalSID":"PRIME.PRI-S-1-5-32-544","PrincipalType":"Group","RightName":"WriteOwner","IsInherited":true},{"PrincipalSID":"PRIME.PRI-S-1-5-32-544","PrincipalType":"Group","RightName":"GenericWrite","IsInherited":true}],"ObjectIdentifier":"S-1-5-21-1649358021-4281159539-2796419911-498","IsDeleted":false,"IsACLProtected":false},{"Properties":{"domain":"PRIME.PRI","name":"RAS- UND IAS-SERVER@PRIME.PRI","distinguishedname":"CN=RAS- UND IAS-SERVER,CN=USERS,DC=PRIME,DC=PRI","domainsid":"S-1-5-21-1649358021-4281159539-2796419911","highvalue":false,"samaccountname":"RAS- und IAS-Server","description":"Server in dieser Gruppe können auf die RAS-Eigenschaften von Benutzern zugreifen.","whencreated":1686665292,"admincount":false},"Members":[],"Aces":[{"PrincipalSID":"S-1-5-21-1649358021-4281159539-2796419911-512","PrincipalType":"Group","RightName":"Owns","IsInherited":false},{"PrincipalSID":"PRIME.PRI-S-1-5-32-548","PrincipalType":"Group","RightName":"GenericAll","IsInherited":false},{"PrincipalSID":"S-1-5-21-1649358021-4281159539-2796419911-512","PrincipalType":"Group","RightName":"GenericAll","IsInherited":false},{"PrincipalSID":"S-1-5-21-1649358021-4281159539-2796419911-519","PrincipalType":"Group","RightName":"GenericAll","IsInherited":true},{"PrincipalSID":"PRIME.PRI-S-1-5-32-544","PrincipalType":"Group","RightName":"WriteDacl","IsInherited":true},{"PrincipalSID":"PRIME.PRI-S-1-5-32-544","PrincipalType":"Group","RightName":"WriteOwner","IsInherited":true},{"PrincipalSID":"PRIME.PRI-S-1-5-32-544","PrincipalType":"Group","RightName":"GenericWrite","IsInherited":true}],"ObjectIdentifier":"S-1-5-21-1649358021-4281159539-2796419911-553","IsDeleted":false,"IsACLProtected":false},{"Properties":{"domain":"PRIME.PRI","name":"PRINT OPERATORS@PRIME.PRI","distinguishedname":"CN=DRUCK-OPERATOREN,CN=BUILTIN,DC=PRIME,DC=PRI","domainsid":"S-1-5-21-1649358021-4281159539-2796419911","highvalue":true,"samaccountname":"Druck-Operatoren","description":"Mitglieder können auf Domänencontrollern installierte Drucker verwalten.","whencreated":1686665247,"admincount":true},"Members":[],"Aces":[{"PrincipalSID":"S-1-5-21-1649358021-4281159539-2796419911-512","PrincipalType":"Group","RightName":"Owns","IsInherited":false},{"PrincipalSID":"PRIME.PRI-S-1-5-32-544","PrincipalType":"Group","RightName":"WriteDacl","IsInherited":false},{"PrincipalSID":"PRIME.PRI-S-1-5-32-544","PrincipalType":"Group","RightName":"WriteOwner","IsInherited":false},{"PrincipalSID":"PRIME.PRI-S-1-5-32-544","PrincipalType":"Group","RightName":"GenericWrite","IsInherited":false},{"PrincipalSID":"S-1-5-21-1649358021-4281159539-2796419911-512","PrincipalType":"Group","RightName":"WriteDacl","IsInherited":false},{"PrincipalSID":"S-1-5-21-1649358021-4281159539-2796419911-512","PrincipalType":"Group","RightName":"WriteOwner","IsInherited":false},{"PrincipalSID":"S-1-5-21-1649358021-4281159539-2796419911-512","PrincipalType":"Group","RightName":"GenericWrite","IsInherited":false},{"PrincipalSID":"S-1-5-21-1649358021-4281159539-2796419911-519","PrincipalType":"Group","RightName":"WriteDacl","IsInherited":false},{"PrincipalSID":"S-1-5-21-1649358021-4281159539-2796419911-519","PrincipalType":"Group","RightName":"WriteOwner","IsInherited":false},{"PrincipalSID":"S-1-5-21-1649358021-4281159539-2796419911-519","PrincipalType":"Group","RightName":"GenericWrite","IsInherited":false},{"PrincipalSID":"S-1-5-21-1649358021-4281159539-2796419911-1104","PrincipalType":"User","RightName":"GenericAll","IsInherited":false}],"ObjectIdentifier":"PRIME.PRI-S-1-5-32-550","IsDeleted":false,"IsACLProtected":true},{"Properties":{"domain":"PRIME.PRI","name":"PERFORMANCE LOG USERS@PRIME.PRI","distinguishedname":"CN=LEISTUNGSPROTOKOLLBENUTZER,CN=BUILTIN,DC=PRIME,DC=PRI","domainsid":"S-1-5-21-1649358021-4281159539-2796419911","highvalue":false,"samaccountname":"Leistungsprotokollbenutzer","description":"Mitglieder dieser Gruppe können die Protokollierung von Leistungsindikatoren planen, Traceanbieter aktivieren und Ereignistraces sammeln, sowohl lokal als auch über Remotezugriff auf diesen Computer.","whencreated":1686665247,"admincount":false},"Members":[],"Aces":[{"PrincipalSID":"PRIME.PRI-S-1-5-32-544","PrincipalType":"Group","RightName":"Owns","IsInherited":false},{"PrincipalSID":"PRIME.PRI-S-1-5-32-548","PrincipalType":"Group","RightName":"GenericAll","IsInherited":false},{"PrincipalSID":"S-1-5-21-1649358021-4281159539-2796419911-512","PrincipalType":"Group","RightName":"GenericAll","IsInherited":false},{"PrincipalSID":"S-1-5-21-1649358021-4281159539-2796419911-519","PrincipalType":"Group","RightName":"GenericAll","IsInherited":true},{"PrincipalSID":"PRIME.PRI-S-1-5-32-544","PrincipalType":"Group","RightName":"WriteDacl","IsInherited":true},{"PrincipalSID":"PRIME.PRI-S-1-5-32-544","PrincipalType":"Group","RightName":"WriteOwner","IsInherited":true},{"PrincipalSID":"PRIME.PRI-S-1-5-32-544","PrincipalType":"Group","RightName":"GenericWrite","IsInherited":true}],"ObjectIdentifier":"PRIME.PRI-S-1-5-32-559","IsDeleted":false,"IsACLProtected":false},{"Properties":{"domain":"PRIME.PRI","name":"INCOMING FOREST TRUST BUILDERS@PRIME.PRI","distinguishedname":"CN=ERSTELLUNGEN EINGEHENDER GESAMTSTRUKTURVERTRAUENSSTELLUNG,CN=BUILTIN,DC=PRIME,DC=PRI","domainsid":"S-1-5-21-1649358021-4281159539-2796419911","highvalue":false,"samaccountname":"Erstellungen eingehender Gesamtstrukturvertrauensstellung","description":"Mitglieder dieser Gruppe können eingehende unidirektionale Vertrauensstellungen zu dieser Gesamtstruktur erstellen.","whencreated":1686665292,"admincount":false},"Members":[],"Aces":[{"PrincipalSID":"S-1-5-21-1649358021-4281159539-2796419911-512","PrincipalType":"Group","RightName":"Owns","IsInherited":false},{"PrincipalSID":"PRIME.PRI-S-1-5-32-548","PrincipalType":"Group","RightName":"GenericAll","IsInherited":false},{"PrincipalSID":"S-1-5-21-1649358021-4281159539-2796419911-512","PrincipalType":"Group","RightName":"GenericAll","IsInherited":false},{"PrincipalSID":"S-1-5-21-1649358021-4281159539-2796419911-519","PrincipalType":"Group","RightName":"GenericAll","IsInherited":true},{"PrincipalSID":"PRIME.PRI-S-1-5-32-544","PrincipalType":"Group","RightName":"WriteDacl","IsInherited":true},{"PrincipalSID":"PRIME.PRI-S-1-5-32-544","PrincipalType":"Group","RightName":"WriteOwner","IsInherited":true},{"PrincipalSID":"PRIME.PRI-S-1-5-32-544","PrincipalType":"Group","RightName":"GenericWrite","IsInherited":true}],"ObjectIdentifier":"PRIME.PRI-S-1-5-32-557","IsDeleted":false,"IsACLProtected":false},{"Properties":{"domain":"PRIME.PRI","name":"ACCOUNT OPERATORS@PRIME.PRI","distinguishedname":"CN=KONTEN-OPERATOREN,CN=BUILTIN,DC=PRIME,DC=PRI","domainsid":"S-1-5-21-1649358021-4281159539-2796419911","highvalue":true,"samaccountname":"Konten-Operatoren","description":"Mitglieder dieser Gruppe können Domänenbenutzer und -gruppen verwalten.","whencreated":1686665292,"admincount":true},"Members":[],"Aces":[{"PrincipalSID":"S-1-5-21-1649358021-4281159539-2796419911-512","PrincipalType":"Group","RightName":"Owns","IsInherited":false},{"PrincipalSID":"PRIME.PRI-S-1-5-32-544","PrincipalType":"Group","RightName":"WriteDacl","IsInherited":false},{"PrincipalSID":"PRIME.PRI-S-1-5-32-544","PrincipalType":"Group","RightName":"WriteOwner","IsInherited":false},{"PrincipalSID":"PRIME.PRI-S-1-5-32-544","PrincipalType":"Group","RightName":"GenericWrite","IsInherited":false},{"PrincipalSID":"S-1-5-21-1649358021-4281159539-2796419911-512","PrincipalType":"Group","RightName":"WriteDacl","IsInherited":false},{"PrincipalSID":"S-1-5-21-1649358021-4281159539-2796419911-512","PrincipalType":"Group","RightName":"WriteOwner","IsInherited":false},{"PrincipalSID":"S-1-5-21-1649358021-4281159539-2796419911-512","PrincipalType":"Group","RightName":"GenericWrite","IsInherited":false},{"PrincipalSID":"S-1-5-21-1649358021-4281159539-2796419911-519","PrincipalType":"Group","RightName":"WriteDacl","IsInherited":false},{"PrincipalSID":"S-1-5-21-1649358021-4281159539-2796419911-519","PrincipalType":"Group","RightName":"WriteOwner","IsInherited":false},{"PrincipalSID":"S-1-5-21-1649358021-4281159539-2796419911-519","PrincipalType":"Group","RightName":"GenericWrite","IsInherited":false},{"PrincipalSID":"S-1-5-21-1649358021-4281159539-2796419911-1104","PrincipalType":"User","RightName":"GenericAll","IsInherited":false}],"ObjectIdentifier":"PRIME.PRI-S-1-5-32-548","IsDeleted":false,"IsACLProtected":true},{"Properties":{"domain":"PRIME.PRI","name":"SERVER OPERATORS@PRIME.PRI","distinguishedname":"CN=SERVER-OPERATOREN,CN=BUILTIN,DC=PRIME,DC=PRI","domainsid":"S-1-5-21-1649358021-4281159539-2796419911","highvalue":true,"samaccountname":"Server-Operatoren","description":"Mitglieder dieser Gruppe können Domänenserver verwalten.","whencreated":1686665292,"admincount":true},"Members":[],"Aces":[{"PrincipalSID":"S-1-5-21-1649358021-4281159539-2796419911-512","PrincipalType":"Group","RightName":"Owns","IsInherited":false},{"PrincipalSID":"PRIME.PRI-S-1-5-32-544","PrincipalType":"Group","RightName":"WriteDacl","IsInherited":false},{"PrincipalSID":"PRIME.PRI-S-1-5-32-544","PrincipalType":"Group","RightName":"WriteOwner","IsInherited":false},{"PrincipalSID":"PRIME.PRI-S-1-5-32-544","PrincipalType":"Group","RightName":"GenericWrite","IsInherited":false},{"PrincipalSID":"S-1-5-21-1649358021-4281159539-2796419911-512","PrincipalType":"Group","RightName":"WriteDacl","IsInherited":false},{"PrincipalSID":"S-1-5-21-1649358021-4281159539-2796419911-512","PrincipalType":"Group","RightName":"WriteOwner","IsInherited":false},{"PrincipalSID":"S-1-5-21-1649358021-4281159539-2796419911-512","PrincipalType":"Group","RightName":"GenericWrite","IsInherited":false},{"PrincipalSID":"S-1-5-21-1649358021-4281159539-2796419911-519","PrincipalType":"Group","RightName":"WriteDacl","IsInherited":false},{"PrincipalSID":"S-1-5-21-1649358021-4281159539-2796419911-519","PrincipalType":"Group","RightName":"WriteOwner","IsInherited":false},{"PrincipalSID":"S-1-5-21-1649358021-4281159539-2796419911-519","PrincipalType":"Group","RightName":"GenericWrite","IsInherited":false},{"PrincipalSID":"S-1-5-21-1649358021-4281159539-2796419911-1104","PrincipalType":"User","RightName":"GenericAll","IsInherited":false}],"ObjectIdentifier":"PRIME.PRI-S-1-5-32-549","IsDeleted":false,"IsACLProtected":true},{"Properties":{"domain":"PRIME.PRI","name":"STORAGE REPLICA ADMINISTRATORS@PRIME.PRI","distinguishedname":"CN=STORAGE REPL. ADMIN,CN=BUILTIN,DC=PRIME,DC=PRI","domainsid":"S-1-5-21-1649358021-4281159539-2796419911","highvalue":false,"samaccountname":"Storage Repl. Admin","description":"Die Mitglieder dieser Gruppe haben vollständigen und uneingeschränkten Zugriff auf alle Funktionen von Speicherreplikaten.","whencreated":1686665247,"admincount":false},"Members":[],"Aces":[{"PrincipalSID":"PRIME.PRI-S-1-5-32-544","PrincipalType":"Group","RightName":"Owns","IsInherited":false},{"PrincipalSID":"PRIME.PRI-S-1-5-32-548","PrincipalType":"Group","RightName":"GenericAll","IsInherited":false},{"PrincipalSID":"S-1-5-21-1649358021-4281159539-2796419911-512","PrincipalType":"Group","RightName":"GenericAll","IsInherited":false},{"PrincipalSID":"S-1-5-21-1649358021-4281159539-2796419911-519","PrincipalType":"Group","RightName":"GenericAll","IsInherited":true},{"PrincipalSID":"PRIME.PRI-S-1-5-32-544","PrincipalType":"Group","RightName":"WriteDacl","IsInherited":true},{"PrincipalSID":"PRIME.PRI-S-1-5-32-544","PrincipalType":"Group","RightName":"WriteOwner","IsInherited":true},{"PrincipalSID":"PRIME.PRI-S-1-5-32-544","PrincipalType":"Group","RightName":"GenericWrite","IsInherited":true}],"ObjectIdentifier":"PRIME.PRI-S-1-5-32-582","IsDeleted":false,"IsACLProtected":false},{"Properties":{"domain":"PRIME.PRI","name":"PERFORMANCE MONITOR USERS@PRIME.PRI","distinguishedname":"CN=LEISTUNGSÜBERWACHUNGSBENUTZER,CN=BUILTIN,DC=PRIME,DC=PRI","domainsid":"S-1-5-21-1649358021-4281159539-2796419911","highvalue":false,"samaccountname":"Leistungsüberwachungsbenutzer","description":"Mitglieder dieser Gruppe können lokal und remote auf Leistungszählerdaten zugreifen","whencreated":1686665247,"admincount":false},"Members":[],"Aces":[{"PrincipalSID":"PRIME.PRI-S-1-5-32-544","PrincipalType":"Group","RightName":"Owns","IsInherited":false},{"PrincipalSID":"PRIME.PRI-S-1-5-32-548","PrincipalType":"Group","RightName":"GenericAll","IsInherited":false},{"PrincipalSID":"S-1-5-21-1649358021-4281159539-2796419911-512","PrincipalType":"Group","RightName":"GenericAll","IsInherited":false},{"PrincipalSID":"S-1-5-21-1649358021-4281159539-2796419911-519","PrincipalType":"Group","RightName":"GenericAll","IsInherited":true},{"PrincipalSID":"PRIME.PRI-S-1-5-32-544","PrincipalType":"Group","RightName":"WriteDacl","IsInherited":true},{"PrincipalSID":"PRIME.PRI-S-1-5-32-544","PrincipalType":"Group","RightName":"WriteOwner","IsInherited":true},{"PrincipalSID":"PRIME.PRI-S-1-5-32-544","PrincipalType":"Group","RightName":"GenericWrite","IsInherited":true}],"ObjectIdentifier":"PRIME.PRI-S-1-5-32-558","IsDeleted":false,"IsACLProtected":false},{"Properties":{"domain":"PRIME.PRI","name":"REMOTE DESKTOP USERS@PRIME.PRI","distinguishedname":"CN=REMOTEDESKTOPBENUTZER,CN=BUILTIN,DC=PRIME,DC=PRI","domainsid":"S-1-5-21-1649358021-4281159539-2796419911","highvalue":false,"samaccountname":"Remotedesktopbenutzer","description":"Mitglieder dieser Gruppe haben die Berechtigung, sich remote anzumelden.","whencreated":1686665247,"admincount":false},"Members":[],"Aces":[{"PrincipalSID":"PRIME.PRI-S-1-5-32-544","PrincipalType":"Group","RightName":"Owns","IsInherited":false},{"PrincipalSID":"PRIME.PRI-S-1-5-32-548","PrincipalType":"Group","RightName":"GenericAll","IsInherited":false},{"PrincipalSID":"S-1-5-21-1649358021-4281159539-2796419911-512","PrincipalType":"Group","RightName":"GenericAll","IsInherited":false},{"PrincipalSID":"S-1-5-21-1649358021-4281159539-2796419911-519","PrincipalType":"Group","RightName":"GenericAll","IsInherited":true},{"PrincipalSID":"PRIME.PRI-S-1-5-32-544","PrincipalType":"Group","RightName":"WriteDacl","IsInherited":true},{"PrincipalSID":"PRIME.PRI-S-1-5-32-544","PrincipalType":"Group","RightName":"WriteOwner","IsInherited":true},{"PrincipalSID":"PRIME.PRI-S-1-5-32-544","PrincipalType":"Group","RightName":"GenericWrite","IsInherited":true}],"ObjectIdentifier":"PRIME.PRI-S-1-5-32-555","IsDeleted":false,"IsACLProtected":false},{"Properties":{"domain":"PRIME.PRI","name":"HYPER-V ADMINISTRATORS@PRIME.PRI","distinguishedname":"CN=HYPER-V-ADMINISTRATOREN,CN=BUILTIN,DC=PRIME,DC=PRI","domainsid":"S-1-5-21-1649358021-4281159539-2796419911","highvalue":false,"samaccountname":"Hyper-V-Administratoren","description":"Die Mitglieder dieser Gruppe erhalten uneingeschränkten Zugriff auf sämtliche Features von Hyper-V.","whencreated":1686665247,"admincount":false},"Members":[],"Aces":[{"PrincipalSID":"PRIME.PRI-S-1-5-32-544","PrincipalType":"Group","RightName":"Owns","IsInherited":false},{"PrincipalSID":"PRIME.PRI-S-1-5-32-548","PrincipalType":"Group","RightName":"GenericAll","IsInherited":false},{"PrincipalSID":"S-1-5-21-1649358021-4281159539-2796419911-512","PrincipalType":"Group","RightName":"GenericAll","IsInherited":false},{"PrincipalSID":"S-1-5-21-1649358021-4281159539-2796419911-519","PrincipalType":"Group","RightName":"GenericAll","IsInherited":true},{"PrincipalSID":"PRIME.PRI-S-1-5-32-544","PrincipalType":"Group","RightName":"WriteDacl","IsInherited":true},{"PrincipalSID":"PRIME.PRI-S-1-5-32-544","PrincipalType":"Group","RightName":"WriteOwner","IsInherited":true},{"PrincipalSID":"PRIME.PRI-S-1-5-32-544","PrincipalType":"Group","RightName":"GenericWrite","IsInherited":true}],"ObjectIdentifier":"PRIME.PRI-S-1-5-32-578","IsDeleted":false,"IsACLProtected":false},{"Properties":{"domain":"PRIME.PRI","name":"REPLICATORS@PRIME.PRI","distinguishedname":"CN=REPLIKATIONS-OPERATOR,CN=BUILTIN,DC=PRIME,DC=PRI","domainsid":"S-1-5-21-1649358021-4281159539-2796419911","highvalue":false,"samaccountname":"Replikations-Operator","description":"Unterstützt Dateireplikation in Domänen.","whencreated":1686665247,"admincount":true},"Members":[],"Aces":[{"PrincipalSID":"S-1-5-21-1649358021-4281159539-2796419911-512","PrincipalType":"Group","RightName":"Owns","IsInherited":false},{"PrincipalSID":"PRIME.PRI-S-1-5-32-544","PrincipalType":"Group","RightName":"WriteDacl","IsInherited":false},{"PrincipalSID":"PRIME.PRI-S-1-5-32-544","PrincipalType":"Group","RightName":"WriteOwner","IsInherited":false},{"PrincipalSID":"PRIME.PRI-S-1-5-32-544","PrincipalType":"Group","RightName":"GenericWrite","IsInherited":false},{"PrincipalSID":"S-1-5-21-1649358021-4281159539-2796419911-512","PrincipalType":"Group","RightName":"WriteDacl","IsInherited":false},{"PrincipalSID":"S-1-5-21-1649358021-4281159539-2796419911-512","PrincipalType":"Group","RightName":"WriteOwner","IsInherited":false},{"PrincipalSID":"S-1-5-21-1649358021-4281159539-2796419911-512","PrincipalType":"Group","RightName":"GenericWrite","IsInherited":false},{"PrincipalSID":"S-1-5-21-1649358021-4281159539-2796419911-519","PrincipalType":"Group","RightName":"WriteDacl","IsInherited":false},{"PrincipalSID":"S-1-5-21-1649358021-4281159539-2796419911-519","PrincipalType":"Group","RightName":"WriteOwner","IsInherited":false},{"PrincipalSID":"S-1-5-21-1649358021-4281159539-2796419911-519","PrincipalType":"Group","RightName":"GenericWrite","IsInherited":false},{"PrincipalSID":"S-1-5-21-1649358021-4281159539-2796419911-1104","PrincipalType":"User","RightName":"GenericAll","IsInherited":false}],"ObjectIdentifier":"PRIME.PRI-S-1-5-32-552","IsDeleted":false,"IsACLProtected":true},{"Properties":{"domain":"PRIME.PRI","name":"DOMÄNEN-GÄSTE@PRIME.PRI","distinguishedname":"CN=DOMÄNEN-GÄSTE,CN=USERS,DC=PRIME,DC=PRI","domainsid":"S-1-5-21-1649358021-4281159539-2796419911","highvalue":false,"samaccountname":"Domänen-Gäste","description":"Alle Domänengäste","whencreated":1686665292,"admincount":false},"Members":[],"Aces":[{"PrincipalSID":"S-1-5-21-1649358021-4281159539-2796419911-512","PrincipalType":"Group","RightName":"Owns","IsInherited":false},{"PrincipalSID":"PRIME.PRI-S-1-5-32-548","PrincipalType":"Group","RightName":"GenericAll","IsInherited":false},{"PrincipalSID":"S-1-5-21-1649358021-4281159539-2796419911-512","PrincipalType":"Group","RightName":"GenericAll","IsInherited":false},{"PrincipalSID":"S-1-5-21-1649358021-4281159539-2796419911-519","PrincipalType":"Group","RightName":"GenericAll","IsInherited":true},{"PrincipalSID":"PRIME.PRI-S-1-5-32-544","PrincipalType":"Group","RightName":"WriteDacl","IsInherited":true},{"PrincipalSID":"PRIME.PRI-S-1-5-32-544","PrincipalType":"Group","RightName":"WriteOwner","IsInherited":true},{"PrincipalSID":"PRIME.PRI-S-1-5-32-544","PrincipalType":"Group","RightName":"GenericWrite","IsInherited":true}],"ObjectIdentifier":"S-1-5-21-1649358021-4281159539-2796419911-514","IsDeleted":false,"IsACLProtected":false},{"Properties":{"domain":"PRIME.PRI","name":"DOMÄNEN-BENUTZER@PRIME.PRI","distinguishedname":"CN=DOMÄNEN-BENUTZER,CN=USERS,DC=PRIME,DC=PRI","domainsid":"S-1-5-21-1649358021-4281159539-2796419911","highvalue":false,"samaccountname":"Domänen-Benutzer","description":"Alle Domänenbenutzer","whencreated":1686665292,"admincount":false},"Members":[],"Aces":[{"PrincipalSID":"S-1-5-21-1649358021-4281159539-2796419911-512","PrincipalType":"Group","RightName":"Owns","IsInherited":false},{"PrincipalSID":"PRIME.PRI-S-1-5-32-548","PrincipalType":"Group","RightName":"GenericAll","IsInherited":false},{"PrincipalSID":"S-1-5-21-1649358021-4281159539-2796419911-512","PrincipalType":"Group","RightName":"GenericAll","IsInherited":false},{"PrincipalSID":"S-1-5-21-1649358021-4281159539-2796419911-519","PrincipalType":"Group","RightName":"GenericAll","IsInherited":true},{"PrincipalSID":"PRIME.PRI-S-1-5-32-544","PrincipalType":"Group","RightName":"WriteDacl","IsInherited":true},{"PrincipalSID":"PRIME.PRI-S-1-5-32-544","PrincipalType":"Group","RightName":"WriteOwner","IsInherited":true},{"PrincipalSID":"PRIME.PRI-S-1-5-32-544","PrincipalType":"Group","RightName":"GenericWrite","IsInherited":true}],"ObjectIdentifier":"S-1-5-21-1649358021-4281159539-2796419911-513","IsDeleted":false,"IsACLProtected":false},{"Properties":{"domain":"PRIME.PRI","name":"DOMÄNENCONTROLLER@PRIME.PRI","distinguishedname":"CN=DOMÄNENCONTROLLER,CN=USERS,DC=PRIME,DC=PRI","domainsid":"S-1-5-21-1649358021-4281159539-2796419911","highvalue":true,"samaccountname":"Domänencontroller","description":"Alle Domänencontroller der Domäne","whencreated":1686665292,"admincount":true},"Members":[],"Aces":[{"PrincipalSID":"S-1-5-21-1649358021-4281159539-2796419911-512","PrincipalType":"Group","RightName":"Owns","IsInherited":false},{"PrincipalSID":"PRIME.PRI-S-1-5-32-544","PrincipalType":"Group","RightName":"WriteDacl","IsInherited":false},{"PrincipalSID":"PRIME.PRI-S-1-5-32-544","PrincipalType":"Group","RightName":"WriteOwner","IsInherited":false},{"PrincipalSID":"PRIME.PRI-S-1-5-32-544","PrincipalType":"Group","RightName":"GenericWrite","IsInherited":false},{"PrincipalSID":"S-1-5-21-1649358021-4281159539-2796419911-512","PrincipalType":"Group","RightName":"WriteDacl","IsInherited":false},{"PrincipalSID":"S-1-5-21-1649358021-4281159539-2796419911-512","PrincipalType":"Group","RightName":"WriteOwner","IsInherited":false},{"PrincipalSID":"S-1-5-21-1649358021-4281159539-2796419911-512","PrincipalType":"Group","RightName":"GenericWrite","IsInherited":false},{"PrincipalSID":"S-1-5-21-1649358021-4281159539-2796419911-519","PrincipalType":"Group","RightName":"WriteDacl","IsInherited":false},{"PrincipalSID":"S-1-5-21-1649358021-4281159539-2796419911-519","PrincipalType":"Group","RightName":"WriteOwner","IsInherited":false},{"PrincipalSID":"S-1-5-21-1649358021-4281159539-2796419911-519","PrincipalType":"Group","RightName":"GenericWrite","IsInherited":false},{"PrincipalSID":"S-1-5-21-1649358021-4281159539-2796419911-1104","PrincipalType":"User","RightName":"GenericAll","IsInherited":false}],"ObjectIdentifier":"S-1-5-21-1649358021-4281159539-2796419911-516","IsDeleted":false,"IsACLProtected":true},{"Properties":{"domain":"PRIME.PRI","name":"DOMÄNENCOMPUTER@PRIME.PRI","distinguishedname":"CN=DOMÄNENCOMPUTER,CN=USERS,DC=PRIME,DC=PRI","domainsid":"S-1-5-21-1649358021-4281159539-2796419911","highvalue":false,"samaccountname":"Domänencomputer","description":"Alle Arbeitsstationen und Computer der Domäne","whencreated":1686665292,"admincount":false},"Members":[],"Aces":[{"PrincipalSID":"S-1-5-21-1649358021-4281159539-2796419911-512","PrincipalType":"Group","RightName":"Owns","IsInherited":false},{"PrincipalSID":"PRIME.PRI-S-1-5-32-548","PrincipalType":"Group","RightName":"GenericAll","IsInherited":false},{"PrincipalSID":"S-1-5-21-1649358021-4281159539-2796419911-512","PrincipalType":"Group","RightName":"GenericAll","IsInherited":false},{"PrincipalSID":"S-1-5-21-1649358021-4281159539-2796419911-519","PrincipalType":"Group","RightName":"GenericAll","IsInherited":true},{"PrincipalSID":"PRIME.PRI-S-1-5-32-544","PrincipalType":"Group","RightName":"WriteDacl","IsInherited":true},{"PrincipalSID":"PRIME.PRI-S-1-5-32-544","PrincipalType":"Group","RightName":"WriteOwner","IsInherited":true},{"PrincipalSID":"PRIME.PRI-S-1-5-32-544","PrincipalType":"Group","RightName":"GenericWrite","IsInherited":true}],"ObjectIdentifier":"S-1-5-21-1649358021-4281159539-2796419911-515","IsDeleted":false,"IsACLProtected":false},{"Properties":{"domain":"PRIME.PRI","name":"DNSADMINS@PRIME.PRI","distinguishedname":"CN=DNSADMINS,CN=USERS,DC=PRIME,DC=PRI","domainsid":"S-1-5-21-1649358021-4281159539-2796419911","highvalue":false,"samaccountname":"DnsAdmins","description":"Gruppe \"DNS-Administratoren\"","whencreated":1686665332,"admincount":false},"Members":[],"Aces":[{"PrincipalSID":"PRIME.PRI-S-1-5-32-548","PrincipalType":"Group","RightName":"GenericAll","IsInherited":false},{"PrincipalSID":"S-1-5-21-1649358021-4281159539-2796419911-512","PrincipalType":"Group","RightName":"GenericAll","IsInherited":false},{"PrincipalSID":"S-1-5-21-1649358021-4281159539-2796419911-519","PrincipalType":"Group","RightName":"GenericAll","IsInherited":true},{"PrincipalSID":"PRIME.PRI-S-1-5-32-544","PrincipalType":"Group","RightName":"WriteDacl","IsInherited":true},{"PrincipalSID":"PRIME.PRI-S-1-5-32-544","PrincipalType":"Group","RightName":"WriteOwner","IsInherited":true},{"PrincipalSID":"PRIME.PRI-S-1-5-32-544","PrincipalType":"Group","RightName":"GenericWrite","IsInherited":true}],"ObjectIdentifier":"S-1-5-21-1649358021-4281159539-2796419911-1101","IsDeleted":false,"IsACLProtected":false},{"Properties":{"domain":"PRIME.PRI","name":"ZULÄSSIGE RODC-KENNWORTREPLIKATIONSGRUPPE@PRIME.PRI","distinguishedname":"CN=ZULÄSSIGE RODC-KENNWORTREPLIKATIONSGRUPPE,CN=USERS,DC=PRIME,DC=PRI","domainsid":"S-1-5-21-1649358021-4281159539-2796419911","highvalue":false,"samaccountname":"Zulässige RODC-Kennwortreplikationsgruppe","description":"Mitglieder dieser Gruppe können Kennwörter auf alle schreibgeschützte Domänencontroller replizieren","whencreated":1686665292,"admincount":false},"Members":[],"Aces":[{"PrincipalSID":"S-1-5-21-1649358021-4281159539-2796419911-512","PrincipalType":"Group","RightName":"Owns","IsInherited":false},{"PrincipalSID":"PRIME.PRI-S-1-5-32-548","PrincipalType":"Group","RightName":"GenericAll","IsInherited":false},{"PrincipalSID":"S-1-5-21-1649358021-4281159539-2796419911-512","PrincipalType":"Group","RightName":"GenericAll","IsInherited":false},{"PrincipalSID":"S-1-5-21-1649358021-4281159539-2796419911-519","PrincipalType":"Group","RightName":"GenericAll","IsInherited":true},{"PrincipalSID":"PRIME.PRI-S-1-5-32-544","PrincipalType":"Group","RightName":"WriteDacl","IsInherited":true},{"PrincipalSID":"PRIME.PRI-S-1-5-32-544","PrincipalType":"Group","RightName":"WriteOwner","IsInherited":true},{"PrincipalSID":"PRIME.PRI-S-1-5-32-544","PrincipalType":"Group","RightName":"GenericWrite","IsInherited":true}],"ObjectIdentifier":"S-1-5-21-1649358021-4281159539-2796419911-571","IsDeleted":false,"IsACLProtected":false},{"Properties":{"domain":"PRIME.PRI","name":"DNSUPDATEPROXY@PRIME.PRI","distinguishedname":"CN=DNSUPDATEPROXY,CN=USERS,DC=PRIME,DC=PRI","domainsid":"S-1-5-21-1649358021-4281159539-2796419911","highvalue":false,"samaccountname":"DnsUpdateProxy","description":"DNS-Clients, die dynamische Updates für andere Clients durchführen dürfen (wie etwa DHCP-Server).","whencreated":1686665332,"admincount":false},"Members":[],"Aces":[{"PrincipalSID":"PRIME.PRI-S-1-5-32-548","PrincipalType":"Group","RightName":"GenericAll","IsInherited":false},{"PrincipalSID":"S-1-5-21-1649358021-4281159539-2796419911-512","PrincipalType":"Group","RightName":"GenericAll","IsInherited":false},{"PrincipalSID":"S-1-5-21-1649358021-4281159539-2796419911-519","PrincipalType":"Group","RightName":"GenericAll","IsInherited":true},{"PrincipalSID":"PRIME.PRI-S-1-5-32-544","PrincipalType":"Group","RightName":"WriteDacl","IsInherited":true},{"PrincipalSID":"PRIME.PRI-S-1-5-32-544","PrincipalType":"Group","RightName":"WriteOwner","IsInherited":true},{"PrincipalSID":"PRIME.PRI-S-1-5-32-544","PrincipalType":"Group","RightName":"GenericWrite","IsInherited":true}],"ObjectIdentifier":"S-1-5-21-1649358021-4281159539-2796419911-1102","IsDeleted":false,"IsACLProtected":false},{"Properties":{"domain":"PRIME.PRI","name":"CERTIFICATE SERVICE DCOM ACCESS@PRIME.PRI","distinguishedname":"CN=ZERTIFIKATDIENST-DCOM-ZUGRIFF,CN=BUILTIN,DC=PRIME,DC=PRI","domainsid":"S-1-5-21-1649358021-4281159539-2796419911","highvalue":false,"samaccountname":"Zertifikatdienst-DCOM-Zugriff","description":"Mitglieder dieser Gruppe sind berechtigt, eine Verbindung mit den Zertifizierungsstellen im Unternehmen herzustellen","whencreated":1686665247,"admincount":false},"Members":[],"Aces":[{"PrincipalSID":"PRIME.PRI-S-1-5-32-544","PrincipalType":"Group","RightName":"Owns","IsInherited":false},{"PrincipalSID":"PRIME.PRI-S-1-5-32-548","PrincipalType":"Group","RightName":"GenericAll","IsInherited":false},{"PrincipalSID":"S-1-5-21-1649358021-4281159539-2796419911-512","PrincipalType":"Group","RightName":"GenericAll","IsInherited":false},{"PrincipalSID":"S-1-5-21-1649358021-4281159539-2796419911-519","PrincipalType":"Group","RightName":"GenericAll","IsInherited":true},{"PrincipalSID":"PRIME.PRI-S-1-5-32-544","PrincipalType":"Group","RightName":"WriteDacl","IsInherited":true},{"PrincipalSID":"PRIME.PRI-S-1-5-32-544","PrincipalType":"Group","RightName":"WriteOwner","IsInherited":true},{"PrincipalSID":"PRIME.PRI-S-1-5-32-544","PrincipalType":"Group","RightName":"GenericWrite","IsInherited":true}],"ObjectIdentifier":"PRIME.PRI-S-1-5-32-574","IsDeleted":false,"IsACLProtected":false},{"Properties":{"domain":"PRIME.PRI","name":"RDS MANAGEMENT SERVERS@PRIME.PRI","distinguishedname":"CN=RDS-VERWALTUNGSSERVER,CN=BUILTIN,DC=PRIME,DC=PRI","domainsid":"S-1-5-21-1649358021-4281159539-2796419911","highvalue":false,"samaccountname":"RDS-Verwaltungsserver","description":"Auf den Servern dieser Gruppe werden administrative Routineaktionen für Server ausgeführt, auf denen die Remotedesktopdienste (RDS) installiert sind. Die Gruppe muss auf allen Servern aufgefüllt werden, die Teil der RDS-Bereitstellung sind. Server, auf denen der zentrale RDS-Verwaltungsdienst ausgeführt wird, müssen dieser Gruppe angehören.","whencreated":1686665247,"admincount":false},"Members":[],"Aces":[{"PrincipalSID":"PRIME.PRI-S-1-5-32-544","PrincipalType":"Group","RightName":"Owns","IsInherited":false},{"PrincipalSID":"PRIME.PRI-S-1-5-32-548","PrincipalType":"Group","RightName":"GenericAll","IsInherited":false},{"PrincipalSID":"S-1-5-21-1649358021-4281159539-2796419911-512","PrincipalType":"Group","RightName":"GenericAll","IsInherited":false},{"PrincipalSID":"S-1-5-21-1649358021-4281159539-2796419911-519","PrincipalType":"Group","RightName":"GenericAll","IsInherited":true},{"PrincipalSID":"PRIME.PRI-S-1-5-32-544","PrincipalType":"Group","RightName":"WriteDacl","IsInherited":true},{"PrincipalSID":"PRIME.PRI-S-1-5-32-544","PrincipalType":"Group","RightName":"WriteOwner","IsInherited":true},{"PrincipalSID":"PRIME.PRI-S-1-5-32-544","PrincipalType":"Group","RightName":"GenericWrite","IsInherited":true}],"ObjectIdentifier":"PRIME.PRI-S-1-5-32-577","IsDeleted":false,"IsACLProtected":false},{"Properties":{"domain":"PRIME.PRI","name":"NETWORK CONFIGURATION OPERATORS@PRIME.PRI","distinguishedname":"CN=NETZWERKKONFIGURATIONS-OPERATOREN,CN=BUILTIN,DC=PRIME,DC=PRI","domainsid":"S-1-5-21-1649358021-4281159539-2796419911","highvalue":false,"samaccountname":"Netzwerkkonfigurations-Operatoren","description":"Mitglieder dieser Gruppe verfügen über einige Administratorrechte zum Verwalten der Konfiguration von Netzwerkfeatures.","whencreated":1686665247,"admincount":false},"Members":[],"Aces":[{"PrincipalSID":"PRIME.PRI-S-1-5-32-544","PrincipalType":"Group","RightName":"Owns","IsInherited":false},{"PrincipalSID":"PRIME.PRI-S-1-5-32-548","PrincipalType":"Group","RightName":"GenericAll","IsInherited":false},{"PrincipalSID":"S-1-5-21-1649358021-4281159539-2796419911-512","PrincipalType":"Group","RightName":"GenericAll","IsInherited":false},{"PrincipalSID":"S-1-5-21-1649358021-4281159539-2796419911-519","PrincipalType":"Group","RightName":"GenericAll","IsInherited":true},{"PrincipalSID":"PRIME.PRI-S-1-5-32-544","PrincipalType":"Group","RightName":"WriteDacl","IsInherited":true},{"PrincipalSID":"PRIME.PRI-S-1-5-32-544","PrincipalType":"Group","RightName":"WriteOwner","IsInherited":true},{"PrincipalSID":"PRIME.PRI-S-1-5-32-544","PrincipalType":"Group","RightName":"GenericWrite","IsInherited":true}],"ObjectIdentifier":"PRIME.PRI-S-1-5-32-556","IsDeleted":false,"IsACLProtected":false},{"Properties":{"domain":"PRIME.PRI","name":"RDS REMOTE ACCESS SERVERS@PRIME.PRI","distinguishedname":"CN=RDS-REMOTEZUGRIFFSSERVER,CN=BUILTIN,DC=PRIME,DC=PRI","domainsid":"S-1-5-21-1649358021-4281159539-2796419911","highvalue":false,"samaccountname":"RDS-Remotezugriffsserver","description":"Die Server dieser Gruppe bieten Benutzern von RemoteApp-Programmen und persönlichen virtuellen Desktops Zugriff auf diese Ressourcen. Bei Bereitstellungen mit Internetzugriff werden sie in der Regel einem Umkreisnetzwerk zugeordnet. Die Gruppe muss auf denjenigen Servern aufgefüllt werden, die den RD-Verbindungsbroker ausführen. Bei der Bereitstellung verwendete RD-Gatewayserver und Server mit RD-Web Access müssen dieser Gruppe angehören.","whencreated":1686665247,"admincount":false},"Members":[],"Aces":[{"PrincipalSID":"PRIME.PRI-S-1-5-32-544","PrincipalType":"Group","RightName":"Owns","IsInherited":false},{"PrincipalSID":"PRIME.PRI-S-1-5-32-548","PrincipalType":"Group","RightName":"GenericAll","IsInherited":false},{"PrincipalSID":"S-1-5-21-1649358021-4281159539-2796419911-512","PrincipalType":"Group","RightName":"GenericAll","IsInherited":false},{"PrincipalSID":"S-1-5-21-1649358021-4281159539-2796419911-519","PrincipalType":"Group","RightName":"GenericAll","IsInherited":true},{"PrincipalSID":"PRIME.PRI-S-1-5-32-544","PrincipalType":"Group","RightName":"WriteDacl","IsInherited":true},{"PrincipalSID":"PRIME.PRI-S-1-5-32-544","PrincipalType":"Group","RightName":"WriteOwner","IsInherited":true},{"PrincipalSID":"PRIME.PRI-S-1-5-32-544","PrincipalType":"Group","RightName":"GenericWrite","IsInherited":true}],"ObjectIdentifier":"PRIME.PRI-S-1-5-32-575","IsDeleted":false,"IsACLProtected":false},{"Properties":{"domain":"PRIME.PRI","name":"CRYPTOGRAPHIC OPERATORS@PRIME.PRI","distinguishedname":"CN=KRYPTOGRAFIE-OPERATOREN,CN=BUILTIN,DC=PRIME,DC=PRI","domainsid":"S-1-5-21-1649358021-4281159539-2796419911","highvalue":false,"samaccountname":"Kryptografie-Operatoren","description":"Die Mitglieder sind berechtigt, kryptographische Vorgänge durchzuführen.","whencreated":1686665247,"admincount":false},"Members":[],"Aces":[{"PrincipalSID":"PRIME.PRI-S-1-5-32-544","PrincipalType":"Group","RightName":"Owns","IsInherited":false},{"PrincipalSID":"PRIME.PRI-S-1-5-32-548","PrincipalType":"Group","RightName":"GenericAll","IsInherited":false},{"PrincipalSID":"S-1-5-21-1649358021-4281159539-2796419911-512","PrincipalType":"Group","RightName":"GenericAll","IsInherited":false},{"PrincipalSID":"S-1-5-21-1649358021-4281159539-2796419911-519","PrincipalType":"Group","RightName":"GenericAll","IsInherited":true},{"PrincipalSID":"PRIME.PRI-S-1-5-32-544","PrincipalType":"Group","RightName":"WriteDacl","IsInherited":true},{"PrincipalSID":"PRIME.PRI-S-1-5-32-544","PrincipalType":"Group","RightName":"WriteOwner","IsInherited":true},{"PrincipalSID":"PRIME.PRI-S-1-5-32-544","PrincipalType":"Group","RightName":"GenericWrite","IsInherited":true}],"ObjectIdentifier":"PRIME.PRI-S-1-5-32-569","IsDeleted":false,"IsACLProtected":false},{"Properties":{"domain":"PRIME.PRI","name":"ZERTIFIKATHERAUSGEBER@PRIME.PRI","distinguishedname":"CN=ZERTIFIKATHERAUSGEBER,CN=USERS,DC=PRIME,DC=PRI","domainsid":"S-1-5-21-1649358021-4281159539-2796419911","highvalue":false,"samaccountname":"Zertifikatherausgeber","description":"Mitglieder dieser Gruppe dürfen Zertifikate im Verzeichnis veröffentlichen.","whencreated":1686665292,"admincount":false},"Members":[],"Aces":[{"PrincipalSID":"S-1-5-21-1649358021-4281159539-2796419911-512","PrincipalType":"Group","RightName":"Owns","IsInherited":false},{"PrincipalSID":"PRIME.PRI-S-1-5-32-548","PrincipalType":"Group","RightName":"GenericAll","IsInherited":false},{"PrincipalSID":"S-1-5-21-1649358021-4281159539-2796419911-512","PrincipalType":"Group","RightName":"GenericAll","IsInherited":false},{"PrincipalSID":"S-1-5-21-1649358021-4281159539-2796419911-519","PrincipalType":"Group","RightName":"GenericAll","IsInherited":true},{"PrincipalSID":"PRIME.PRI-S-1-5-32-544","PrincipalType":"Group","RightName":"WriteDacl","IsInherited":true},{"PrincipalSID":"PRIME.PRI-S-1-5-32-544","PrincipalType":"Group","RightName":"WriteOwner","IsInherited":true},{"PrincipalSID":"PRIME.PRI-S-1-5-32-544","PrincipalType":"Group","RightName":"GenericWrite","IsInherited":true}],"ObjectIdentifier":"S-1-5-21-1649358021-4281159539-2796419911-517","IsDeleted":false,"IsACLProtected":false},{"Properties":{"domain":"PRIME.PRI","name":"RDS ENDPOINT SERVERS@PRIME.PRI","distinguishedname":"CN=RDS-ENDPUNKTSERVER,CN=BUILTIN,DC=PRIME,DC=PRI","domainsid":"S-1-5-21-1649358021-4281159539-2796419911","highvalue":false,"samaccountname":"RDS-Endpunktserver","description":"Auf den Servern dieser Gruppe werden virtuelle Computer ausgeführt und Sitzungen für RemoteApp-Programme und persönliche virtuelle Desktops der Benutzer gehostet. Die Gruppe muss auf denjenigen Servern aufgefüllt werden, die den RD-Verbindungsbroker ausführen. Bei der Bereitstellung verwendete RD-Sitzungshostserver und RD-Virtualisierungshostserver müssen dieser Gruppe angehören.","whencreated":1686665247,"admincount":false},"Members":[],"Aces":[{"PrincipalSID":"PRIME.PRI-S-1-5-32-544","PrincipalType":"Group","RightName":"Owns","IsInherited":false},{"PrincipalSID":"PRIME.PRI-S-1-5-32-548","PrincipalType":"Group","RightName":"GenericAll","IsInherited":false},{"PrincipalSID":"S-1-5-21-1649358021-4281159539-2796419911-512","PrincipalType":"Group","RightName":"GenericAll","IsInherited":false},{"PrincipalSID":"S-1-5-21-1649358021-4281159539-2796419911-519","PrincipalType":"Group","RightName":"GenericAll","IsInherited":true},{"PrincipalSID":"PRIME.PRI-S-1-5-32-544","PrincipalType":"Group","RightName":"WriteDacl","IsInherited":true},{"PrincipalSID":"PRIME.PRI-S-1-5-32-544","PrincipalType":"Group","RightName":"WriteOwner","IsInherited":true},{"PrincipalSID":"PRIME.PRI-S-1-5-32-544","PrincipalType":"Group","RightName":"GenericWrite","IsInherited":true}],"ObjectIdentifier":"PRIME.PRI-S-1-5-32-576","IsDeleted":false,"IsACLProtected":false},{"Properties":{"domain":"PRIME.PRI","name":"KLONBARE DOMÄNENCONTROLLER@PRIME.PRI","distinguishedname":"CN=KLONBARE DOMÄNENCONTROLLER,CN=USERS,DC=PRIME,DC=PRI","domainsid":"S-1-5-21-1649358021-4281159539-2796419911","highvalue":false,"samaccountname":"Klonbare Domänencontroller","description":"Mitglieder dieser Gruppe, die Domänencontroller sind, können geklont werden.","whencreated":1686665292,"admincount":false},"Members":[],"Aces":[{"PrincipalSID":"S-1-5-21-1649358021-4281159539-2796419911-512","PrincipalType":"Group","RightName":"Owns","IsInherited":false},{"PrincipalSID":"PRIME.PRI-S-1-5-32-548","PrincipalType":"Group","RightName":"GenericAll","IsInherited":false},{"PrincipalSID":"S-1-5-21-1649358021-4281159539-2796419911-512","PrincipalType":"Group","RightName":"GenericAll","IsInherited":false},{"PrincipalSID":"S-1-5-21-1649358021-4281159539-2796419911-519","PrincipalType":"Group","RightName":"GenericAll","IsInherited":true},{"PrincipalSID":"PRIME.PRI-S-1-5-32-544","PrincipalType":"Group","RightName":"WriteDacl","IsInherited":true},{"PrincipalSID":"PRIME.PRI-S-1-5-32-544","PrincipalType":"Group","RightName":"WriteOwner","IsInherited":true},{"PrincipalSID":"PRIME.PRI-S-1-5-32-544","PrincipalType":"Group","RightName":"GenericWrite","IsInherited":true}],"ObjectIdentifier":"S-1-5-21-1649358021-4281159539-2796419911-522","IsDeleted":false,"IsACLProtected":false},{"Properties":{"domain":"PRIME.PRI","name":"PROTECTED USERS@PRIME.PRI","distinguishedname":"CN=PROTECTED USERS,CN=USERS,DC=PRIME,DC=PRI","domainsid":"S-1-5-21-1649358021-4281159539-2796419911","highvalue":false,"samaccountname":"Protected Users","description":"Mitglieder dieser Gruppe erhalten zusätzlichen Schutz vor Sicherheitsbedrohungen. Weitere Informationen finden Sie unter \"http://go.microsoft.com/fwlink/?LinkId=298939\".","whencreated":1686665292,"admincount":false},"Members":[],"Aces":[{"PrincipalSID":"S-1-5-21-1649358021-4281159539-2796419911-512","PrincipalType":"Group","RightName":"Owns","IsInherited":false},{"PrincipalSID":"PRIME.PRI-S-1-5-32-548","PrincipalType":"Group","RightName":"GenericAll","IsInherited":false},{"PrincipalSID":"S-1-5-21-1649358021-4281159539-2796419911-512","PrincipalType":"Group","RightName":"GenericAll","IsInherited":false},{"PrincipalSID":"S-1-5-21-1649358021-4281159539-2796419911-519","PrincipalType":"Group","RightName":"GenericAll","IsInherited":true},{"PrincipalSID":"PRIME.PRI-S-1-5-32-544","PrincipalType":"Group","RightName":"WriteDacl","IsInherited":true},{"PrincipalSID":"PRIME.PRI-S-1-5-32-544","PrincipalType":"Group","RightName":"WriteOwner","IsInherited":true},{"PrincipalSID":"PRIME.PRI-S-1-5-32-544","PrincipalType":"Group","RightName":"GenericWrite","IsInherited":true}],"ObjectIdentifier":"S-1-5-21-1649358021-4281159539-2796419911-525","IsDeleted":false,"IsACLProtected":false},{"Properties":{"domain":"PRIME.PRI","name":"SCHLÜSSELADMINISTRATOREN@PRIME.PRI","distinguishedname":"CN=SCHLÜSSELADMINISTRATOREN,CN=USERS,DC=PRIME,DC=PRI","domainsid":"S-1-5-21-1649358021-4281159539-2796419911","highvalue":false,"samaccountname":"Schlüsseladministratoren","description":"Mitglieder dieser Gruppe können administrative Aktionen für Schlüsselobjekte innerhalb der Domäne ausführen.","whencreated":1686665292,"admincount":true},"Members":[],"Aces":[{"PrincipalSID":"S-1-5-21-1649358021-4281159539-2796419911-512","PrincipalType":"Group","RightName":"Owns","IsInherited":false},{"PrincipalSID":"PRIME.PRI-S-1-5-32-544","PrincipalType":"Group","RightName":"WriteDacl","IsInherited":false},{"PrincipalSID":"PRIME.PRI-S-1-5-32-544","PrincipalType":"Group","RightName":"WriteOwner","IsInherited":false},{"PrincipalSID":"PRIME.PRI-S-1-5-32-544","PrincipalType":"Group","RightName":"GenericWrite","IsInherited":false},{"PrincipalSID":"S-1-5-21-1649358021-4281159539-2796419911-512","PrincipalType":"Group","RightName":"WriteDacl","IsInherited":false},{"PrincipalSID":"S-1-5-21-1649358021-4281159539-2796419911-512","PrincipalType":"Group","RightName":"WriteOwner","IsInherited":false},{"PrincipalSID":"S-1-5-21-1649358021-4281159539-2796419911-512","PrincipalType":"Group","RightName":"GenericWrite","IsInherited":false},{"PrincipalSID":"S-1-5-21-1649358021-4281159539-2796419911-519","PrincipalType":"Group","RightName":"WriteDacl","IsInherited":false},{"PrincipalSID":"S-1-5-21-1649358021-4281159539-2796419911-519","PrincipalType":"Group","RightName":"WriteOwner","IsInherited":false},{"PrincipalSID":"S-1-5-21-1649358021-4281159539-2796419911-519","PrincipalType":"Group","RightName":"GenericWrite","IsInherited":false},{"PrincipalSID":"S-1-5-21-1649358021-4281159539-2796419911-1104","PrincipalType":"User","RightName":"GenericAll","IsInherited":false}],"ObjectIdentifier":"S-1-5-21-1649358021-4281159539-2796419911-526","IsDeleted":false,"IsACLProtected":true},{"Properties":{"domain":"PRIME.PRI","name":"UNTERNEHMENSSSCHLÜSSELADMINISTRATOREN@PRIME.PRI","distinguishedname":"CN=UNTERNEHMENSSSCHLÜSSELADMINISTRATOREN,CN=USERS,DC=PRIME,DC=PRI","domainsid":"S-1-5-21-1649358021-4281159539-2796419911","highvalue":false,"samaccountname":"Unternehmenssschlüsseladministratoren","description":"Mitglieder dieser Gruppe können administrative Aktionen für Schlüsselobjekte innerhalb der Gesamtstruktur ausführen.","whencreated":1686665292,"admincount":true},"Members":[],"Aces":[{"PrincipalSID":"S-1-5-21-1649358021-4281159539-2796419911-512","PrincipalType":"Group","RightName":"Owns","IsInherited":false},{"PrincipalSID":"PRIME.PRI-S-1-5-32-544","PrincipalType":"Group","RightName":"WriteDacl","IsInherited":false},{"PrincipalSID":"PRIME.PRI-S-1-5-32-544","PrincipalType":"Group","RightName":"WriteOwner","IsInherited":false},{"PrincipalSID":"PRIME.PRI-S-1-5-32-544","PrincipalType":"Group","RightName":"GenericWrite","IsInherited":false},{"PrincipalSID":"S-1-5-21-1649358021-4281159539-2796419911-512","PrincipalType":"Group","RightName":"WriteDacl","IsInherited":false},{"PrincipalSID":"S-1-5-21-1649358021-4281159539-2796419911-512","PrincipalType":"Group","RightName":"WriteOwner","IsInherited":false},{"PrincipalSID":"S-1-5-21-1649358021-4281159539-2796419911-512","PrincipalType":"Group","RightName":"GenericWrite","IsInherited":false},{"PrincipalSID":"S-1-5-21-1649358021-4281159539-2796419911-519","PrincipalType":"Group","RightName":"WriteDacl","IsInherited":false},{"PrincipalSID":"S-1-5-21-1649358021-4281159539-2796419911-519","PrincipalType":"Group","RightName":"WriteOwner","IsInherited":false},{"PrincipalSID":"S-1-5-21-1649358021-4281159539-2796419911-519","PrincipalType":"Group","RightName":"GenericWrite","IsInherited":false},{"PrincipalSID":"S-1-5-21-1649358021-4281159539-2796419911-1104","PrincipalType":"User","RightName":"GenericAll","IsInherited":false}],"ObjectIdentifier":"S-1-5-21-1649358021-4281159539-2796419911-527","IsDeleted":false,"IsACLProtected":true},{"Properties":{"domain":"PRIME.PRI","name":"WINDOWS AUTHORIZATION ACCESS GROUP@PRIME.PRI","distinguishedname":"CN=WINDOWS-AUTORISIERUNGSZUGRIFFSGRUPPE,CN=BUILTIN,DC=PRIME,DC=PRI","domainsid":"S-1-5-21-1649358021-4281159539-2796419911","highvalue":false,"samaccountname":"Windows-Autorisierungszugriffsgruppe","description":"Mitglieder dieser Gruppe haben Zugriff auf das berechnete Attribut \"tokenGroupsGlobalAndUniversal\" für Benutzerobjekte.","whencreated":1686665292,"admincount":false},"Members":[{"ObjectIdentifier":"PRIME.PRI-S-1-5-9","ObjectType":"Group"}],"Aces":[{"PrincipalSID":"S-1-5-21-1649358021-4281159539-2796419911-512","PrincipalType":"Group","RightName":"Owns","IsInherited":false},{"PrincipalSID":"PRIME.PRI-S-1-5-32-548","PrincipalType":"Group","RightName":"GenericAll","IsInherited":false},{"PrincipalSID":"S-1-5-21-1649358021-4281159539-2796419911-512","PrincipalType":"Group","RightName":"GenericAll","IsInherited":false},{"PrincipalSID":"S-1-5-21-1649358021-4281159539-2796419911-519","PrincipalType":"Group","RightName":"GenericAll","IsInherited":true},{"PrincipalSID":"PRIME.PRI-S-1-5-32-544","PrincipalType":"Group","RightName":"WriteDacl","IsInherited":true},{"PrincipalSID":"PRIME.PRI-S-1-5-32-544","PrincipalType":"Group","RightName":"WriteOwner","IsInherited":true},{"PrincipalSID":"PRIME.PRI-S-1-5-32-544","PrincipalType":"Group","RightName":"GenericWrite","IsInherited":true}],"ObjectIdentifier":"PRIME.PRI-S-1-5-32-560","IsDeleted":false,"IsACLProtected":false},{"Properties":{"domain":"PRIME.PRI","name":"TERMINAL SERVER LICENSE SERVERS@PRIME.PRI","distinguishedname":"CN=TERMINALSERVER-LIZENZSERVER,CN=BUILTIN,DC=PRIME,DC=PRI","domainsid":"S-1-5-21-1649358021-4281159539-2796419911","highvalue":false,"samaccountname":"Terminalserver-Lizenzserver","description":"Mitglieder dieser Gruppe können Benutzerkonten in Active Directory für Nachverfolgungs- und Berichtszwecke mit Informationen zur Lizenzausstellung aktualisieren.","whencreated":1686665292,"admincount":false},"Members":[],"Aces":[{"PrincipalSID":"S-1-5-21-1649358021-4281159539-2796419911-512","PrincipalType":"Group","RightName":"Owns","IsInherited":false},{"PrincipalSID":"PRIME.PRI-S-1-5-32-548","PrincipalType":"Group","RightName":"GenericAll","IsInherited":false},{"PrincipalSID":"S-1-5-21-1649358021-4281159539-2796419911-512","PrincipalType":"Group","RightName":"GenericAll","IsInherited":false},{"PrincipalSID":"S-1-5-21-1649358021-4281159539-2796419911-519","PrincipalType":"Group","RightName":"GenericAll","IsInherited":true},{"PrincipalSID":"PRIME.PRI-S-1-5-32-544","PrincipalType":"Group","RightName":"WriteDacl","IsInherited":true},{"PrincipalSID":"PRIME.PRI-S-1-5-32-544","PrincipalType":"Group","RightName":"WriteOwner","IsInherited":true},{"PrincipalSID":"PRIME.PRI-S-1-5-32-544","PrincipalType":"Group","RightName":"GenericWrite","IsInherited":true}],"ObjectIdentifier":"PRIME.PRI-S-1-5-32-561","IsDeleted":false,"IsACLProtected":false},{"Properties":{"domain":"PRIME.PRI","name":"SCHREIBGESCHÜTZTE DOMÄNENCONTROLLER@PRIME.PRI","distinguishedname":"CN=SCHREIBGESCHÜTZTE DOMÄNENCONTROLLER,CN=USERS,DC=PRIME,DC=PRI","domainsid":"S-1-5-21-1649358021-4281159539-2796419911","highvalue":false,"samaccountname":"Schreibgeschützte Domänencontroller","description":"Mitglieder dieser Gruppe sind schreibgeschützte Domänencontroller in der Domäne","whencreated":1686665292,"admincount":true},"Members":[],"Aces":[{"PrincipalSID":"S-1-5-21-1649358021-4281159539-2796419911-512","PrincipalType":"Group","RightName":"Owns","IsInherited":false},{"PrincipalSID":"PRIME.PRI-S-1-5-32-544","PrincipalType":"Group","RightName":"WriteDacl","IsInherited":false},{"PrincipalSID":"PRIME.PRI-S-1-5-32-544","PrincipalType":"Group","RightName":"WriteOwner","IsInherited":false},{"PrincipalSID":"PRIME.PRI-S-1-5-32-544","PrincipalType":"Group","RightName":"GenericWrite","IsInherited":false},{"PrincipalSID":"S-1-5-21-1649358021-4281159539-2796419911-512","PrincipalType":"Group","RightName":"WriteDacl","IsInherited":false},{"PrincipalSID":"S-1-5-21-1649358021-4281159539-2796419911-512","PrincipalType":"Group","RightName":"WriteOwner","IsInherited":false},{"PrincipalSID":"S-1-5-21-1649358021-4281159539-2796419911-512","PrincipalType":"Group","RightName":"GenericWrite","IsInherited":false},{"PrincipalSID":"S-1-5-21-1649358021-4281159539-2796419911-519","PrincipalType":"Group","RightName":"WriteDacl","IsInherited":false},{"PrincipalSID":"S-1-5-21-1649358021-4281159539-2796419911-519","PrincipalType":"Group","RightName":"WriteOwner","IsInherited":false},{"PrincipalSID":"S-1-5-21-1649358021-4281159539-2796419911-519","PrincipalType":"Group","RightName":"GenericWrite","IsInherited":false},{"PrincipalSID":"S-1-5-21-1649358021-4281159539-2796419911-1104","PrincipalType":"User","RightName":"GenericAll","IsInherited":false}],"ObjectIdentifier":"S-1-5-21-1649358021-4281159539-2796419911-521","IsDeleted":false,"IsACLProtected":true},{"Properties":{"domain":"PRIME.PRI","name":"USERS@PRIME.PRI","distinguishedname":"CN=BENUTZER,CN=BUILTIN,DC=PRIME,DC=PRI","domainsid":"S-1-5-21-1649358021-4281159539-2796419911","highvalue":false,"samaccountname":"Benutzer","description":"Benutzer können keine zufälligen oder beabsichtigten Änderungen am System durchführen und dürfen die meisten herkömmlichen Anwendungen ausführen.","whencreated":1686665247,"admincount":false},"Members":[{"ObjectIdentifier":"S-1-5-21-1649358021-4281159539-2796419911-513","ObjectType":"Group"},{"ObjectIdentifier":"PRIME.PRI-S-1-5-11","ObjectType":"Group"},{"ObjectIdentifier":"PRIME.PRI-S-1-5-4","ObjectType":"Group"}],"Aces":[{"PrincipalSID":"PRIME.PRI-S-1-5-32-544","PrincipalType":"Group","RightName":"Owns","IsInherited":false},{"PrincipalSID":"PRIME.PRI-S-1-5-32-548","PrincipalType":"Group","RightName":"GenericAll","IsInherited":false},{"PrincipalSID":"S-1-5-21-1649358021-4281159539-2796419911-512","PrincipalType":"Group","RightName":"GenericAll","IsInherited":false},{"PrincipalSID":"S-1-5-21-1649358021-4281159539-2796419911-519","PrincipalType":"Group","RightName":"GenericAll","IsInherited":true},{"PrincipalSID":"PRIME.PRI-S-1-5-32-544","PrincipalType":"Group","RightName":"WriteDacl","IsInherited":true},{"PrincipalSID":"PRIME.PRI-S-1-5-32-544","PrincipalType":"Group","RightName":"WriteOwner","IsInherited":true},{"PrincipalSID":"PRIME.PRI-S-1-5-32-544","PrincipalType":"Group","RightName":"GenericWrite","IsInherited":true}],"ObjectIdentifier":"PRIME.PRI-S-1-5-32-545","IsDeleted":false,"IsACLProtected":false},{"Properties":{"name":"AUTHENTICATED USERS@PRIME.PRI","domainsid":"S-1-5-21-1649358021-4281159539-2796419911","domain":"PRIME.PRI"},"Members":[],"Aces":[],"ObjectIdentifier":"PRIME.PRI-S-1-5-11","IsDeleted":false,"IsACLProtected":false},{"Properties":{"name":"INCOMING FOREST TRUST BUILDERS@PRIME.PRI","domainsid":"S-1-5-21-1649358021-4281159539-2796419911","domain":"PRIME.PRI"},"Members":[],"Aces":[],"ObjectIdentifier":"PRIME.PRI-S-1-5-32-557","IsDeleted":false,"IsACLProtected":false},{"Properties":{"name":"EVERYONE@PRIME.PRI","domainsid":"S-1-5-21-1649358021-4281159539-2796419911","domain":"PRIME.PRI"},"Members":[],"Aces":[],"ObjectIdentifier":"PRIME.PRI-S-1-1-0","IsDeleted":false,"IsACLProtected":false},{"Properties":{"name":"INTERACTIVE@PRIME.PRI","domainsid":"S-1-5-21-1649358021-4281159539-2796419911","domain":"PRIME.PRI"},"Members":[],"Aces":[],"ObjectIdentifier":"PRIME.PRI-S-1-5-4","IsDeleted":false,"IsACLProtected":false},{"Properties":{"name":"THIS ORGANIZATION @PRIME.PRI","domainsid":"S-1-5-21-1649358021-4281159539-2796419911","domain":"PRIME.PRI"},"Members":[],"Aces":[],"ObjectIdentifier":"PRIME.PRI-S-1-5-17","IsDeleted":false,"IsACLProtected":false},{"Properties":{"name":"PRINT OPERATORS@PRIME.PRI","domainsid":"S-1-5-21-1649358021-4281159539-2796419911","domain":"PRIME.PRI"},"Members":[],"Aces":[],"ObjectIdentifier":"PRIME.PRI-S-1-5-32-550","IsDeleted":false,"IsACLProtected":false},{"Properties":{"name":"PRE-WINDOWS 2000 COMPATIBLE ACCESS@PRIME.PRI","domainsid":"S-1-5-21-1649358021-4281159539-2796419911","domain":"PRIME.PRI"},"Members":[],"Aces":[],"ObjectIdentifier":"PRIME.PRI-S-1-5-32-554","IsDeleted":false,"IsACLProtected":false},{"Properties":{"name":"ADMINISTRATORS@PRIME.PRI","domainsid":"S-1-5-21-1649358021-4281159539-2796419911","domain":"PRIME.PRI"},"Members":[],"Aces":[],"ObjectIdentifier":"PRIME.PRI-S-1-5-32-544","IsDeleted":false,"IsACLProtected":false},{"Properties":{"name":"ACCOUNT OPERATORS@PRIME.PRI","domainsid":"S-1-5-21-1649358021-4281159539-2796419911","domain":"PRIME.PRI"},"Members":[],"Aces":[],"ObjectIdentifier":"PRIME.PRI-S-1-5-32-548","IsDeleted":false,"IsACLProtected":false},{"Properties":{"name":"WINDOWS AUTHORIZATION ACCESS GROUP@PRIME.PRI","domainsid":"S-1-5-21-1649358021-4281159539-2796419911","domain":"PRIME.PRI"},"Members":[],"Aces":[],"ObjectIdentifier":"PRIME.PRI-S-1-5-32-560","IsDeleted":false,"IsACLProtected":false},{"Properties":{"name":"ENTERPRISE DOMAIN CONTROLLERS@PRIME.PRI","domainsid":"S-1-5-21-1649358021-4281159539-2796419911","domain":"PRIME.PRI"},"Members":[],"Aces":[],"ObjectIdentifier":"PRIME.PRI-S-1-5-9","IsDeleted":false,"IsACLProtected":false},{"Properties":{"name":"TERMINAL SERVER LICENSE SERVERS@PRIME.PRI","domainsid":"S-1-5-21-1649358021-4281159539-2796419911","domain":"PRIME.PRI"},"Members":[],"Aces":[],"ObjectIdentifier":"PRIME.PRI-S-1-5-32-561","IsDeleted":false,"IsACLProtected":false},{"Properties":{"name":"ENTERPRISE DOMAIN CONTROLLERS@PRIME.PRI","domainsid":"S-1-5-21-1649358021-4281159539-2796419911","domain":"prime.pri"},"Members":[{"ObjectIdentifier":"S-1-5-21-1649358021-4281159539-2796419911-1105","ObjectType":"Computer"},{"ObjectIdentifier":"S-1-5-21-1649358021-4281159539-2796419911-1000","ObjectType":"Computer"}],"Aces":[],"ObjectIdentifier":"PRIME.PRI-S-1-5-9","IsDeleted":false,"IsACLProtected":false}],"meta":{"methods":29695,"type":"groups","count":61,"version":5}}