﻿{"data":[{"Links":[],"ChildObjects":[{"ObjectIdentifier":"S-1-5-21-2710360183-3931155306-2783742369-3143","ObjectType":"User"}],"Aces":[{"PrincipalSID":"S-1-5-21-2710360183-3931155306-2783742369-512","PrincipalType":"Group","RightName":"Owns","IsInherited":false},{"PrincipalSID":"S-1-5-21-2710360183-3931155306-2783742369-512","PrincipalType":"Group","RightName":"GenericAll","IsInherited":false},{"PrincipalSID":"S-1-5-21-2710360183-3931155306-2783742369-519","PrincipalType":"Group","RightName":"GenericAll","IsInherited":true},{"PrincipalSID":"PRIME.PRI-S-1-5-32-544","PrincipalType":"Group","RightName":"WriteDacl","IsInherited":true},{"PrincipalSID":"PRIME.PRI-S-1-5-32-544","PrincipalType":"Group","RightName":"WriteOwner","IsInherited":true}],"ObjectIdentifier":"52147876-E360-45E8-839B-59AE42692C60","IsDeleted":false,"IsACLProtected":false,"GPOChanges":{"LocalAdmins":[],"RemoteDesktopUsers":[],"DcomUsers":[],"PSRemoteUsers":[],"AffectedComputers":[]},"Properties":{"domain":"PRIME.PRI","name":"LUZERN@PRIME.PRI","distinguishedname":"OU=LUZERN,DC=PRIME,DC=PRI","domainsid":"S-1-5-21-2710360183-3931155306-2783742369","highvalue":false,"description":null,"whencreated":1638441875,"blocksinheritance":false}},{"Links":[],"ChildObjects":[{"ObjectIdentifier":"S-1-5-21-2710360183-3931155306-2783742369-1107","ObjectType":"User"},{"ObjectIdentifier":"S-1-5-21-2710360183-3931155306-2783742369-1109","ObjectType":"User"},{"ObjectIdentifier":"S-1-5-21-2710360183-3931155306-2783742369-1110","ObjectType":"User"},{"ObjectIdentifier":"S-1-5-21-2710360183-3931155306-2783742369-1108","ObjectType":"User"}],"Aces":[{"PrincipalSID":"S-1-5-21-2710360183-3931155306-2783742369-512","PrincipalType":"Group","RightName":"Owns","IsInherited":false},{"PrincipalSID":"S-1-5-21-2710360183-3931155306-2783742369-512","PrincipalType":"Group","RightName":"GenericAll","IsInherited":false},{"PrincipalSID":"S-1-5-21-2710360183-3931155306-2783742369-519","PrincipalType":"Group","RightName":"GenericAll","IsInherited":true},{"PrincipalSID":"PRIME.PRI-S-1-5-32-544","PrincipalType":"Group","RightName":"WriteDacl","IsInherited":true},{"PrincipalSID":"PRIME.PRI-S-1-5-32-544","PrincipalType":"Group","RightName":"WriteOwner","IsInherited":true}],"ObjectIdentifier":"6971E102-508C-4B4F-96AC-A9A17FC360D4","IsDeleted":false,"IsACLProtected":false,"GPOChanges":{"LocalAdmins":[],"RemoteDesktopUsers":[],"DcomUsers":[],"PSRemoteUsers":[],"AffectedComputers":[]},"Properties":{"domain":"PRIME.PRI","name":"USERS@PRIME.PRI","distinguishedname":"OU=USERS,OU=MICROSOFT365,DC=PRIME,DC=PRI","domainsid":"S-1-5-21-2710360183-3931155306-2783742369","highvalue":false,"description":null,"whencreated":1636818443,"blocksinheritance":false}},{"Links":[],"ChildObjects":[{"ObjectIdentifier":"24C2E64D-3CA0-4FAA-93AE-925DF7D337D2","ObjectType":"OU"},{"ObjectIdentifier":"EB9507AB-0B12-4D91-85C2-E89356C3D65C","ObjectType":"OU"},{"ObjectIdentifier":"6971E102-508C-4B4F-96AC-A9A17FC360D4","ObjectType":"OU"}],"Aces":[{"PrincipalSID":"S-1-5-21-2710360183-3931155306-2783742369-512","PrincipalType":"Group","RightName":"Owns","IsInherited":false},{"PrincipalSID":"S-1-5-21-2710360183-3931155306-2783742369-512","PrincipalType":"Group","RightName":"GenericAll","IsInherited":false},{"PrincipalSID":"S-1-5-21-2710360183-3931155306-2783742369-519","PrincipalType":"Group","RightName":"GenericAll","IsInherited":true},{"PrincipalSID":"PRIME.PRI-S-1-5-32-544","PrincipalType":"Group","RightName":"WriteDacl","IsInherited":true},{"PrincipalSID":"PRIME.PRI-S-1-5-32-544","PrincipalType":"Group","RightName":"WriteOwner","IsInherited":true}],"ObjectIdentifier":"EF5B5290-F3A7-4530-BC63-9EE4941B9EF7","IsDeleted":false,"IsACLProtected":false,"GPOChanges":{"LocalAdmins":[],"RemoteDesktopUsers":[],"DcomUsers":[],"PSRemoteUsers":[],"AffectedComputers":[]},"Properties":{"domain":"PRIME.PRI","name":"MICROSOFT365@PRIME.PRI","distinguishedname":"OU=MICROSOFT365,DC=PRIME,DC=PRI","domainsid":"S-1-5-21-2710360183-3931155306-2783742369","highvalue":false,"description":null,"whencreated":1636818425,"blocksinheritance":false}},{"Links":[],"ChildObjects":[],"Aces":[{"PrincipalSID":"S-1-5-21-2710360183-3931155306-2783742369-512","PrincipalType":"Group","RightName":"Owns","IsInherited":false},{"PrincipalSID":"S-1-5-21-2710360183-3931155306-2783742369-512","PrincipalType":"Group","RightName":"GenericAll","IsInherited":false},{"PrincipalSID":"S-1-5-21-2710360183-3931155306-2783742369-519","PrincipalType":"Group","RightName":"GenericAll","IsInherited":true},{"PrincipalSID":"PRIME.PRI-S-1-5-32-544","PrincipalType":"Group","RightName":"WriteDacl","IsInherited":true},{"PrincipalSID":"PRIME.PRI-S-1-5-32-544","PrincipalType":"Group","RightName":"WriteOwner","IsInherited":true}],"ObjectIdentifier":"EB9507AB-0B12-4D91-85C2-E89356C3D65C","IsDeleted":false,"IsACLProtected":false,"GPOChanges":{"LocalAdmins":[],"RemoteDesktopUsers":[],"DcomUsers":[],"PSRemoteUsers":[],"AffectedComputers":[]},"Properties":{"domain":"PRIME.PRI","name":"MOBILE@PRIME.PRI","distinguishedname":"OU=MOBILE,OU=MICROSOFT365,DC=PRIME,DC=PRI","domainsid":"S-1-5-21-2710360183-3931155306-2783742369","highvalue":false,"description":null,"whencreated":1636818452,"blocksinheritance":false}},{"Links":[],"ChildObjects":[],"Aces":[{"PrincipalSID":"S-1-5-21-2710360183-3931155306-2783742369-512","PrincipalType":"Group","RightName":"Owns","IsInherited":false},{"PrincipalSID":"S-1-5-21-2710360183-3931155306-2783742369-512","PrincipalType":"Group","RightName":"GenericAll","IsInherited":false},{"PrincipalSID":"S-1-5-21-2710360183-3931155306-2783742369-519","PrincipalType":"Group","RightName":"GenericAll","IsInherited":true},{"PrincipalSID":"PRIME.PRI-S-1-5-32-544","PrincipalType":"Group","RightName":"WriteDacl","IsInherited":true},{"PrincipalSID":"PRIME.PRI-S-1-5-32-544","PrincipalType":"Group","RightName":"WriteOwner","IsInherited":true}],"ObjectIdentifier":"24C2E64D-3CA0-4FAA-93AE-925DF7D337D2","IsDeleted":false,"IsACLProtected":false,"GPOChanges":{"LocalAdmins":[],"RemoteDesktopUsers":[],"DcomUsers":[],"PSRemoteUsers":[],"AffectedComputers":[]},"Properties":{"domain":"PRIME.PRI","name":"DESKTOP@PRIME.PRI","distinguishedname":"OU=DESKTOP,OU=MICROSOFT365,DC=PRIME,DC=PRI","domainsid":"S-1-5-21-2710360183-3931155306-2783742369","highvalue":false,"description":null,"whencreated":1636818436,"blocksinheritance":false}},{"Links":[],"ChildObjects":[{"ObjectIdentifier":"S-1-5-21-2710360183-3931155306-2783742369-1103","ObjectType":"Computer"},{"ObjectIdentifier":"S-1-5-21-2710360183-3931155306-2783742369-1104","ObjectType":"Computer"}],"Aces":[{"PrincipalSID":"S-1-5-21-2710360183-3931155306-2783742369-512","PrincipalType":"Group","RightName":"Owns","IsInherited":false},{"PrincipalSID":"S-1-5-21-2710360183-3931155306-2783742369-512","PrincipalType":"Group","RightName":"GenericAll","IsInherited":false},{"PrincipalSID":"S-1-5-21-2710360183-3931155306-2783742369-519","PrincipalType":"Group","RightName":"GenericAll","IsInherited":true},{"PrincipalSID":"PRIME.PRI-S-1-5-32-544","PrincipalType":"Group","RightName":"WriteDacl","IsInherited":true},{"PrincipalSID":"PRIME.PRI-S-1-5-32-544","PrincipalType":"Group","RightName":"WriteOwner","IsInherited":true}],"ObjectIdentifier":"FCA3870B-E148-42D1-BEA4-31F36D792F75","IsDeleted":false,"IsACLProtected":false,"GPOChanges":{"LocalAdmins":[],"RemoteDesktopUsers":[],"DcomUsers":[],"PSRemoteUsers":[],"AffectedComputers":[]},"Properties":{"domain":"PRIME.PRI","name":"SERVER@PRIME.PRI","distinguishedname":"OU=SERVER,OU=MECM,DC=PRIME,DC=PRI","domainsid":"S-1-5-21-2710360183-3931155306-2783742369","highvalue":false,"description":null,"whencreated":1636818385,"blocksinheritance":false}},{"Links":[{"IsEnforced":false,"GUID":"377FAC53-5738-4206-9C33-CF2420D1335E"},{"IsEnforced":false,"GUID":"8C745559-06CE-4791-900B-06106AA3DF28"}],"ChildObjects":[{"ObjectIdentifier":"S-1-5-21-2710360183-3931155306-2783742369-1105","ObjectType":"Computer"},{"ObjectIdentifier":"S-1-5-21-2710360183-3931155306-2783742369-1106","ObjectType":"Computer"}],"Aces":[{"PrincipalSID":"S-1-5-21-2710360183-3931155306-2783742369-512","PrincipalType":"Group","RightName":"Owns","IsInherited":false},{"PrincipalSID":"S-1-5-21-2710360183-3931155306-2783742369-512","PrincipalType":"Group","RightName":"GenericAll","IsInherited":false},{"PrincipalSID":"S-1-5-21-2710360183-3931155306-2783742369-519","PrincipalType":"Group","RightName":"GenericAll","IsInherited":true},{"PrincipalSID":"PRIME.PRI-S-1-5-32-544","PrincipalType":"Group","RightName":"WriteDacl","IsInherited":true},{"PrincipalSID":"PRIME.PRI-S-1-5-32-544","PrincipalType":"Group","RightName":"WriteOwner","IsInherited":true}],"ObjectIdentifier":"81E51BB1-D2F3-4143-A58C-128BF85AEE38","IsDeleted":false,"IsACLProtected":false,"GPOChanges":{"LocalAdmins":[],"RemoteDesktopUsers":[],"DcomUsers":[],"PSRemoteUsers":[],"AffectedComputers":[{"ObjectIdentifier":"S-1-5-21-2710360183-3931155306-2783742369-1105","ObjectType":"Computer"},{"ObjectIdentifier":"S-1-5-21-2710360183-3931155306-2783742369-1106","ObjectType":"Computer"}]},"Properties":{"domain":"PRIME.PRI","name":"CLIENTS@PRIME.PRI","distinguishedname":"OU=CLIENTS,OU=MECM,DC=PRIME,DC=PRI","domainsid":"S-1-5-21-2710360183-3931155306-2783742369","highvalue":false,"description":null,"whencreated":1636818398,"blocksinheritance":false}},{"Links":[{"IsEnforced":false,"GUID":"2A606850-0C3E-4CEE-8D8E-929DE9AE9DC4"}],"ChildObjects":[{"ObjectIdentifier":"S-1-5-21-2710360183-3931155306-2783742369-1000","ObjectType":"Computer"}],"Aces":[{"PrincipalSID":"S-1-5-21-2710360183-3931155306-2783742369-512","PrincipalType":"Group","RightName":"Owns","IsInherited":false},{"PrincipalSID":"S-1-5-21-2710360183-3931155306-2783742369-512","PrincipalType":"Group","RightName":"WriteDacl","IsInherited":false},{"PrincipalSID":"S-1-5-21-2710360183-3931155306-2783742369-512","PrincipalType":"Group","RightName":"WriteOwner","IsInherited":false},{"PrincipalSID":"S-1-5-21-2710360183-3931155306-2783742369-519","PrincipalType":"Group","RightName":"GenericAll","IsInherited":true},{"PrincipalSID":"PRIME.PRI-S-1-5-32-544","PrincipalType":"Group","RightName":"WriteDacl","IsInherited":true},{"PrincipalSID":"PRIME.PRI-S-1-5-32-544","PrincipalType":"Group","RightName":"WriteOwner","IsInherited":true}],"ObjectIdentifier":"C9722905-C579-4F28-8D07-8CF899535004","IsDeleted":false,"IsACLProtected":false,"GPOChanges":{"LocalAdmins":[],"RemoteDesktopUsers":[],"DcomUsers":[],"PSRemoteUsers":[],"AffectedComputers":[{"ObjectIdentifier":"S-1-5-21-2710360183-3931155306-2783742369-1000","ObjectType":"Computer"}]},"Properties":{"domain":"PRIME.PRI","name":"DOMAIN CONTROLLERS@PRIME.PRI","distinguishedname":"OU=DOMAIN CONTROLLERS,DC=PRIME,DC=PRI","domainsid":"S-1-5-21-2710360183-3931155306-2783742369","highvalue":false,"description":"Default container for domain controllers","whencreated":1636119858,"blocksinheritance":false}},{"Links":[{"IsEnforced":false,"GUID":"EEBB18A7-FFC0-46CE-9AB7-6C97991B6E35"},{"IsEnforced":false,"GUID":"1441CFF6-9896-4570-AC18-8364B3F57892"}],"ChildObjects":[{"ObjectIdentifier":"81E51BB1-D2F3-4143-A58C-128BF85AEE38","ObjectType":"OU"},{"ObjectIdentifier":"S-1-5-21-2710360183-3931155306-2783742369-1614","ObjectType":"User"},{"ObjectIdentifier":"S-1-5-21-2710360183-3931155306-2783742369-1612","ObjectType":"Group"},{"ObjectIdentifier":"S-1-5-21-2710360183-3931155306-2783742369-3184","ObjectType":"Group"},{"ObjectIdentifier":"S-1-5-21-2710360183-3931155306-2783742369-1613","ObjectType":"Group"},{"ObjectIdentifier":"FCA3870B-E148-42D1-BEA4-31F36D792F75","ObjectType":"OU"}],"Aces":[{"PrincipalSID":"S-1-5-21-2710360183-3931155306-2783742369-512","PrincipalType":"Group","RightName":"Owns","IsInherited":false},{"PrincipalSID":"S-1-5-21-2710360183-3931155306-2783742369-512","PrincipalType":"Group","RightName":"GenericAll","IsInherited":false},{"PrincipalSID":"S-1-5-21-2710360183-3931155306-2783742369-519","PrincipalType":"Group","RightName":"GenericAll","IsInherited":true},{"PrincipalSID":"PRIME.PRI-S-1-5-32-544","PrincipalType":"Group","RightName":"WriteDacl","IsInherited":true},{"PrincipalSID":"PRIME.PRI-S-1-5-32-544","PrincipalType":"Group","RightName":"WriteOwner","IsInherited":true}],"ObjectIdentifier":"74C48007-75E6-43AC-B1B4-D29C5BD4698E","IsDeleted":false,"IsACLProtected":false,"GPOChanges":{"LocalAdmins":[{"ObjectIdentifier":"S-1-5-21-2710360183-3931155306-2783742369-1613","ObjectType":"Group"}],"RemoteDesktopUsers":[],"DcomUsers":[],"PSRemoteUsers":[],"AffectedComputers":[{"ObjectIdentifier":"S-1-5-21-2710360183-3931155306-2783742369-1103","ObjectType":"Computer"},{"ObjectIdentifier":"S-1-5-21-2710360183-3931155306-2783742369-1104","ObjectType":"Computer"},{"ObjectIdentifier":"S-1-5-21-2710360183-3931155306-2783742369-1105","ObjectType":"Computer"},{"ObjectIdentifier":"S-1-5-21-2710360183-3931155306-2783742369-1106","ObjectType":"Computer"}]},"Properties":{"domain":"PRIME.PRI","name":"MECM@PRIME.PRI","distinguishedname":"OU=MECM,DC=PRIME,DC=PRI","domainsid":"S-1-5-21-2710360183-3931155306-2783742369","highvalue":false,"description":null,"whencreated":1636818372,"blocksinheritance":false}}],"meta":{"methods":21503,"type":"ous","count":9,"version":4}}