﻿{"data":[{"PrimaryGroupSID":"S-1-5-21-2710360183-3931155306-2783742369-515","AllowedToDelegate":[],"AllowedToAct":[],"HasSIDHistory":[],"Sessions":{"Results":[],"Collected":false,"FailureReason":null},"PrivilegedSessions":{"Results":[],"Collected":false,"FailureReason":null},"RegistrySessions":{"Results":[],"Collected":false,"FailureReason":null},"LocalAdmins":{"Results":[],"Collected":false,"FailureReason":null},"RemoteDesktopUsers":{"Results":[],"Collected":false,"FailureReason":null},"DcomUsers":{"Results":[],"Collected":false,"FailureReason":null},"PSRemoteUsers":{"Results":[],"Collected":false,"FailureReason":null},"Status":null,"Aces":[{"PrincipalSID":"S-1-5-21-2710360183-3931155306-2783742369-512","PrincipalType":"Group","RightName":"Owns","IsInherited":false},{"PrincipalSID":"PRIME.PRI-S-1-5-32-548","PrincipalType":"Group","RightName":"GenericAll","IsInherited":false},{"PrincipalSID":"S-1-5-21-2710360183-3931155306-2783742369-512","PrincipalType":"Group","RightName":"GenericAll","IsInherited":false},{"PrincipalSID":"S-1-5-21-2710360183-3931155306-2783742369-526","PrincipalType":"Group","RightName":"AddKeyCredentialLink","IsInherited":true},{"PrincipalSID":"S-1-5-21-2710360183-3931155306-2783742369-527","PrincipalType":"Group","RightName":"AddKeyCredentialLink","IsInherited":true},{"PrincipalSID":"S-1-5-21-2710360183-3931155306-2783742369-519","PrincipalType":"Group","RightName":"GenericAll","IsInherited":true},{"PrincipalSID":"PRIME.PRI-S-1-5-32-544","PrincipalType":"Group","RightName":"WriteDacl","IsInherited":true},{"PrincipalSID":"PRIME.PRI-S-1-5-32-544","PrincipalType":"Group","RightName":"WriteOwner","IsInherited":true},{"PrincipalSID":"PRIME.PRI-S-1-5-32-544","PrincipalType":"Group","RightName":"GenericWrite","IsInherited":true}],"ObjectIdentifier":"S-1-5-21-2710360183-3931155306-2783742369-1103","IsDeleted":false,"IsACLProtected":false,"Properties":{"domain":"PRIME.PRI","name":"CM01.PRIME.PRI","distinguishedname":"CN=CM01,OU=SERVER,OU=MECM,DC=PRIME,DC=PRI","domainsid":"S-1-5-21-2710360183-3931155306-2783742369","highvalue":false,"haslaps":false,"description":null,"whencreated":1636209280,"enabled":true,"unconstraineddelegation":false,"trustedtoauth":false,"lastlogon":1663916115,"lastlogontimestamp":1663588833,"pwdlastset":1663589699,"serviceprincipalnames":["WSMAN/cm01","WSMAN/cm01.prime.pri","TERMSRV/CM01","TERMSRV/cm01.prime.pri","RestrictedKrbHost/CM01","HOST/CM01","RestrictedKrbHost/cm01.prime.pri","HOST/cm01.prime.pri"],"operatingsystem":"Windows Server 2019 Datacenter Evaluation","sidhistory":[]}},{"PrimaryGroupSID":"S-1-5-21-2710360183-3931155306-2783742369-515","AllowedToDelegate":[],"AllowedToAct":[],"HasSIDHistory":[],"Sessions":{"Results":[],"Collected":false,"FailureReason":null},"PrivilegedSessions":{"Results":[],"Collected":false,"FailureReason":null},"RegistrySessions":{"Results":[],"Collected":false,"FailureReason":null},"LocalAdmins":{"Results":[],"Collected":false,"FailureReason":null},"RemoteDesktopUsers":{"Results":[],"Collected":false,"FailureReason":null},"DcomUsers":{"Results":[],"Collected":false,"FailureReason":null},"PSRemoteUsers":{"Results":[],"Collected":false,"FailureReason":null},"Status":null,"Aces":[{"PrincipalSID":"S-1-5-21-2710360183-3931155306-2783742369-512","PrincipalType":"Group","RightName":"Owns","IsInherited":false},{"PrincipalSID":"S-1-5-21-2710360183-3931155306-2783742369-512","PrincipalType":"Group","RightName":"GenericAll","IsInherited":false},{"PrincipalSID":"S-1-5-21-2710360183-3931155306-2783742369-519","PrincipalType":"Group","RightName":"GenericAll","IsInherited":false}],"ObjectIdentifier":"S-1-5-21-2710360183-3931155306-2783742369-3182","IsDeleted":false,"IsACLProtected":true,"Properties":{"domain":"PRIME.PRI","name":"AZUREADSSOACC.PRIME.PRI","distinguishedname":"CN=AZUREADSSOACC,CN=COMPUTERS,DC=PRIME,DC=PRI","domainsid":"S-1-5-21-2710360183-3931155306-2783742369","highvalue":false,"haslaps":false,"description":null,"whencreated":1647705794,"enabled":true,"unconstraineddelegation":false,"trustedtoauth":false,"lastlogon":0,"lastlogontimestamp":-1,"pwdlastset":1647702194,"serviceprincipalnames":["HTTP/www.tm.a.prd.aadg.akadns.net","HTTP/www.tm.a.prd.aadg.trafficmanager.net","HTTP/aadg.windows.net.nsatc.net","HTTP/autologon.prda.aadg.msidentity.com","HTTP/autologon.microsoftazuread-sso.com","RestrictedKrbHost/www.tm.a.prd.aadg.akadns.net","RestrictedKrbHost/www.tm.a.prd.aadg.trafficmanager.net","RestrictedKrbHost/aadg.windows.net.nsatc.net","RestrictedKrbHost/autologon.prda.aadg.msidentity.com","RestrictedKrbHost/autologon.microsoftazuread-sso.com"],"operatingsystem":null,"sidhistory":[]}},{"PrimaryGroupSID":"S-1-5-21-2710360183-3931155306-2783742369-515","AllowedToDelegate":[],"AllowedToAct":[],"HasSIDHistory":[],"Sessions":{"Results":[],"Collected":false,"FailureReason":null},"PrivilegedSessions":{"Results":[],"Collected":false,"FailureReason":null},"RegistrySessions":{"Results":[],"Collected":false,"FailureReason":null},"LocalAdmins":{"Results":[],"Collected":false,"FailureReason":null},"RemoteDesktopUsers":{"Results":[],"Collected":false,"FailureReason":null},"DcomUsers":{"Results":[],"Collected":false,"FailureReason":null},"PSRemoteUsers":{"Results":[],"Collected":false,"FailureReason":null},"Status":null,"Aces":[{"PrincipalSID":"S-1-5-21-2710360183-3931155306-2783742369-512","PrincipalType":"Group","RightName":"Owns","IsInherited":false},{"PrincipalSID":"PRIME.PRI-S-1-5-32-548","PrincipalType":"Group","RightName":"GenericAll","IsInherited":false},{"PrincipalSID":"S-1-5-21-2710360183-3931155306-2783742369-512","PrincipalType":"Group","RightName":"GenericAll","IsInherited":false},{"PrincipalSID":"S-1-5-21-2710360183-3931155306-2783742369-526","PrincipalType":"Group","RightName":"AddKeyCredentialLink","IsInherited":true},{"PrincipalSID":"S-1-5-21-2710360183-3931155306-2783742369-527","PrincipalType":"Group","RightName":"AddKeyCredentialLink","IsInherited":true},{"PrincipalSID":"S-1-5-21-2710360183-3931155306-2783742369-519","PrincipalType":"Group","RightName":"GenericAll","IsInherited":true},{"PrincipalSID":"PRIME.PRI-S-1-5-32-544","PrincipalType":"Group","RightName":"WriteDacl","IsInherited":true},{"PrincipalSID":"PRIME.PRI-S-1-5-32-544","PrincipalType":"Group","RightName":"WriteOwner","IsInherited":true},{"PrincipalSID":"PRIME.PRI-S-1-5-32-544","PrincipalType":"Group","RightName":"GenericWrite","IsInherited":true}],"ObjectIdentifier":"S-1-5-21-2710360183-3931155306-2783742369-1104","IsDeleted":false,"IsACLProtected":false,"Properties":{"domain":"PRIME.PRI","name":"FS01.PRIME.PRI","distinguishedname":"CN=FS01,OU=SERVER,OU=MECM,DC=PRIME,DC=PRI","domainsid":"S-1-5-21-2710360183-3931155306-2783742369","highvalue":false,"haslaps":false,"description":null,"whencreated":1636472204,"enabled":true,"unconstraineddelegation":false,"trustedtoauth":false,"lastlogon":1663916120,"lastlogontimestamp":1663588843,"pwdlastset":1663589707,"serviceprincipalnames":["WSMAN/fs01","WSMAN/fs01.prime.pri","TERMSRV/FS01","TERMSRV/fs01.prime.pri","RestrictedKrbHost/FS01","HOST/FS01","RestrictedKrbHost/fs01.prime.pri","HOST/fs01.prime.pri"],"operatingsystem":"Windows Server 2019 Datacenter Evaluation","sidhistory":[]}},{"PrimaryGroupSID":"S-1-5-21-2710360183-3931155306-2783742369-516","AllowedToDelegate":[],"AllowedToAct":[],"HasSIDHistory":[],"Sessions":{"Results":[],"Collected":false,"FailureReason":null},"PrivilegedSessions":{"Results":[],"Collected":false,"FailureReason":null},"RegistrySessions":{"Results":[],"Collected":false,"FailureReason":null},"LocalAdmins":{"Results":[],"Collected":false,"FailureReason":null},"RemoteDesktopUsers":{"Results":[],"Collected":false,"FailureReason":null},"DcomUsers":{"Results":[],"Collected":false,"FailureReason":null},"PSRemoteUsers":{"Results":[],"Collected":false,"FailureReason":null},"Status":null,"Aces":[{"PrincipalSID":"S-1-5-21-2710360183-3931155306-2783742369-512","PrincipalType":"Group","RightName":"Owns","IsInherited":false},{"PrincipalSID":"S-1-5-21-2710360183-3931155306-2783742369-512","PrincipalType":"Group","RightName":"GenericAll","IsInherited":false},{"PrincipalSID":"S-1-5-21-2710360183-3931155306-2783742369-526","PrincipalType":"Group","RightName":"AddKeyCredentialLink","IsInherited":true},{"PrincipalSID":"S-1-5-21-2710360183-3931155306-2783742369-527","PrincipalType":"Group","RightName":"AddKeyCredentialLink","IsInherited":true},{"PrincipalSID":"S-1-5-21-2710360183-3931155306-2783742369-519","PrincipalType":"Group","RightName":"GenericAll","IsInherited":true},{"PrincipalSID":"PRIME.PRI-S-1-5-32-544","PrincipalType":"Group","RightName":"WriteDacl","IsInherited":true},{"PrincipalSID":"PRIME.PRI-S-1-5-32-544","PrincipalType":"Group","RightName":"WriteOwner","IsInherited":true},{"PrincipalSID":"PRIME.PRI-S-1-5-32-544","PrincipalType":"Group","RightName":"GenericWrite","IsInherited":true}],"ObjectIdentifier":"S-1-5-21-2710360183-3931155306-2783742369-1000","IsDeleted":false,"IsACLProtected":false,"Properties":{"domain":"PRIME.PRI","name":"DC01.PRIME.PRI","distinguishedname":"CN=DC01,OU=DOMAIN CONTROLLERS,DC=PRIME,DC=PRI","domainsid":"S-1-5-21-2710360183-3931155306-2783742369","highvalue":false,"haslaps":false,"description":null,"whencreated":1636119901,"enabled":true,"unconstraineddelegation":true,"trustedtoauth":false,"lastlogon":1683810106,"lastlogontimestamp":1683802219,"pwdlastset":1683802196,"serviceprincipalnames":["Dfsr-12F9A27C-BF97-4787-9364-D31B6C55EB04/dc01.prime.pri","TERMSRV/DC01","TERMSRV/dc01.prime.pri","ldap/dc01.prime.pri/ForestDnsZones.prime.pri","ldap/dc01.prime.pri/DomainDnsZones.prime.pri","DNS/dc01.prime.pri","GC/dc01.prime.pri/prime.pri","RestrictedKrbHost/dc01.prime.pri","RestrictedKrbHost/DC01","RPC/1630c63b-ce73-4517-8f35-8b45e4e5323e._msdcs.prime.pri","HOST/DC01/PRIME","HOST/dc01.prime.pri/PRIME","HOST/DC01","HOST/dc01.prime.pri","HOST/dc01.prime.pri/prime.pri","E3514235-4B06-11D1-AB04-00C04FC2DCD2/1630c63b-ce73-4517-8f35-8b45e4e5323e/prime.pri","ldap/DC01/PRIME","ldap/1630c63b-ce73-4517-8f35-8b45e4e5323e._msdcs.prime.pri","ldap/dc01.prime.pri/PRIME","ldap/DC01","ldap/dc01.prime.pri","ldap/dc01.prime.pri/prime.pri"],"operatingsystem":"Windows Server 2019 Datacenter Evaluation","sidhistory":[]}},{"PrimaryGroupSID":"S-1-5-21-2710360183-3931155306-2783742369-515","AllowedToDelegate":[],"AllowedToAct":[],"HasSIDHistory":[],"Sessions":{"Results":[],"Collected":true,"FailureReason":null},"PrivilegedSessions":{"Results":[{"UserSID":"S-1-5-21-2710360183-3931155306-2783742369-500","ComputerSID":"S-1-5-21-2710360183-3931155306-2783742369-1106"}],"Collected":true,"FailureReason":null},"RegistrySessions":{"Results":[],"Collected":false,"FailureReason":"The network path was not found.\r\n"},"LocalAdmins":{"Results":[{"ObjectIdentifier":"S-1-5-21-2710360183-3931155306-2783742369-512","ObjectType":"Group"},{"ObjectIdentifier":"S-1-5-21-2710360183-3931155306-2783742369-1613","ObjectType":"Group"}],"Collected":true,"FailureReason":null},"RemoteDesktopUsers":{"Results":[],"Collected":true,"FailureReason":null},"DcomUsers":{"Results":[],"Collected":true,"FailureReason":null},"PSRemoteUsers":{"Results":[],"Collected":true,"FailureReason":null},"Status":null,"Aces":[{"PrincipalSID":"S-1-5-21-2710360183-3931155306-2783742369-512","PrincipalType":"Group","RightName":"Owns","IsInherited":false},{"PrincipalSID":"PRIME.PRI-S-1-5-32-548","PrincipalType":"Group","RightName":"GenericAll","IsInherited":false},{"PrincipalSID":"S-1-5-21-2710360183-3931155306-2783742369-512","PrincipalType":"Group","RightName":"GenericAll","IsInherited":false},{"PrincipalSID":"S-1-5-21-2710360183-3931155306-2783742369-3184","PrincipalType":"Group","RightName":"ReadLAPSPassword","IsInherited":true},{"PrincipalSID":"S-1-5-21-2710360183-3931155306-2783742369-526","PrincipalType":"Group","RightName":"AddKeyCredentialLink","IsInherited":true},{"PrincipalSID":"S-1-5-21-2710360183-3931155306-2783742369-527","PrincipalType":"Group","RightName":"AddKeyCredentialLink","IsInherited":true},{"PrincipalSID":"S-1-5-21-2710360183-3931155306-2783742369-519","PrincipalType":"Group","RightName":"GenericAll","IsInherited":true},{"PrincipalSID":"PRIME.PRI-S-1-5-32-544","PrincipalType":"Group","RightName":"WriteDacl","IsInherited":true},{"PrincipalSID":"PRIME.PRI-S-1-5-32-544","PrincipalType":"Group","RightName":"WriteOwner","IsInherited":true},{"PrincipalSID":"PRIME.PRI-S-1-5-32-544","PrincipalType":"Group","RightName":"AllExtendedRights","IsInherited":true},{"PrincipalSID":"PRIME.PRI-S-1-5-32-544","PrincipalType":"Group","RightName":"GenericWrite","IsInherited":true}],"ObjectIdentifier":"S-1-5-21-2710360183-3931155306-2783742369-1106","IsDeleted":false,"IsACLProtected":false,"Properties":{"domain":"PRIME.PRI","name":"CL02.PRIME.PRI","distinguishedname":"CN=CL02,OU=CLIENTS,OU=MECM,DC=PRIME,DC=PRI","domainsid":"S-1-5-21-2710360183-3931155306-2783742369","highvalue":false,"haslaps":true,"description":null,"whencreated":1636540342,"enabled":true,"unconstraineddelegation":false,"trustedtoauth":false,"lastlogon":1683813622,"lastlogontimestamp":1683803364,"pwdlastset":1683803364,"serviceprincipalnames":["WSMAN/cl02","WSMAN/cl02.prime.pri","TERMSRV/CL02","TERMSRV/cl02.prime.pri","RestrictedKrbHost/CL02","HOST/CL02","RestrictedKrbHost/cl02.prime.pri","HOST/cl02.prime.pri"],"operatingsystem":"Windows 10 Enterprise Evaluation","sidhistory":[]}},{"PrimaryGroupSID":"S-1-5-21-2710360183-3931155306-2783742369-515","AllowedToDelegate":[],"AllowedToAct":[],"HasSIDHistory":[],"Sessions":{"Results":[],"Collected":false,"FailureReason":null},"PrivilegedSessions":{"Results":[],"Collected":false,"FailureReason":null},"RegistrySessions":{"Results":[],"Collected":false,"FailureReason":null},"LocalAdmins":{"Results":[],"Collected":false,"FailureReason":null},"RemoteDesktopUsers":{"Results":[],"Collected":false,"FailureReason":null},"DcomUsers":{"Results":[],"Collected":false,"FailureReason":null},"PSRemoteUsers":{"Results":[],"Collected":false,"FailureReason":null},"Status":null,"Aces":[{"PrincipalSID":"S-1-5-21-2710360183-3931155306-2783742369-512","PrincipalType":"Group","RightName":"Owns","IsInherited":false},{"PrincipalSID":"PRIME.PRI-S-1-5-32-548","PrincipalType":"Group","RightName":"GenericAll","IsInherited":false},{"PrincipalSID":"S-1-5-21-2710360183-3931155306-2783742369-512","PrincipalType":"Group","RightName":"GenericAll","IsInherited":false},{"PrincipalSID":"S-1-5-21-2710360183-3931155306-2783742369-526","PrincipalType":"Group","RightName":"AddKeyCredentialLink","IsInherited":true},{"PrincipalSID":"S-1-5-21-2710360183-3931155306-2783742369-527","PrincipalType":"Group","RightName":"AddKeyCredentialLink","IsInherited":true},{"PrincipalSID":"S-1-5-21-2710360183-3931155306-2783742369-519","PrincipalType":"Group","RightName":"GenericAll","IsInherited":true},{"PrincipalSID":"PRIME.PRI-S-1-5-32-544","PrincipalType":"Group","RightName":"WriteDacl","IsInherited":true},{"PrincipalSID":"PRIME.PRI-S-1-5-32-544","PrincipalType":"Group","RightName":"WriteOwner","IsInherited":true},{"PrincipalSID":"PRIME.PRI-S-1-5-32-544","PrincipalType":"Group","RightName":"GenericWrite","IsInherited":true}],"ObjectIdentifier":"S-1-5-21-2710360183-3931155306-2783742369-1105","IsDeleted":false,"IsACLProtected":false,"Properties":{"domain":"PRIME.PRI","name":"CL01.PRIME.PRI","distinguishedname":"CN=CL01,OU=CLIENTS,OU=MECM,DC=PRIME,DC=PRI","domainsid":"S-1-5-21-2710360183-3931155306-2783742369","highvalue":false,"haslaps":false,"description":null,"whencreated":1636540229,"enabled":true,"unconstraineddelegation":false,"trustedtoauth":false,"lastlogon":1683805109,"lastlogontimestamp":1683803048,"pwdlastset":1683803950,"serviceprincipalnames":["WSMAN/cl01","WSMAN/cl01.prime.pri","TERMSRV/CL01","TERMSRV/cl01.prime.pri","RestrictedKrbHost/CL01","HOST/CL01","RestrictedKrbHost/cl01.prime.pri","HOST/cl01.prime.pri"],"operatingsystem":"Windows 10 Enterprise Evaluation","sidhistory":[]}}],"meta":{"methods":21503,"type":"computers","count":6,"version":4}}