﻿{"data":[{"GPOChanges":{"LocalAdmins":[],"RemoteDesktopUsers":[],"DcomUsers":[],"PSRemoteUsers":[],"AffectedComputers":[]},"Properties":{"domain":"PRIME.PRI","name":"DIENSTKONTEN@PRIME.PRI","distinguishedname":"OU=DIENSTKONTEN,DC=PRIME,DC=PRI","domainsid":"S-1-5-21-1649358021-4281159539-2796419911","highvalue":false,"description":null,"whencreated":1686751430,"blocksinheritance":false},"Links":[],"ChildObjects":[{"ObjectIdentifier":"S-1-5-21-1649358021-4281159539-2796419911-1109","ObjectType":"User"},{"ObjectIdentifier":"S-1-5-21-1649358021-4281159539-2796419911-1107","ObjectType":"User"}],"Aces":[{"PrincipalSID":"S-1-5-21-1649358021-4281159539-2796419911-512","PrincipalType":"Group","RightName":"Owns","IsInherited":false},{"PrincipalSID":"S-1-5-21-1649358021-4281159539-2796419911-512","PrincipalType":"Group","RightName":"GenericAll","IsInherited":false},{"PrincipalSID":"S-1-5-21-1649358021-4281159539-2796419911-519","PrincipalType":"Group","RightName":"GenericAll","IsInherited":true},{"PrincipalSID":"PRIME.PRI-S-1-5-32-544","PrincipalType":"Group","RightName":"WriteDacl","IsInherited":true},{"PrincipalSID":"PRIME.PRI-S-1-5-32-544","PrincipalType":"Group","RightName":"WriteOwner","IsInherited":true}],"ObjectIdentifier":"A6E2C059-F2E3-4599-A358-A525326EA3E1","IsDeleted":false,"IsACLProtected":false},{"GPOChanges":{"LocalAdmins":[],"RemoteDesktopUsers":[],"DcomUsers":[],"PSRemoteUsers":[],"AffectedComputers":[]},"Properties":{"domain":"PRIME.PRI","name":"SERVERS@PRIME.PRI","distinguishedname":"OU=SERVERS,DC=PRIME,DC=PRI","domainsid":"S-1-5-21-1649358021-4281159539-2796419911","highvalue":false,"description":null,"whencreated":1686751390,"blocksinheritance":false},"Links":[],"ChildObjects":[{"ObjectIdentifier":"S-1-5-21-1649358021-4281159539-2796419911-1106","ObjectType":"Computer"}],"Aces":[{"PrincipalSID":"S-1-5-21-1649358021-4281159539-2796419911-512","PrincipalType":"Group","RightName":"Owns","IsInherited":false},{"PrincipalSID":"S-1-5-21-1649358021-4281159539-2796419911-512","PrincipalType":"Group","RightName":"GenericAll","IsInherited":false},{"PrincipalSID":"S-1-5-21-1649358021-4281159539-2796419911-519","PrincipalType":"Group","RightName":"GenericAll","IsInherited":true},{"PrincipalSID":"PRIME.PRI-S-1-5-32-544","PrincipalType":"Group","RightName":"WriteDacl","IsInherited":true},{"PrincipalSID":"PRIME.PRI-S-1-5-32-544","PrincipalType":"Group","RightName":"WriteOwner","IsInherited":true}],"ObjectIdentifier":"2BAAA715-47E5-4212-9BE5-54B4E0D94F5F","IsDeleted":false,"IsACLProtected":false},{"GPOChanges":{"LocalAdmins":[],"RemoteDesktopUsers":[],"DcomUsers":[],"PSRemoteUsers":[],"AffectedComputers":[]},"Properties":{"domain":"PRIME.PRI","name":"BENUTZER@PRIME.PRI","distinguishedname":"OU=BENUTZER,DC=PRIME,DC=PRI","domainsid":"S-1-5-21-1649358021-4281159539-2796419911","highvalue":false,"description":null,"whencreated":1686728138,"blocksinheritance":false},"Links":[],"ChildObjects":[{"ObjectIdentifier":"S-1-5-21-1649358021-4281159539-2796419911-1108","ObjectType":"User"},{"ObjectIdentifier":"S-1-5-21-1649358021-4281159539-2796419911-1104","ObjectType":"User"}],"Aces":[{"PrincipalSID":"S-1-5-21-1649358021-4281159539-2796419911-512","PrincipalType":"Group","RightName":"Owns","IsInherited":false},{"PrincipalSID":"S-1-5-21-1649358021-4281159539-2796419911-512","PrincipalType":"Group","RightName":"GenericAll","IsInherited":false},{"PrincipalSID":"S-1-5-21-1649358021-4281159539-2796419911-519","PrincipalType":"Group","RightName":"GenericAll","IsInherited":true},{"PrincipalSID":"PRIME.PRI-S-1-5-32-544","PrincipalType":"Group","RightName":"WriteDacl","IsInherited":true},{"PrincipalSID":"PRIME.PRI-S-1-5-32-544","PrincipalType":"Group","RightName":"WriteOwner","IsInherited":true}],"ObjectIdentifier":"6826C279-E055-443B-9137-EA697956ECBF","IsDeleted":false,"IsACLProtected":false},{"GPOChanges":{"LocalAdmins":[],"RemoteDesktopUsers":[],"DcomUsers":[],"PSRemoteUsers":[],"AffectedComputers":[]},"Properties":{"domain":"PRIME.PRI","name":"DESKTOPS@PRIME.PRI","distinguishedname":"OU=DESKTOPS,DC=PRIME,DC=PRI","domainsid":"S-1-5-21-1649358021-4281159539-2796419911","highvalue":false,"description":null,"whencreated":1686751409,"blocksinheritance":false},"Links":[],"ChildObjects":[{"ObjectIdentifier":"S-1-5-21-1649358021-4281159539-2796419911-1103","ObjectType":"Computer"}],"Aces":[{"PrincipalSID":"S-1-5-21-1649358021-4281159539-2796419911-512","PrincipalType":"Group","RightName":"Owns","IsInherited":false},{"PrincipalSID":"S-1-5-21-1649358021-4281159539-2796419911-512","PrincipalType":"Group","RightName":"GenericAll","IsInherited":false},{"PrincipalSID":"S-1-5-21-1649358021-4281159539-2796419911-519","PrincipalType":"Group","RightName":"GenericAll","IsInherited":true},{"PrincipalSID":"PRIME.PRI-S-1-5-32-544","PrincipalType":"Group","RightName":"WriteDacl","IsInherited":true},{"PrincipalSID":"PRIME.PRI-S-1-5-32-544","PrincipalType":"Group","RightName":"WriteOwner","IsInherited":true}],"ObjectIdentifier":"A13BDE98-770E-4C02-8F47-A82CD65DB252","IsDeleted":false,"IsACLProtected":false},{"GPOChanges":{"LocalAdmins":[],"RemoteDesktopUsers":[],"DcomUsers":[],"PSRemoteUsers":[],"AffectedComputers":[{"ObjectIdentifier":"S-1-5-21-1649358021-4281159539-2796419911-1000","ObjectType":"Computer"}]},"Properties":{"domain":"PRIME.PRI","name":"DOMAIN CONTROLLERS@PRIME.PRI","distinguishedname":"OU=DOMAIN CONTROLLERS,DC=PRIME,DC=PRI","domainsid":"S-1-5-21-1649358021-4281159539-2796419911","highvalue":false,"description":"Default container for domain controllers","whencreated":1686665246,"blocksinheritance":false},"Links":[{"IsEnforced":false,"GUID":"3805E9C7-C2E2-4136-A56F-D8362E245062"}],"ChildObjects":[{"ObjectIdentifier":"S-1-5-21-1649358021-4281159539-2796419911-1000","ObjectType":"Computer"}],"Aces":[{"PrincipalSID":"S-1-5-21-1649358021-4281159539-2796419911-512","PrincipalType":"Group","RightName":"Owns","IsInherited":false},{"PrincipalSID":"S-1-5-21-1649358021-4281159539-2796419911-512","PrincipalType":"Group","RightName":"WriteDacl","IsInherited":false},{"PrincipalSID":"S-1-5-21-1649358021-4281159539-2796419911-512","PrincipalType":"Group","RightName":"WriteOwner","IsInherited":false},{"PrincipalSID":"S-1-5-21-1649358021-4281159539-2796419911-519","PrincipalType":"Group","RightName":"GenericAll","IsInherited":true},{"PrincipalSID":"PRIME.PRI-S-1-5-32-544","PrincipalType":"Group","RightName":"WriteDacl","IsInherited":true},{"PrincipalSID":"PRIME.PRI-S-1-5-32-544","PrincipalType":"Group","RightName":"WriteOwner","IsInherited":true}],"ObjectIdentifier":"E9380C17-5899-4718-9C82-36B7003D8BFD","IsDeleted":false,"IsACLProtected":false}],"meta":{"methods":29695,"type":"ous","count":5,"version":5}}