﻿{"data":[{"ChildObjects":[],"Aces":[{"PrincipalSID":"S-1-5-21-2710360183-3931155306-2783742369-512","PrincipalType":"Group","RightName":"Owns","IsInherited":false},{"PrincipalSID":"S-1-5-21-2710360183-3931155306-2783742369-512","PrincipalType":"Group","RightName":"WriteDacl","IsInherited":false},{"PrincipalSID":"S-1-5-21-2710360183-3931155306-2783742369-512","PrincipalType":"Group","RightName":"WriteOwner","IsInherited":false},{"PrincipalSID":"S-1-5-21-2710360183-3931155306-2783742369-519","PrincipalType":"Group","RightName":"GenericAll","IsInherited":true},{"PrincipalSID":"PRIME.PRI-S-1-5-32-544","PrincipalType":"Group","RightName":"WriteDacl","IsInherited":true},{"PrincipalSID":"PRIME.PRI-S-1-5-32-544","PrincipalType":"Group","RightName":"WriteOwner","IsInherited":true}],"ObjectIdentifier":"0BE48638-09FE-498C-B8B1-8FF09DC44648","IsDeleted":false,"IsACLProtected":false,"Properties":{"domain":"PRIME.PRI","name":"SYSTEM@PRIME.PRI","distinguishedname":"CN=SYSTEM,DC=PRIME,DC=PRI","domainsid":"S-1-5-21-2710360183-3931155306-2783742369","highvalue":false}},{"ChildObjects":[],"Aces":[{"PrincipalSID":"S-1-5-21-2710360183-3931155306-2783742369-512","PrincipalType":"Group","RightName":"Owns","IsInherited":false},{"PrincipalSID":"S-1-5-21-2710360183-3931155306-2783742369-512","PrincipalType":"Group","RightName":"GenericAll","IsInherited":false},{"PrincipalSID":"S-1-5-21-2710360183-3931155306-2783742369-519","PrincipalType":"Group","RightName":"GenericAll","IsInherited":false}],"ObjectIdentifier":"C54A6FFF-D879-45D7-97F4-655512C7C571","IsDeleted":false,"IsACLProtected":true,"Properties":{"domain":"PRIME.PRI","name":"WMIPOLICY@PRIME.PRI","distinguishedname":"CN=WMIPOLICY,CN=SYSTEM,DC=PRIME,DC=PRI","domainsid":"S-1-5-21-2710360183-3931155306-2783742369","highvalue":false}},{"ChildObjects":[],"Aces":[{"PrincipalSID":"S-1-5-21-2710360183-3931155306-2783742369-512","PrincipalType":"Group","RightName":"Owns","IsInherited":false},{"PrincipalSID":"S-1-5-21-2710360183-3931155306-2783742369-512","PrincipalType":"Group","RightName":"WriteDacl","IsInherited":false},{"PrincipalSID":"S-1-5-21-2710360183-3931155306-2783742369-512","PrincipalType":"Group","RightName":"WriteOwner","IsInherited":false},{"PrincipalSID":"S-1-5-21-2710360183-3931155306-2783742369-519","PrincipalType":"Group","RightName":"GenericAll","IsInherited":true},{"PrincipalSID":"PRIME.PRI-S-1-5-32-544","PrincipalType":"Group","RightName":"WriteDacl","IsInherited":true},{"PrincipalSID":"PRIME.PRI-S-1-5-32-544","PrincipalType":"Group","RightName":"WriteOwner","IsInherited":true}],"ObjectIdentifier":"39183B40-7998-42D0-9AEB-040241EAC932","IsDeleted":false,"IsACLProtected":false,"Properties":{"domain":"PRIME.PRI","name":"IP SECURITY@PRIME.PRI","distinguishedname":"CN=IP SECURITY,CN=SYSTEM,DC=PRIME,DC=PRI","domainsid":"S-1-5-21-2710360183-3931155306-2783742369","highvalue":false}},{"ChildObjects":[],"Aces":[{"PrincipalSID":"S-1-5-21-2710360183-3931155306-2783742369-512","PrincipalType":"Group","RightName":"Owns","IsInherited":false},{"PrincipalSID":"S-1-5-21-2710360183-3931155306-2783742369-512","PrincipalType":"Group","RightName":"WriteDacl","IsInherited":false},{"PrincipalSID":"S-1-5-21-2710360183-3931155306-2783742369-512","PrincipalType":"Group","RightName":"WriteOwner","IsInherited":false},{"PrincipalSID":"S-1-5-21-2710360183-3931155306-2783742369-519","PrincipalType":"Group","RightName":"GenericAll","IsInherited":true},{"PrincipalSID":"PRIME.PRI-S-1-5-32-544","PrincipalType":"Group","RightName":"WriteDacl","IsInherited":true},{"PrincipalSID":"PRIME.PRI-S-1-5-32-544","PrincipalType":"Group","RightName":"WriteOwner","IsInherited":true}],"ObjectIdentifier":"C85500B4-5043-4C86-8035-9C8CF27D0444","IsDeleted":false,"IsACLProtected":false,"Properties":{"domain":"PRIME.PRI","name":"RPCSERVICES@PRIME.PRI","distinguishedname":"CN=RPCSERVICES,CN=SYSTEM,DC=PRIME,DC=PRI","domainsid":"S-1-5-21-2710360183-3931155306-2783742369","highvalue":false}},{"ChildObjects":[],"Aces":[{"PrincipalSID":"S-1-5-21-2710360183-3931155306-2783742369-512","PrincipalType":"Group","RightName":"Owns","IsInherited":false},{"PrincipalSID":"PRIME.PRI-S-1-5-9","PrincipalType":"Group","RightName":"GenericAll","IsInherited":false},{"PrincipalSID":"S-1-5-21-2710360183-3931155306-2783742369-512","PrincipalType":"Group","RightName":"GenericAll","IsInherited":false},{"PrincipalSID":"S-1-5-21-2710360183-3931155306-2783742369-516","PrincipalType":"Group","RightName":"GenericAll","IsInherited":false},{"PrincipalSID":"S-1-5-21-2710360183-3931155306-2783742369-519","PrincipalType":"Group","RightName":"GenericAll","IsInherited":false},{"PrincipalSID":"S-1-5-21-2710360183-3931155306-2783742369-526","PrincipalType":"Group","RightName":"GenericAll","IsInherited":false},{"PrincipalSID":"S-1-5-21-2710360183-3931155306-2783742369-527","PrincipalType":"Group","RightName":"GenericAll","IsInherited":false}],"ObjectIdentifier":"92A06030-1CB0-4D9B-A3C7-EC13F6BFADF6","IsDeleted":false,"IsACLProtected":true,"Properties":{"domain":"PRIME.PRI","name":"KEYS@PRIME.PRI","distinguishedname":"CN=KEYS,DC=PRIME,DC=PRI","domainsid":"S-1-5-21-2710360183-3931155306-2783742369","highvalue":false}},{"ChildObjects":[],"Aces":[{"PrincipalSID":"S-1-5-21-2710360183-3931155306-2783742369-512","PrincipalType":"Group","RightName":"Owns","IsInherited":false},{"PrincipalSID":"S-1-5-21-2710360183-3931155306-2783742369-512","PrincipalType":"Group","RightName":"WriteDacl","IsInherited":false},{"PrincipalSID":"S-1-5-21-2710360183-3931155306-2783742369-512","PrincipalType":"Group","RightName":"WriteOwner","IsInherited":false},{"PrincipalSID":"S-1-5-21-2710360183-3931155306-2783742369-519","PrincipalType":"Group","RightName":"GenericAll","IsInherited":true},{"PrincipalSID":"S-1-5-21-2710360183-3931155306-2783742369-512","PrincipalType":"Group","RightName":"GenericAll","IsInherited":true}],"ObjectIdentifier":"F7C0709C-8D1E-4DAE-8B91-290FD38827AD","IsDeleted":false,"IsACLProtected":false,"Properties":{"domain":"PRIME.PRI","name":"POLICYTEMPLATE@PRIME.PRI","distinguishedname":"CN=POLICYTEMPLATE,CN=WMIPOLICY,CN=SYSTEM,DC=PRIME,DC=PRI","domainsid":"S-1-5-21-2710360183-3931155306-2783742369","highvalue":false}},{"ChildObjects":[],"Aces":[{"PrincipalSID":"S-1-5-21-2710360183-3931155306-2783742369-512","PrincipalType":"Group","RightName":"Owns","IsInherited":false},{"PrincipalSID":"S-1-5-21-2710360183-3931155306-2783742369-512","PrincipalType":"Group","RightName":"WriteDacl","IsInherited":false},{"PrincipalSID":"S-1-5-21-2710360183-3931155306-2783742369-512","PrincipalType":"Group","RightName":"WriteOwner","IsInherited":false},{"PrincipalSID":"S-1-5-21-2710360183-3931155306-2783742369-519","PrincipalType":"Group","RightName":"GenericAll","IsInherited":true},{"PrincipalSID":"PRIME.PRI-S-1-5-32-544","PrincipalType":"Group","RightName":"WriteDacl","IsInherited":true},{"PrincipalSID":"PRIME.PRI-S-1-5-32-544","PrincipalType":"Group","RightName":"WriteOwner","IsInherited":true}],"ObjectIdentifier":"5234F6CE-76A6-4C76-9268-AAC7C3056A3E","IsDeleted":false,"IsACLProtected":false,"Properties":{"domain":"PRIME.PRI","name":"COMPARTITIONSETS@PRIME.PRI","distinguishedname":"CN=COMPARTITIONSETS,CN=SYSTEM,DC=PRIME,DC=PRI","domainsid":"S-1-5-21-2710360183-3931155306-2783742369","highvalue":false}},{"ChildObjects":[],"Aces":[{"PrincipalSID":"S-1-5-21-2710360183-3931155306-2783742369-512","PrincipalType":"Group","RightName":"Owns","IsInherited":false},{"PrincipalSID":"PRIME.PRI-S-1-5-32-544","PrincipalType":"Group","RightName":"WriteDacl","IsInherited":false},{"PrincipalSID":"PRIME.PRI-S-1-5-32-544","PrincipalType":"Group","RightName":"WriteOwner","IsInherited":false},{"PrincipalSID":"S-1-5-21-2710360183-3931155306-2783742369-512","PrincipalType":"Group","RightName":"WriteDacl","IsInherited":false},{"PrincipalSID":"S-1-5-21-2710360183-3931155306-2783742369-512","PrincipalType":"Group","RightName":"WriteOwner","IsInherited":false},{"PrincipalSID":"S-1-5-21-2710360183-3931155306-2783742369-519","PrincipalType":"Group","RightName":"WriteDacl","IsInherited":false},{"PrincipalSID":"S-1-5-21-2710360183-3931155306-2783742369-519","PrincipalType":"Group","RightName":"WriteOwner","IsInherited":false},{"PrincipalSID":"S-1-5-21-2710360183-3931155306-2783742369-1109","PrincipalType":"User","RightName":"GenericAll","IsInherited":false},{"PrincipalSID":"S-1-5-21-2710360183-3931155306-2783742369-3686","PrincipalType":"User","RightName":"GenericAll","IsInherited":false}],"ObjectIdentifier":"6F361A67-51EC-4B40-AD66-13CC509248B1","IsDeleted":false,"IsACLProtected":true,"Properties":{"domain":"PRIME.PRI","name":"ADMINSDHOLDER@PRIME.PRI","distinguishedname":"CN=ADMINSDHOLDER,CN=SYSTEM,DC=PRIME,DC=PRI","domainsid":"S-1-5-21-2710360183-3931155306-2783742369","highvalue":false}},{"ChildObjects":[],"Aces":[{"PrincipalSID":"S-1-5-21-2710360183-3931155306-2783742369-512","PrincipalType":"Group","RightName":"Owns","IsInherited":false},{"PrincipalSID":"S-1-5-21-2710360183-3931155306-2783742369-553","PrincipalType":"Group","RightName":"WriteDacl","IsInherited":false},{"PrincipalSID":"S-1-5-21-2710360183-3931155306-2783742369-553","PrincipalType":"Group","RightName":"WriteOwner","IsInherited":false},{"PrincipalSID":"S-1-5-21-2710360183-3931155306-2783742369-519","PrincipalType":"Group","RightName":"GenericAll","IsInherited":true},{"PrincipalSID":"PRIME.PRI-S-1-5-32-544","PrincipalType":"Group","RightName":"WriteDacl","IsInherited":true},{"PrincipalSID":"PRIME.PRI-S-1-5-32-544","PrincipalType":"Group","RightName":"WriteOwner","IsInherited":true}],"ObjectIdentifier":"2F53F17E-705E-4C47-A669-55E2173D5EDE","IsDeleted":false,"IsACLProtected":false,"Properties":{"domain":"PRIME.PRI","name":"RAS AND IAS SERVERS ACCESS CHECK@PRIME.PRI","distinguishedname":"CN=RAS AND IAS SERVERS ACCESS CHECK,CN=SYSTEM,DC=PRIME,DC=PRI","domainsid":"S-1-5-21-2710360183-3931155306-2783742369","highvalue":false}},{"ChildObjects":[],"Aces":[{"PrincipalSID":"PRIME.PRI-S-1-5-9","PrincipalType":"Group","RightName":"WriteDacl","IsInherited":false},{"PrincipalSID":"PRIME.PRI-S-1-5-9","PrincipalType":"Group","RightName":"WriteOwner","IsInherited":false},{"PrincipalSID":"S-1-5-21-2710360183-3931155306-2783742369-512","PrincipalType":"Group","RightName":"GenericAll","IsInherited":false},{"PrincipalSID":"S-1-5-21-2710360183-3931155306-2783742369-1101","PrincipalType":"Group","RightName":"WriteDacl","IsInherited":false},{"PrincipalSID":"S-1-5-21-2710360183-3931155306-2783742369-1101","PrincipalType":"Group","RightName":"WriteOwner","IsInherited":false},{"PrincipalSID":"S-1-5-21-2710360183-3931155306-2783742369-519","PrincipalType":"Group","RightName":"GenericAll","IsInherited":true},{"PrincipalSID":"PRIME.PRI-S-1-5-32-544","PrincipalType":"Group","RightName":"WriteDacl","IsInherited":true},{"PrincipalSID":"PRIME.PRI-S-1-5-32-544","PrincipalType":"Group","RightName":"WriteOwner","IsInherited":true}],"ObjectIdentifier":"07333382-2CEF-4B15-B6B5-03E80784D2C6","IsDeleted":false,"IsACLProtected":false,"Properties":{"domain":"PRIME.PRI","name":"MICROSOFTDNS@PRIME.PRI","distinguishedname":"CN=MICROSOFTDNS,CN=SYSTEM,DC=PRIME,DC=PRI","domainsid":"S-1-5-21-2710360183-3931155306-2783742369","highvalue":false}},{"ChildObjects":[],"Aces":[{"PrincipalSID":"S-1-5-21-2710360183-3931155306-2783742369-512","PrincipalType":"Group","RightName":"Owns","IsInherited":false},{"PrincipalSID":"S-1-5-21-2710360183-3931155306-2783742369-512","PrincipalType":"Group","RightName":"WriteDacl","IsInherited":false},{"PrincipalSID":"S-1-5-21-2710360183-3931155306-2783742369-512","PrincipalType":"Group","RightName":"WriteOwner","IsInherited":false},{"PrincipalSID":"S-1-5-21-2710360183-3931155306-2783742369-519","PrincipalType":"Group","RightName":"GenericAll","IsInherited":true},{"PrincipalSID":"PRIME.PRI-S-1-5-32-544","PrincipalType":"Group","RightName":"WriteDacl","IsInherited":true},{"PrincipalSID":"PRIME.PRI-S-1-5-32-544","PrincipalType":"Group","RightName":"WriteOwner","IsInherited":true}],"ObjectIdentifier":"F5832892-D38E-4552-9BC4-72A3B6ACE81D","IsDeleted":false,"IsACLProtected":false,"Properties":{"domain":"PRIME.PRI","name":"POLICIES@PRIME.PRI","distinguishedname":"CN=POLICIES,CN=SYSTEM,DC=PRIME,DC=PRI","domainsid":"S-1-5-21-2710360183-3931155306-2783742369","highvalue":false}},{"ChildObjects":[],"Aces":[{"PrincipalSID":"S-1-5-21-2710360183-3931155306-2783742369-512","PrincipalType":"Group","RightName":"Owns","IsInherited":false},{"PrincipalSID":"S-1-5-21-2710360183-3931155306-2783742369-512","PrincipalType":"Group","RightName":"WriteDacl","IsInherited":false},{"PrincipalSID":"S-1-5-21-2710360183-3931155306-2783742369-512","PrincipalType":"Group","RightName":"WriteOwner","IsInherited":false},{"PrincipalSID":"S-1-5-21-2710360183-3931155306-2783742369-519","PrincipalType":"Group","RightName":"GenericAll","IsInherited":true},{"PrincipalSID":"S-1-5-21-2710360183-3931155306-2783742369-512","PrincipalType":"Group","RightName":"GenericAll","IsInherited":true}],"ObjectIdentifier":"F4C1903A-EC48-4A70-9AA8-69C0C3318416","IsDeleted":false,"IsACLProtected":false,"Properties":{"domain":"PRIME.PRI","name":"WMIGPO@PRIME.PRI","distinguishedname":"CN=WMIGPO,CN=WMIPOLICY,CN=SYSTEM,DC=PRIME,DC=PRI","domainsid":"S-1-5-21-2710360183-3931155306-2783742369","highvalue":false}},{"ChildObjects":[],"Aces":[{"PrincipalSID":"S-1-5-21-2710360183-3931155306-2783742369-512","PrincipalType":"Group","RightName":"Owns","IsInherited":false},{"PrincipalSID":"S-1-5-21-2710360183-3931155306-2783742369-512","PrincipalType":"Group","RightName":"WriteDacl","IsInherited":false},{"PrincipalSID":"S-1-5-21-2710360183-3931155306-2783742369-512","PrincipalType":"Group","RightName":"WriteOwner","IsInherited":false},{"PrincipalSID":"S-1-5-21-2710360183-3931155306-2783742369-519","PrincipalType":"Group","RightName":"GenericAll","IsInherited":true},{"PrincipalSID":"PRIME.PRI-S-1-5-32-544","PrincipalType":"Group","RightName":"WriteDacl","IsInherited":true},{"PrincipalSID":"PRIME.PRI-S-1-5-32-544","PrincipalType":"Group","RightName":"WriteOwner","IsInherited":true}],"ObjectIdentifier":"14A48D8A-F22E-4D58-AADA-75066AEA8C8D","IsDeleted":false,"IsACLProtected":false,"Properties":{"domain":"PRIME.PRI","name":"MEETINGS@PRIME.PRI","distinguishedname":"CN=MEETINGS,CN=SYSTEM,DC=PRIME,DC=PRI","domainsid":"S-1-5-21-2710360183-3931155306-2783742369","highvalue":false}},{"ChildObjects":[],"Aces":[{"PrincipalSID":"S-1-5-21-2710360183-3931155306-2783742369-512","PrincipalType":"Group","RightName":"Owns","IsInherited":false},{"PrincipalSID":"S-1-5-21-2710360183-3931155306-2783742369-512","PrincipalType":"Group","RightName":"WriteDacl","IsInherited":false},{"PrincipalSID":"S-1-5-21-2710360183-3931155306-2783742369-512","PrincipalType":"Group","RightName":"WriteOwner","IsInherited":false},{"PrincipalSID":"S-1-5-21-2710360183-3931155306-2783742369-519","PrincipalType":"Group","RightName":"GenericAll","IsInherited":true},{"PrincipalSID":"PRIME.PRI-S-1-5-32-544","PrincipalType":"Group","RightName":"WriteDacl","IsInherited":true},{"PrincipalSID":"PRIME.PRI-S-1-5-32-544","PrincipalType":"Group","RightName":"WriteOwner","IsInherited":true}],"ObjectIdentifier":"E8D3BA80-323D-430A-A698-C502583D7A09","IsDeleted":false,"IsACLProtected":false,"Properties":{"domain":"PRIME.PRI","name":"COMPARTITIONS@PRIME.PRI","distinguishedname":"CN=COMPARTITIONS,CN=SYSTEM,DC=PRIME,DC=PRI","domainsid":"S-1-5-21-2710360183-3931155306-2783742369","highvalue":false}},{"ChildObjects":[],"Aces":[{"PrincipalSID":"S-1-5-21-2710360183-3931155306-2783742369-512","PrincipalType":"Group","RightName":"Owns","IsInherited":false},{"PrincipalSID":"S-1-5-21-2710360183-3931155306-2783742369-512","PrincipalType":"Group","RightName":"GenericAll","IsInherited":false},{"PrincipalSID":"S-1-5-21-2710360183-3931155306-2783742369-519","PrincipalType":"Group","RightName":"GenericAll","IsInherited":true},{"PrincipalSID":"PRIME.PRI-S-1-5-32-544","PrincipalType":"Group","RightName":"WriteDacl","IsInherited":true},{"PrincipalSID":"PRIME.PRI-S-1-5-32-544","PrincipalType":"Group","RightName":"WriteOwner","IsInherited":true}],"ObjectIdentifier":"4633FD06-06DB-492D-968D-9C715081EEBB","IsDeleted":false,"IsACLProtected":false,"Properties":{"domain":"PRIME.PRI","name":"PSPS@PRIME.PRI","distinguishedname":"CN=PSPS,CN=SYSTEM,DC=PRIME,DC=PRI","domainsid":"S-1-5-21-2710360183-3931155306-2783742369","highvalue":false}},{"ChildObjects":[{"ObjectIdentifier":"S-1-5-21-2710360183-3931155306-2783742369-3176","ObjectType":"Base"}],"Aces":[{"PrincipalSID":"S-1-5-21-2710360183-3931155306-2783742369-512","PrincipalType":"Group","RightName":"Owns","IsInherited":false},{"PrincipalSID":"S-1-5-21-2710360183-3931155306-2783742369-512","PrincipalType":"Group","RightName":"WriteDacl","IsInherited":false},{"PrincipalSID":"S-1-5-21-2710360183-3931155306-2783742369-512","PrincipalType":"Group","RightName":"WriteOwner","IsInherited":false},{"PrincipalSID":"S-1-5-21-2710360183-3931155306-2783742369-519","PrincipalType":"Group","RightName":"GenericAll","IsInherited":true},{"PrincipalSID":"PRIME.PRI-S-1-5-32-544","PrincipalType":"Group","RightName":"WriteDacl","IsInherited":true},{"PrincipalSID":"PRIME.PRI-S-1-5-32-544","PrincipalType":"Group","RightName":"WriteOwner","IsInherited":true}],"ObjectIdentifier":"16DDC385-4532-4EE5-8601-93D5DA075711","IsDeleted":false,"IsACLProtected":false,"Properties":{"domain":"PRIME.PRI","name":"MANAGED SERVICE ACCOUNTS@PRIME.PRI","distinguishedname":"CN=MANAGED SERVICE ACCOUNTS,DC=PRIME,DC=PRI","domainsid":"S-1-5-21-2710360183-3931155306-2783742369","highvalue":false}},{"ChildObjects":[],"Aces":[{"PrincipalSID":"S-1-5-21-2710360183-3931155306-2783742369-512","PrincipalType":"Group","RightName":"Owns","IsInherited":false},{"PrincipalSID":"S-1-5-21-2710360183-3931155306-2783742369-512","PrincipalType":"Group","RightName":"WriteDacl","IsInherited":false},{"PrincipalSID":"S-1-5-21-2710360183-3931155306-2783742369-512","PrincipalType":"Group","RightName":"WriteOwner","IsInherited":false},{"PrincipalSID":"S-1-5-21-2710360183-3931155306-2783742369-519","PrincipalType":"Group","RightName":"GenericAll","IsInherited":true},{"PrincipalSID":"PRIME.PRI-S-1-5-32-544","PrincipalType":"Group","RightName":"WriteDacl","IsInherited":true},{"PrincipalSID":"PRIME.PRI-S-1-5-32-544","PrincipalType":"Group","RightName":"WriteOwner","IsInherited":true}],"ObjectIdentifier":"7E8B2AC3-752C-405A-94D6-459F62D3F0AC","IsDeleted":false,"IsACLProtected":false,"Properties":{"domain":"PRIME.PRI","name":"WINSOCKSERVICES@PRIME.PRI","distinguishedname":"CN=WINSOCKSERVICES,CN=SYSTEM,DC=PRIME,DC=PRI","domainsid":"S-1-5-21-2710360183-3931155306-2783742369","highvalue":false}},{"ChildObjects":[],"Aces":[{"PrincipalSID":"S-1-5-21-2710360183-3931155306-2783742369-512","PrincipalType":"Group","RightName":"Owns","IsInherited":false},{"PrincipalSID":"S-1-5-21-2710360183-3931155306-2783742369-512","PrincipalType":"Group","RightName":"GenericAll","IsInherited":false},{"PrincipalSID":"S-1-5-21-2710360183-3931155306-2783742369-519","PrincipalType":"Group","RightName":"GenericAll","IsInherited":true},{"PrincipalSID":"PRIME.PRI-S-1-5-32-544","PrincipalType":"Group","RightName":"WriteDacl","IsInherited":true},{"PrincipalSID":"PRIME.PRI-S-1-5-32-544","PrincipalType":"Group","RightName":"WriteOwner","IsInherited":true}],"ObjectIdentifier":"14780FF6-301F-4DA2-87A3-B6B8491E0116","IsDeleted":false,"IsACLProtected":false,"Properties":{"domain":"PRIME.PRI","name":"MICROSOFT@PRIME.PRI","distinguishedname":"CN=MICROSOFT,CN=PROGRAM DATA,DC=PRIME,DC=PRI","domainsid":"S-1-5-21-2710360183-3931155306-2783742369","highvalue":false}},{"ChildObjects":[],"Aces":[{"PrincipalSID":"S-1-5-21-2710360183-3931155306-2783742369-512","PrincipalType":"Group","RightName":"Owns","IsInherited":false},{"PrincipalSID":"S-1-5-21-2710360183-3931155306-2783742369-512","PrincipalType":"Group","RightName":"GenericAll","IsInherited":false},{"PrincipalSID":"S-1-5-21-2710360183-3931155306-2783742369-519","PrincipalType":"Group","RightName":"GenericAll","IsInherited":true},{"PrincipalSID":"PRIME.PRI-S-1-5-32-544","PrincipalType":"Group","RightName":"WriteDacl","IsInherited":true},{"PrincipalSID":"PRIME.PRI-S-1-5-32-544","PrincipalType":"Group","RightName":"WriteOwner","IsInherited":true}],"ObjectIdentifier":"0862E03B-3CC2-4641-BE4B-378944230716","IsDeleted":false,"IsACLProtected":false,"Properties":{"domain":"PRIME.PRI","name":"PROGRAM DATA@PRIME.PRI","distinguishedname":"CN=PROGRAM DATA,DC=PRIME,DC=PRI","domainsid":"S-1-5-21-2710360183-3931155306-2783742369","highvalue":false}},{"ChildObjects":[],"Aces":[{"PrincipalSID":"S-1-5-21-2710360183-3931155306-2783742369-512","PrincipalType":"Group","RightName":"Owns","IsInherited":false},{"PrincipalSID":"S-1-5-21-2710360183-3931155306-2783742369-512","PrincipalType":"Group","RightName":"WriteDacl","IsInherited":false},{"PrincipalSID":"S-1-5-21-2710360183-3931155306-2783742369-512","PrincipalType":"Group","RightName":"WriteOwner","IsInherited":false},{"PrincipalSID":"S-1-5-21-2710360183-3931155306-2783742369-519","PrincipalType":"Group","RightName":"GenericAll","IsInherited":true},{"PrincipalSID":"S-1-5-21-2710360183-3931155306-2783742369-512","PrincipalType":"Group","RightName":"GenericAll","IsInherited":true}],"ObjectIdentifier":"AB59873F-A747-4245-BDFE-8917773531E3","IsDeleted":false,"IsACLProtected":false,"Properties":{"domain":"PRIME.PRI","name":"POLICYTYPE@PRIME.PRI","distinguishedname":"CN=POLICYTYPE,CN=WMIPOLICY,CN=SYSTEM,DC=PRIME,DC=PRI","domainsid":"S-1-5-21-2710360183-3931155306-2783742369","highvalue":false}},{"ChildObjects":[],"Aces":[{"PrincipalSID":"S-1-5-21-2710360183-3931155306-2783742369-512","PrincipalType":"Group","RightName":"Owns","IsInherited":false},{"PrincipalSID":"S-1-5-21-2710360183-3931155306-2783742369-512","PrincipalType":"Group","RightName":"GenericAll","IsInherited":false},{"PrincipalSID":"S-1-5-21-2710360183-3931155306-2783742369-519","PrincipalType":"Group","RightName":"GenericAll","IsInherited":false}],"ObjectIdentifier":"381D960C-29A8-4C78-ABDD-75B2905A3DBD","IsDeleted":false,"IsACLProtected":true,"Properties":{"domain":"PRIME.PRI","name":"SOM@PRIME.PRI","distinguishedname":"CN=SOM,CN=WMIPOLICY,CN=SYSTEM,DC=PRIME,DC=PRI","domainsid":"S-1-5-21-2710360183-3931155306-2783742369","highvalue":false}},{"ChildObjects":[{"ObjectIdentifier":"S-1-5-21-2710360183-3931155306-2783742369-3182","ObjectType":"Computer"}],"Aces":[{"PrincipalSID":"S-1-5-21-2710360183-3931155306-2783742369-512","PrincipalType":"Group","RightName":"Owns","IsInherited":false},{"PrincipalSID":"S-1-5-21-2710360183-3931155306-2783742369-512","PrincipalType":"Group","RightName":"WriteDacl","IsInherited":false},{"PrincipalSID":"S-1-5-21-2710360183-3931155306-2783742369-512","PrincipalType":"Group","RightName":"WriteOwner","IsInherited":false},{"PrincipalSID":"S-1-5-21-2710360183-3931155306-2783742369-519","PrincipalType":"Group","RightName":"GenericAll","IsInherited":true},{"PrincipalSID":"PRIME.PRI-S-1-5-32-544","PrincipalType":"Group","RightName":"WriteDacl","IsInherited":true},{"PrincipalSID":"PRIME.PRI-S-1-5-32-544","PrincipalType":"Group","RightName":"WriteOwner","IsInherited":true}],"ObjectIdentifier":"A47AD16F-EFDC-4CC4-B906-62622C7AB3F3","IsDeleted":false,"IsACLProtected":false,"Properties":{"domain":"PRIME.PRI","name":"COMPUTERS@PRIME.PRI","distinguishedname":"CN=COMPUTERS,DC=PRIME,DC=PRI","domainsid":"S-1-5-21-2710360183-3931155306-2783742369","highvalue":false}},{"ChildObjects":[],"Aces":[{"PrincipalSID":"S-1-5-21-2710360183-3931155306-2783742369-512","PrincipalType":"Group","RightName":"Owns","IsInherited":false},{"PrincipalSID":"S-1-5-21-2710360183-3931155306-2783742369-512","PrincipalType":"Group","RightName":"GenericAll","IsInherited":false},{"PrincipalSID":"S-1-5-21-2710360183-3931155306-2783742369-519","PrincipalType":"Group","RightName":"GenericAll","IsInherited":true},{"PrincipalSID":"PRIME.PRI-S-1-5-32-544","PrincipalType":"Group","RightName":"WriteDacl","IsInherited":true},{"PrincipalSID":"PRIME.PRI-S-1-5-32-544","PrincipalType":"Group","RightName":"WriteOwner","IsInherited":true}],"ObjectIdentifier":"41AFF534-D8A8-486C-8CD6-BEE689C75002","IsDeleted":false,"IsACLProtected":false,"Properties":{"domain":"PRIME.PRI","name":"FOREIGNSECURITYPRINCIPALS@PRIME.PRI","distinguishedname":"CN=FOREIGNSECURITYPRINCIPALS,DC=PRIME,DC=PRI","domainsid":"S-1-5-21-2710360183-3931155306-2783742369","highvalue":false}},{"ChildObjects":[],"Aces":[{"PrincipalSID":"S-1-5-21-2710360183-3931155306-2783742369-512","PrincipalType":"Group","RightName":"Owns","IsInherited":false},{"PrincipalSID":"S-1-5-21-2710360183-3931155306-2783742369-512","PrincipalType":"Group","RightName":"GenericAll","IsInherited":false},{"PrincipalSID":"S-1-5-21-2710360183-3931155306-2783742369-1103","PrincipalType":"Computer","RightName":"GenericAll","IsInherited":false},{"PrincipalSID":"S-1-5-21-2710360183-3931155306-2783742369-519","PrincipalType":"Group","RightName":"GenericAll","IsInherited":true},{"PrincipalSID":"PRIME.PRI-S-1-5-32-544","PrincipalType":"Group","RightName":"WriteDacl","IsInherited":true},{"PrincipalSID":"PRIME.PRI-S-1-5-32-544","PrincipalType":"Group","RightName":"WriteOwner","IsInherited":true}],"ObjectIdentifier":"155F75C4-859E-4FB9-98E6-98AD7C39999A","IsDeleted":false,"IsACLProtected":false,"Properties":{"domain":"PRIME.PRI","name":"SYSTEM MANAGEMENT@PRIME.PRI","distinguishedname":"CN=SYSTEM MANAGEMENT,CN=SYSTEM,DC=PRIME,DC=PRI","domainsid":"S-1-5-21-2710360183-3931155306-2783742369","highvalue":false}},{"ChildObjects":[{"ObjectIdentifier":"S-1-5-21-2710360183-3931155306-2783742369-500","ObjectType":"User"},{"ObjectIdentifier":"S-1-5-21-2710360183-3931155306-2783742369-3177","ObjectType":"Group"},{"ObjectIdentifier":"S-1-5-21-2710360183-3931155306-2783742369-3179","ObjectType":"Group"},{"ObjectIdentifier":"S-1-5-21-2710360183-3931155306-2783742369-3178","ObjectType":"Group"},{"ObjectIdentifier":"S-1-5-21-2710360183-3931155306-2783742369-3180","ObjectType":"Group"},{"ObjectIdentifier":"S-1-5-21-2710360183-3931155306-2783742369-571","ObjectType":"Group"},{"ObjectIdentifier":"S-1-5-21-2710360183-3931155306-2783742369-517","ObjectType":"Group"},{"ObjectIdentifier":"S-1-5-21-2710360183-3931155306-2783742369-522","ObjectType":"Group"},{"ObjectIdentifier":"S-1-5-21-2710360183-3931155306-2783742369-572","ObjectType":"Group"},{"ObjectIdentifier":"S-1-5-21-2710360183-3931155306-2783742369-1101","ObjectType":"Group"},{"ObjectIdentifier":"S-1-5-21-2710360183-3931155306-2783742369-1102","ObjectType":"Group"},{"ObjectIdentifier":"S-1-5-21-2710360183-3931155306-2783742369-3686","ObjectType":"User"},{"ObjectIdentifier":"S-1-5-21-2710360183-3931155306-2783742369-512","ObjectType":"Group"},{"ObjectIdentifier":"S-1-5-21-2710360183-3931155306-2783742369-515","ObjectType":"Group"},{"ObjectIdentifier":"S-1-5-21-2710360183-3931155306-2783742369-516","ObjectType":"Group"},{"ObjectIdentifier":"S-1-5-21-2710360183-3931155306-2783742369-514","ObjectType":"Group"},{"ObjectIdentifier":"S-1-5-21-2710360183-3931155306-2783742369-513","ObjectType":"Group"},{"ObjectIdentifier":"S-1-5-21-2710360183-3931155306-2783742369-519","ObjectType":"Group"},{"ObjectIdentifier":"S-1-5-21-2710360183-3931155306-2783742369-527","ObjectType":"Group"},{"ObjectIdentifier":"S-1-5-21-2710360183-3931155306-2783742369-498","ObjectType":"Group"},{"ObjectIdentifier":"S-1-5-21-2710360183-3931155306-2783742369-520","ObjectType":"Group"},{"ObjectIdentifier":"S-1-5-21-2710360183-3931155306-2783742369-501","ObjectType":"User"},{"ObjectIdentifier":"S-1-5-21-2710360183-3931155306-2783742369-526","ObjectType":"Group"},{"ObjectIdentifier":"S-1-5-21-2710360183-3931155306-2783742369-502","ObjectType":"User"},{"ObjectIdentifier":"S-1-5-21-2710360183-3931155306-2783742369-3181","ObjectType":"User"},{"ObjectIdentifier":"S-1-5-21-2710360183-3931155306-2783742369-525","ObjectType":"Group"},{"ObjectIdentifier":"S-1-5-21-2710360183-3931155306-2783742369-553","ObjectType":"Group"},{"ObjectIdentifier":"S-1-5-21-2710360183-3931155306-2783742369-521","ObjectType":"Group"},{"ObjectIdentifier":"S-1-5-21-2710360183-3931155306-2783742369-518","ObjectType":"Group"},{"ObjectIdentifier":"S-1-5-21-2710360183-3931155306-2783742369-2640","ObjectType":"User"},{"ObjectIdentifier":"S-1-5-21-2710360183-3931155306-2783742369-3687","ObjectType":"User"},{"ObjectIdentifier":"S-1-5-21-2710360183-3931155306-2783742369-3183","ObjectType":"User"}],"Aces":[{"PrincipalSID":"S-1-5-21-2710360183-3931155306-2783742369-512","PrincipalType":"Group","RightName":"Owns","IsInherited":false},{"PrincipalSID":"S-1-5-21-2710360183-3931155306-2783742369-512","PrincipalType":"Group","RightName":"WriteDacl","IsInherited":false},{"PrincipalSID":"S-1-5-21-2710360183-3931155306-2783742369-512","PrincipalType":"Group","RightName":"WriteOwner","IsInherited":false},{"PrincipalSID":"S-1-5-21-2710360183-3931155306-2783742369-519","PrincipalType":"Group","RightName":"GenericAll","IsInherited":true},{"PrincipalSID":"PRIME.PRI-S-1-5-32-544","PrincipalType":"Group","RightName":"WriteDacl","IsInherited":true},{"PrincipalSID":"PRIME.PRI-S-1-5-32-544","PrincipalType":"Group","RightName":"WriteOwner","IsInherited":true}],"ObjectIdentifier":"F9CB5013-DDF1-461E-8716-F148F22F394A","IsDeleted":false,"IsACLProtected":false,"Properties":{"domain":"PRIME.PRI","name":"USERS@PRIME.PRI","distinguishedname":"CN=USERS,DC=PRIME,DC=PRI","domainsid":"S-1-5-21-2710360183-3931155306-2783742369","highvalue":false}}],"meta":{"methods":21503,"type":"containers","count":25,"version":4}}